[INFO] Scanning for projects...
[INFO] 
[INFO] -------------------------< com.example:kartu >--------------------------
[INFO] Building kartu 0.0.1-SNAPSHOT
[INFO]   from pom.xml
[INFO] --------------------------------[ jar ]---------------------------------
[INFO] 
[INFO] >>> spring-boot:3.4.6:run (default-cli) > test-compile @ kartu >>>
[INFO] 
[INFO] --- resources:3.3.1:resources (default-resources) @ kartu ---
[INFO] Copying 1 resource from src\main\resources to target\classes
[INFO] Copying 44 resources from src\main\resources to target\classes
[INFO] 
[INFO] --- compiler:3.13.0:compile (default-compile) @ kartu ---
[INFO] Nothing to compile - all classes are up to date.
[INFO] 
[INFO] --- resources:3.3.1:testResources (default-testResources) @ kartu ---
[INFO] skip non existing resourceDirectory C:\Users\ThinkPad\Documents\mas hanif\Projekan_semester-pendek\src\test\resources
[INFO] 
[INFO] --- compiler:3.13.0:testCompile (default-testCompile) @ kartu ---
[INFO] Recompiling the module because of changed source code.
[INFO] Compiling 2 source files with javac [debug parameters release 21] to target\test-classes
[INFO] Annotation processing is enabled because one or more processors were found
  on the class path. A future release of javac may disable annotation processing
  unless at least one processor is specified by name (-processor), or a search
  path is specified (--processor-path, --processor-module-path), or annotation
  processing is enabled explicitly (-proc:only, -proc:full).
  Use -Xlint:-options to suppress this message.
  Use -proc:none to disable annotation processing.
[INFO] 
[INFO] <<< spring-boot:3.4.6:run (default-cli) < test-compile @ kartu <<<
[INFO] 
[INFO] 
[INFO] --- spring-boot:3.4.6:run (default-cli) @ kartu ---
[INFO] Attaching agents: []

  .   ____          _            __ _ _
 /\\ / ___'_ __ _ _(_)_ __  __ _ \ \ \ \
( ( )\___ | '_ | '_| | '_ \/ _` | \ \ \ \
 \\/  ___)| |_)| | | | | || (_| |  ) ) ) )
  '  |____| .__|_| |_|_| |_\__, | / / / /
 =========|_|==============|___/=/_/_/_/

 :: Spring Boot ::                (v3.4.6)

2026-08-13T10:55:25.157+07:00  INFO 16492 --- [  restartedMain] com.example.kartu.KartuApplication       : Starting KartuApplication using Java 21.0.12 with PID 16492 (C:\Users\ThinkPad\Documents\mas hanif\Projekan_semester-pendek\target\classes started by YuuAshura in C:\Users\ThinkPad\Documents\mas hanif\Projekan_semester-pendek)
2026-08-13T10:55:25.157+07:00  INFO 16492 --- [  restartedMain] com.example.kartu.KartuApplication       : No active profile set, falling back to 1 default profile: "default"
2026-08-13T10:55:25.207+07:00  INFO 16492 --- [  restartedMain] .e.DevToolsPropertyDefaultsPostProcessor : Devtools property defaults active! Set 'spring.devtools.add-properties' to 'false' to disable
2026-08-13T10:55:25.207+07:00  INFO 16492 --- [  restartedMain] .e.DevToolsPropertyDefaultsPostProcessor : For additional web related logging consider setting the 'logging.level.web' property to 'DEBUG'
2026-08-13T10:55:25.919+07:00  INFO 16492 --- [  restartedMain] .s.d.r.c.RepositoryConfigurationDelegate : Bootstrapping Spring Data JPA repositories in DEFAULT mode.
2026-08-13T10:55:26.017+07:00  INFO 16492 --- [  restartedMain] .s.d.r.c.RepositoryConfigurationDelegate : Finished Spring Data repository scanning in 71 ms. Found 7 JPA repository interfaces.
2026-08-13T10:55:26.579+07:00  INFO 16492 --- [  restartedMain] o.s.b.w.embedded.tomcat.TomcatWebServer  : Tomcat initialized with port 8080 (http)
2026-08-13T10:55:26.613+07:00  INFO 16492 --- [  restartedMain] o.apache.catalina.core.StandardService   : Starting service [Tomcat]
2026-08-13T10:55:26.615+07:00  INFO 16492 --- [  restartedMain] o.apache.catalina.core.StandardEngine    : Starting Servlet engine: [Apache Tomcat/10.1.41]
2026-08-13T10:55:26.657+07:00  INFO 16492 --- [  restartedMain] o.a.c.c.C.[Tomcat].[localhost].[/]       : Initializing Spring embedded WebApplicationContext
2026-08-13T10:55:26.658+07:00  INFO 16492 --- [  restartedMain] w.s.c.ServletWebServerApplicationContext : Root WebApplicationContext: initialization completed in 1451 ms
2026-08-13T10:55:26.802+07:00  INFO 16492 --- [  restartedMain] o.hibernate.jpa.internal.util.LogHelper  : HHH000204: Processing PersistenceUnitInfo [name: default]
2026-08-13T10:55:26.847+07:00  INFO 16492 --- [  restartedMain] org.hibernate.Version                    : HHH000412: Hibernate ORM core version 6.6.15.Final
2026-08-13T10:55:26.870+07:00  INFO 16492 --- [  restartedMain] o.h.c.internal.RegionFactoryInitiator    : HHH000026: Second-level cache disabled
2026-08-13T10:55:26.947+07:00 DEBUG 16492 --- [  restartedMain] org.hibernate.type.BasicTypeRegistry     : Adding type registration boolean -> org.hibernate.type.BasicTypeReference@d3312b1
2026-08-13T10:55:26.947+07:00 DEBUG 16492 --- [  restartedMain] org.hibernate.type.BasicTypeRegistry     : Adding type registration boolean -> org.hibernate.type.BasicTypeReference@d3312b1
2026-08-13T10:55:26.947+07:00 DEBUG 16492 --- [  restartedMain] org.hibernate.type.BasicTypeRegistry     : Adding type registration java.lang.Boolean -> org.hibernate.type.BasicTypeReference@d3312b1
2026-08-13T10:55:26.947+07:00 DEBUG 16492 --- [  restartedMain] org.hibernate.type.BasicTypeRegistry     : Adding type registration numeric_boolean -> org.hibernate.type.BasicTypeReference@4aa41afd
2026-08-13T10:55:26.947+07:00 DEBUG 16492 --- [  restartedMain] org.hibernate.type.BasicTypeRegistry     : Adding type registration org.hibernate.type.NumericBooleanConverter -> org.hibernate.type.BasicTypeReference@4aa41afd
2026-08-13T10:55:26.947+07:00 DEBUG 16492 --- [  restartedMain] org.hibernate.type.BasicTypeRegistry     : Adding type registration true_false -> org.hibernate.type.BasicTypeReference@2d3a8789
2026-08-13T10:55:26.947+07:00 DEBUG 16492 --- [  restartedMain] org.hibernate.type.BasicTypeRegistry     : Adding type registration org.hibernate.type.TrueFalseConverter -> org.hibernate.type.BasicTypeReference@2d3a8789
2026-08-13T10:55:26.947+07:00 DEBUG 16492 --- [  restartedMain] org.hibernate.type.BasicTypeRegistry     : Adding type registration yes_no -> org.hibernate.type.BasicTypeReference@3454a110
2026-08-13T10:55:26.947+07:00 DEBUG 16492 --- [  restartedMain] org.hibernate.type.BasicTypeRegistry     : Adding type registration org.hibernate.type.YesNoConverter -> org.hibernate.type.BasicTypeReference@3454a110
2026-08-13T10:55:26.947+07:00 DEBUG 16492 --- [  restartedMain] org.hibernate.type.BasicTypeRegistry     : Adding type registration byte -> org.hibernate.type.BasicTypeReference@21e78bb1
2026-08-13T10:55:26.947+07:00 DEBUG 16492 --- [  restartedMain] org.hibernate.type.BasicTypeRegistry     : Adding type registration byte -> org.hibernate.type.BasicTypeReference@21e78bb1
2026-08-13T10:55:26.947+07:00 DEBUG 16492 --- [  restartedMain] org.hibernate.type.BasicTypeRegistry     : Adding type registration java.lang.Byte -> org.hibernate.type.BasicTypeReference@21e78bb1
2026-08-13T10:55:26.947+07:00 DEBUG 16492 --- [  restartedMain] org.hibernate.type.BasicTypeRegistry     : Adding type registration binary -> org.hibernate.type.BasicTypeReference@4b7e1e82
2026-08-13T10:55:26.947+07:00 DEBUG 16492 --- [  restartedMain] org.hibernate.type.BasicTypeRegistry     : Adding type registration byte[] -> org.hibernate.type.BasicTypeReference@4b7e1e82
2026-08-13T10:55:26.947+07:00 DEBUG 16492 --- [  restartedMain] org.hibernate.type.BasicTypeRegistry     : Adding type registration [B -> org.hibernate.type.BasicTypeReference@4b7e1e82
2026-08-13T10:55:26.947+07:00 DEBUG 16492 --- [  restartedMain] org.hibernate.type.BasicTypeRegistry     : Adding type registration binary_wrapper -> org.hibernate.type.BasicTypeReference@3281deab
2026-08-13T10:55:26.947+07:00 DEBUG 16492 --- [  restartedMain] org.hibernate.type.BasicTypeRegistry     : Adding type registration wrapper-binary -> org.hibernate.type.BasicTypeReference@3281deab
2026-08-13T10:55:26.947+07:00 DEBUG 16492 --- [  restartedMain] org.hibernate.type.BasicTypeRegistry     : Adding type registration image -> org.hibernate.type.BasicTypeReference@23ccb5ca
2026-08-13T10:55:26.953+07:00 DEBUG 16492 --- [  restartedMain] org.hibernate.type.BasicTypeRegistry     : Adding type registration blob -> org.hibernate.type.BasicTypeReference@3eeb1801
2026-08-13T10:55:26.953+07:00 DEBUG 16492 --- [  restartedMain] org.hibernate.type.BasicTypeRegistry     : Adding type registration java.sql.Blob -> org.hibernate.type.BasicTypeReference@3eeb1801
2026-08-13T10:55:26.953+07:00 DEBUG 16492 --- [  restartedMain] org.hibernate.type.BasicTypeRegistry     : Adding type registration materialized_blob -> org.hibernate.type.BasicTypeReference@5da9b50
2026-08-13T10:55:26.955+07:00 DEBUG 16492 --- [  restartedMain] org.hibernate.type.BasicTypeRegistry     : Adding type registration materialized_blob_wrapper -> org.hibernate.type.BasicTypeReference@391279c6
2026-08-13T10:55:26.955+07:00 DEBUG 16492 --- [  restartedMain] org.hibernate.type.BasicTypeRegistry     : Adding type registration short -> org.hibernate.type.BasicTypeReference@7fb6f9cb
2026-08-13T10:55:26.955+07:00 DEBUG 16492 --- [  restartedMain] org.hibernate.type.BasicTypeRegistry     : Adding type registration short -> org.hibernate.type.BasicTypeReference@7fb6f9cb
2026-08-13T10:55:26.955+07:00 DEBUG 16492 --- [  restartedMain] org.hibernate.type.BasicTypeRegistry     : Adding type registration java.lang.Short -> org.hibernate.type.BasicTypeReference@7fb6f9cb
2026-08-13T10:55:26.955+07:00 DEBUG 16492 --- [  restartedMain] org.hibernate.type.BasicTypeRegistry     : Adding type registration integer -> org.hibernate.type.BasicTypeReference@19fbdd2c
2026-08-13T10:55:26.955+07:00 DEBUG 16492 --- [  restartedMain] org.hibernate.type.BasicTypeRegistry     : Adding type registration int -> org.hibernate.type.BasicTypeReference@19fbdd2c
2026-08-13T10:55:26.955+07:00 DEBUG 16492 --- [  restartedMain] org.hibernate.type.BasicTypeRegistry     : Adding type registration java.lang.Integer -> org.hibernate.type.BasicTypeReference@19fbdd2c
2026-08-13T10:55:26.955+07:00 DEBUG 16492 --- [  restartedMain] org.hibernate.type.BasicTypeRegistry     : Adding type registration long -> org.hibernate.type.BasicTypeReference@48aad558
2026-08-13T10:55:26.955+07:00 DEBUG 16492 --- [  restartedMain] org.hibernate.type.BasicTypeRegistry     : Adding type registration long -> org.hibernate.type.BasicTypeReference@48aad558
2026-08-13T10:55:26.955+07:00 DEBUG 16492 --- [  restartedMain] org.hibernate.type.BasicTypeRegistry     : Adding type registration java.lang.Long -> org.hibernate.type.BasicTypeReference@48aad558
2026-08-13T10:55:26.955+07:00 DEBUG 16492 --- [  restartedMain] org.hibernate.type.BasicTypeRegistry     : Adding type registration float -> org.hibernate.type.BasicTypeReference@62dc59c2
2026-08-13T10:55:26.955+07:00 DEBUG 16492 --- [  restartedMain] org.hibernate.type.BasicTypeRegistry     : Adding type registration float -> org.hibernate.type.BasicTypeReference@62dc59c2
2026-08-13T10:55:26.955+07:00 DEBUG 16492 --- [  restartedMain] org.hibernate.type.BasicTypeRegistry     : Adding type registration java.lang.Float -> org.hibernate.type.BasicTypeReference@62dc59c2
2026-08-13T10:55:26.957+07:00 DEBUG 16492 --- [  restartedMain] org.hibernate.type.BasicTypeRegistry     : Adding type registration double -> org.hibernate.type.BasicTypeReference@2aec8cf3
2026-08-13T10:55:26.957+07:00 DEBUG 16492 --- [  restartedMain] org.hibernate.type.BasicTypeRegistry     : Adding type registration double -> org.hibernate.type.BasicTypeReference@2aec8cf3
2026-08-13T10:55:26.957+07:00 DEBUG 16492 --- [  restartedMain] org.hibernate.type.BasicTypeRegistry     : Adding type registration java.lang.Double -> org.hibernate.type.BasicTypeReference@2aec8cf3
2026-08-13T10:55:26.957+07:00 DEBUG 16492 --- [  restartedMain] org.hibernate.type.BasicTypeRegistry     : Adding type registration big_integer -> org.hibernate.type.BasicTypeReference@6db9263f
2026-08-13T10:55:26.957+07:00 DEBUG 16492 --- [  restartedMain] org.hibernate.type.BasicTypeRegistry     : Adding type registration java.math.BigInteger -> org.hibernate.type.BasicTypeReference@6db9263f
2026-08-13T10:55:26.957+07:00 DEBUG 16492 --- [  restartedMain] org.hibernate.type.BasicTypeRegistry     : Adding type registration big_decimal -> org.hibernate.type.BasicTypeReference@73273ec5
2026-08-13T10:55:26.957+07:00 DEBUG 16492 --- [  restartedMain] org.hibernate.type.BasicTypeRegistry     : Adding type registration java.math.BigDecimal -> org.hibernate.type.BasicTypeReference@73273ec5
2026-08-13T10:55:26.957+07:00 DEBUG 16492 --- [  restartedMain] org.hibernate.type.BasicTypeRegistry     : Adding type registration character -> org.hibernate.type.BasicTypeReference@73b57b2a
2026-08-13T10:55:26.957+07:00 DEBUG 16492 --- [  restartedMain] org.hibernate.type.BasicTypeRegistry     : Adding type registration char -> org.hibernate.type.BasicTypeReference@73b57b2a
2026-08-13T10:55:26.957+07:00 DEBUG 16492 --- [  restartedMain] org.hibernate.type.BasicTypeRegistry     : Adding type registration java.lang.Character -> org.hibernate.type.BasicTypeReference@73b57b2a
2026-08-13T10:55:26.957+07:00 DEBUG 16492 --- [  restartedMain] org.hibernate.type.BasicTypeRegistry     : Adding type registration character_nchar -> org.hibernate.type.BasicTypeReference@3d70eabb
2026-08-13T10:55:26.957+07:00 DEBUG 16492 --- [  restartedMain] org.hibernate.type.BasicTypeRegistry     : Adding type registration string -> org.hibernate.type.BasicTypeReference@195cbbf4
2026-08-13T10:55:26.957+07:00 DEBUG 16492 --- [  restartedMain] org.hibernate.type.BasicTypeRegistry     : Adding type registration java.lang.String -> org.hibernate.type.BasicTypeReference@195cbbf4
2026-08-13T10:55:26.957+07:00 DEBUG 16492 --- [  restartedMain] org.hibernate.type.BasicTypeRegistry     : Adding type registration nstring -> org.hibernate.type.BasicTypeReference@53476f0c
2026-08-13T10:55:26.957+07:00 DEBUG 16492 --- [  restartedMain] org.hibernate.type.BasicTypeRegistry     : Adding type registration characters -> org.hibernate.type.BasicTypeReference@bf32265
2026-08-13T10:55:26.957+07:00 DEBUG 16492 --- [  restartedMain] org.hibernate.type.BasicTypeRegistry     : Adding type registration char[] -> org.hibernate.type.BasicTypeReference@bf32265
2026-08-13T10:55:26.957+07:00 DEBUG 16492 --- [  restartedMain] org.hibernate.type.BasicTypeRegistry     : Adding type registration [C -> org.hibernate.type.BasicTypeReference@bf32265
2026-08-13T10:55:26.957+07:00 DEBUG 16492 --- [  restartedMain] org.hibernate.type.BasicTypeRegistry     : Adding type registration wrapper-characters -> org.hibernate.type.BasicTypeReference@316c2492
2026-08-13T10:55:26.957+07:00 DEBUG 16492 --- [  restartedMain] org.hibernate.type.BasicTypeRegistry     : Adding type registration text -> org.hibernate.type.BasicTypeReference@4d93ba50
2026-08-13T10:55:26.957+07:00 DEBUG 16492 --- [  restartedMain] org.hibernate.type.BasicTypeRegistry     : Adding type registration ntext -> org.hibernate.type.BasicTypeReference@25c483e1
2026-08-13T10:55:26.957+07:00 DEBUG 16492 --- [  restartedMain] org.hibernate.type.BasicTypeRegistry     : Adding type registration clob -> org.hibernate.type.BasicTypeReference@37366d36
2026-08-13T10:55:26.957+07:00 DEBUG 16492 --- [  restartedMain] org.hibernate.type.BasicTypeRegistry     : Adding type registration java.sql.Clob -> org.hibernate.type.BasicTypeReference@37366d36
2026-08-13T10:55:26.957+07:00 DEBUG 16492 --- [  restartedMain] org.hibernate.type.BasicTypeRegistry     : Adding type registration nclob -> org.hibernate.type.BasicTypeReference@672e97f6
2026-08-13T10:55:26.957+07:00 DEBUG 16492 --- [  restartedMain] org.hibernate.type.BasicTypeRegistry     : Adding type registration java.sql.NClob -> org.hibernate.type.BasicTypeReference@672e97f6
2026-08-13T10:55:26.961+07:00 DEBUG 16492 --- [  restartedMain] org.hibernate.type.BasicTypeRegistry     : Adding type registration materialized_clob -> org.hibernate.type.BasicTypeReference@37bfe079
2026-08-13T10:55:26.961+07:00 DEBUG 16492 --- [  restartedMain] org.hibernate.type.BasicTypeRegistry     : Adding type registration materialized_clob_char_array -> org.hibernate.type.BasicTypeReference@3665a6e4
2026-08-13T10:55:26.961+07:00 DEBUG 16492 --- [  restartedMain] org.hibernate.type.BasicTypeRegistry     : Adding type registration materialized_clob_character_array -> org.hibernate.type.BasicTypeReference@32be32c3
2026-08-13T10:55:26.961+07:00 DEBUG 16492 --- [  restartedMain] org.hibernate.type.BasicTypeRegistry     : Adding type registration materialized_nclob -> org.hibernate.type.BasicTypeReference@213c8245
2026-08-13T10:55:26.961+07:00 DEBUG 16492 --- [  restartedMain] org.hibernate.type.BasicTypeRegistry     : Adding type registration materialized_nclob_character_array -> org.hibernate.type.BasicTypeReference@69c81233
2026-08-13T10:55:26.961+07:00 DEBUG 16492 --- [  restartedMain] org.hibernate.type.BasicTypeRegistry     : Adding type registration materialized_nclob_char_array -> org.hibernate.type.BasicTypeReference@7201cb68
2026-08-13T10:55:26.961+07:00 DEBUG 16492 --- [  restartedMain] org.hibernate.type.BasicTypeRegistry     : Adding type registration Duration -> org.hibernate.type.BasicTypeReference@31ead7c1
2026-08-13T10:55:26.961+07:00 DEBUG 16492 --- [  restartedMain] org.hibernate.type.BasicTypeRegistry     : Adding type registration java.time.Duration -> org.hibernate.type.BasicTypeReference@31ead7c1
2026-08-13T10:55:26.961+07:00 DEBUG 16492 --- [  restartedMain] org.hibernate.type.BasicTypeRegistry     : Adding type registration LocalDateTime -> org.hibernate.type.BasicTypeReference@74015513
2026-08-13T10:55:26.961+07:00 DEBUG 16492 --- [  restartedMain] org.hibernate.type.BasicTypeRegistry     : Adding type registration java.time.LocalDateTime -> org.hibernate.type.BasicTypeReference@74015513
2026-08-13T10:55:26.961+07:00 DEBUG 16492 --- [  restartedMain] org.hibernate.type.BasicTypeRegistry     : Adding type registration LocalDate -> org.hibernate.type.BasicTypeReference@5d71982a
2026-08-13T10:55:26.961+07:00 DEBUG 16492 --- [  restartedMain] org.hibernate.type.BasicTypeRegistry     : Adding type registration java.time.LocalDate -> org.hibernate.type.BasicTypeReference@5d71982a
2026-08-13T10:55:26.961+07:00 DEBUG 16492 --- [  restartedMain] org.hibernate.type.BasicTypeRegistry     : Adding type registration LocalTime -> org.hibernate.type.BasicTypeReference@21d75267
2026-08-13T10:55:26.961+07:00 DEBUG 16492 --- [  restartedMain] org.hibernate.type.BasicTypeRegistry     : Adding type registration java.time.LocalTime -> org.hibernate.type.BasicTypeReference@21d75267
2026-08-13T10:55:26.961+07:00 DEBUG 16492 --- [  restartedMain] org.hibernate.type.BasicTypeRegistry     : Adding type registration OffsetDateTime -> org.hibernate.type.BasicTypeReference@46e4dd43
2026-08-13T10:55:26.961+07:00 DEBUG 16492 --- [  restartedMain] org.hibernate.type.BasicTypeRegistry     : Adding type registration java.time.OffsetDateTime -> org.hibernate.type.BasicTypeReference@46e4dd43
2026-08-13T10:55:26.961+07:00 DEBUG 16492 --- [  restartedMain] org.hibernate.type.BasicTypeRegistry     : Adding type registration OffsetDateTimeWithTimezone -> org.hibernate.type.BasicTypeReference@38b3b141
2026-08-13T10:55:26.961+07:00 DEBUG 16492 --- [  restartedMain] org.hibernate.type.BasicTypeRegistry     : Adding type registration OffsetDateTimeWithoutTimezone -> org.hibernate.type.BasicTypeReference@6952deb5
2026-08-13T10:55:26.961+07:00 DEBUG 16492 --- [  restartedMain] org.hibernate.type.BasicTypeRegistry     : Adding type registration OffsetTime -> org.hibernate.type.BasicTypeReference@728ded92
2026-08-13T10:55:26.961+07:00 DEBUG 16492 --- [  restartedMain] org.hibernate.type.BasicTypeRegistry     : Adding type registration java.time.OffsetTime -> org.hibernate.type.BasicTypeReference@728ded92
2026-08-13T10:55:26.961+07:00 DEBUG 16492 --- [  restartedMain] org.hibernate.type.BasicTypeRegistry     : Adding type registration OffsetTimeUtc -> org.hibernate.type.BasicTypeReference@12e32845
2026-08-13T10:55:26.961+07:00 DEBUG 16492 --- [  restartedMain] org.hibernate.type.BasicTypeRegistry     : Adding type registration OffsetTimeWithTimezone -> org.hibernate.type.BasicTypeReference@37ffaae1
2026-08-13T10:55:26.961+07:00 DEBUG 16492 --- [  restartedMain] org.hibernate.type.BasicTypeRegistry     : Adding type registration OffsetTimeWithoutTimezone -> org.hibernate.type.BasicTypeReference@48277ddd
2026-08-13T10:55:26.961+07:00 DEBUG 16492 --- [  restartedMain] org.hibernate.type.BasicTypeRegistry     : Adding type registration ZonedDateTime -> org.hibernate.type.BasicTypeReference@55dbe836
2026-08-13T10:55:26.961+07:00 DEBUG 16492 --- [  restartedMain] org.hibernate.type.BasicTypeRegistry     : Adding type registration java.time.ZonedDateTime -> org.hibernate.type.BasicTypeReference@55dbe836
2026-08-13T10:55:26.961+07:00 DEBUG 16492 --- [  restartedMain] org.hibernate.type.BasicTypeRegistry     : Adding type registration ZonedDateTimeWithTimezone -> org.hibernate.type.BasicTypeReference@5e7143c8
2026-08-13T10:55:26.967+07:00 DEBUG 16492 --- [  restartedMain] org.hibernate.type.BasicTypeRegistry     : Adding type registration ZonedDateTimeWithoutTimezone -> org.hibernate.type.BasicTypeReference@14134245
2026-08-13T10:55:26.967+07:00 DEBUG 16492 --- [  restartedMain] org.hibernate.type.BasicTypeRegistry     : Adding type registration date -> org.hibernate.type.BasicTypeReference@67a90c8f
2026-08-13T10:55:26.967+07:00 DEBUG 16492 --- [  restartedMain] org.hibernate.type.BasicTypeRegistry     : Adding type registration java.sql.Date -> org.hibernate.type.BasicTypeReference@67a90c8f
2026-08-13T10:55:26.967+07:00 DEBUG 16492 --- [  restartedMain] org.hibernate.type.BasicTypeRegistry     : Adding type registration time -> org.hibernate.type.BasicTypeReference@6db9d214
2026-08-13T10:55:26.967+07:00 DEBUG 16492 --- [  restartedMain] org.hibernate.type.BasicTypeRegistry     : Adding type registration java.sql.Time -> org.hibernate.type.BasicTypeReference@6db9d214
2026-08-13T10:55:26.967+07:00 DEBUG 16492 --- [  restartedMain] org.hibernate.type.BasicTypeRegistry     : Adding type registration timestamp -> org.hibernate.type.BasicTypeReference@3902b368
2026-08-13T10:55:26.967+07:00 DEBUG 16492 --- [  restartedMain] org.hibernate.type.BasicTypeRegistry     : Adding type registration java.sql.Timestamp -> org.hibernate.type.BasicTypeReference@3902b368
2026-08-13T10:55:26.967+07:00 DEBUG 16492 --- [  restartedMain] org.hibernate.type.BasicTypeRegistry     : Adding type registration java.util.Date -> org.hibernate.type.BasicTypeReference@3902b368
2026-08-13T10:55:26.967+07:00 DEBUG 16492 --- [  restartedMain] org.hibernate.type.BasicTypeRegistry     : Adding type registration calendar -> org.hibernate.type.BasicTypeReference@370dcf67
2026-08-13T10:55:26.970+07:00 DEBUG 16492 --- [  restartedMain] org.hibernate.type.BasicTypeRegistry     : Adding type registration java.util.Calendar -> org.hibernate.type.BasicTypeReference@370dcf67
2026-08-13T10:55:26.970+07:00 DEBUG 16492 --- [  restartedMain] org.hibernate.type.BasicTypeRegistry     : Adding type registration java.util.GregorianCalendar -> org.hibernate.type.BasicTypeReference@370dcf67
2026-08-13T10:55:26.970+07:00 DEBUG 16492 --- [  restartedMain] org.hibernate.type.BasicTypeRegistry     : Adding type registration calendar_date -> org.hibernate.type.BasicTypeReference@186f607d
2026-08-13T10:55:26.970+07:00 DEBUG 16492 --- [  restartedMain] org.hibernate.type.BasicTypeRegistry     : Adding type registration calendar_time -> org.hibernate.type.BasicTypeReference@3be53816
2026-08-13T10:55:26.970+07:00 DEBUG 16492 --- [  restartedMain] org.hibernate.type.BasicTypeRegistry     : Adding type registration instant -> org.hibernate.type.BasicTypeReference@17d045f1
2026-08-13T10:55:26.970+07:00 DEBUG 16492 --- [  restartedMain] org.hibernate.type.BasicTypeRegistry     : Adding type registration java.time.Instant -> org.hibernate.type.BasicTypeReference@17d045f1
2026-08-13T10:55:26.970+07:00 DEBUG 16492 --- [  restartedMain] org.hibernate.type.BasicTypeRegistry     : Adding type registration uuid -> org.hibernate.type.BasicTypeReference@4e7fc69b
2026-08-13T10:55:26.970+07:00 DEBUG 16492 --- [  restartedMain] org.hibernate.type.BasicTypeRegistry     : Adding type registration java.util.UUID -> org.hibernate.type.BasicTypeReference@4e7fc69b
2026-08-13T10:55:26.970+07:00 DEBUG 16492 --- [  restartedMain] org.hibernate.type.BasicTypeRegistry     : Adding type registration pg-uuid -> org.hibernate.type.BasicTypeReference@4e7fc69b
2026-08-13T10:55:26.970+07:00 DEBUG 16492 --- [  restartedMain] org.hibernate.type.BasicTypeRegistry     : Adding type registration uuid-binary -> org.hibernate.type.BasicTypeReference@2d703ba1
2026-08-13T10:55:26.970+07:00 DEBUG 16492 --- [  restartedMain] org.hibernate.type.BasicTypeRegistry     : Adding type registration uuid-char -> org.hibernate.type.BasicTypeReference@3fc78391
2026-08-13T10:55:26.970+07:00 DEBUG 16492 --- [  restartedMain] org.hibernate.type.BasicTypeRegistry     : Adding type registration class -> org.hibernate.type.BasicTypeReference@2aadb655
2026-08-13T10:55:26.970+07:00 DEBUG 16492 --- [  restartedMain] org.hibernate.type.BasicTypeRegistry     : Adding type registration java.lang.Class -> org.hibernate.type.BasicTypeReference@2aadb655
2026-08-13T10:55:26.970+07:00 DEBUG 16492 --- [  restartedMain] org.hibernate.type.BasicTypeRegistry     : Adding type registration currency -> org.hibernate.type.BasicTypeReference@1ad6f685
2026-08-13T10:55:26.970+07:00 DEBUG 16492 --- [  restartedMain] org.hibernate.type.BasicTypeRegistry     : Adding type registration Currency -> org.hibernate.type.BasicTypeReference@1ad6f685
2026-08-13T10:55:26.970+07:00 DEBUG 16492 --- [  restartedMain] org.hibernate.type.BasicTypeRegistry     : Adding type registration java.util.Currency -> org.hibernate.type.BasicTypeReference@1ad6f685
2026-08-13T10:55:26.970+07:00 DEBUG 16492 --- [  restartedMain] org.hibernate.type.BasicTypeRegistry     : Adding type registration locale -> org.hibernate.type.BasicTypeReference@36577b4d
2026-08-13T10:55:26.970+07:00 DEBUG 16492 --- [  restartedMain] org.hibernate.type.BasicTypeRegistry     : Adding type registration java.util.Locale -> org.hibernate.type.BasicTypeReference@36577b4d
2026-08-13T10:55:26.970+07:00 DEBUG 16492 --- [  restartedMain] org.hibernate.type.BasicTypeRegistry     : Adding type registration serializable -> org.hibernate.type.BasicTypeReference@358fbd1d
2026-08-13T10:55:26.970+07:00 DEBUG 16492 --- [  restartedMain] org.hibernate.type.BasicTypeRegistry     : Adding type registration java.io.Serializable -> org.hibernate.type.BasicTypeReference@358fbd1d
2026-08-13T10:55:26.970+07:00 DEBUG 16492 --- [  restartedMain] org.hibernate.type.BasicTypeRegistry     : Adding type registration timezone -> org.hibernate.type.BasicTypeReference@7257aae7
2026-08-13T10:55:26.970+07:00 DEBUG 16492 --- [  restartedMain] org.hibernate.type.BasicTypeRegistry     : Adding type registration java.util.TimeZone -> org.hibernate.type.BasicTypeReference@7257aae7
2026-08-13T10:55:26.970+07:00 DEBUG 16492 --- [  restartedMain] org.hibernate.type.BasicTypeRegistry     : Adding type registration ZoneOffset -> org.hibernate.type.BasicTypeReference@5f1818f6
2026-08-13T10:55:26.970+07:00 DEBUG 16492 --- [  restartedMain] org.hibernate.type.BasicTypeRegistry     : Adding type registration java.time.ZoneOffset -> org.hibernate.type.BasicTypeReference@5f1818f6
2026-08-13T10:55:26.970+07:00 DEBUG 16492 --- [  restartedMain] org.hibernate.type.BasicTypeRegistry     : Adding type registration url -> org.hibernate.type.BasicTypeReference@52988d4b
2026-08-13T10:55:26.970+07:00 DEBUG 16492 --- [  restartedMain] org.hibernate.type.BasicTypeRegistry     : Adding type registration java.net.URL -> org.hibernate.type.BasicTypeReference@52988d4b
2026-08-13T10:55:26.970+07:00 DEBUG 16492 --- [  restartedMain] org.hibernate.type.BasicTypeRegistry     : Adding type registration vector -> org.hibernate.type.BasicTypeReference@1a37b550
2026-08-13T10:55:26.970+07:00 DEBUG 16492 --- [  restartedMain] org.hibernate.type.BasicTypeRegistry     : Adding type registration float_vector -> org.hibernate.type.BasicTypeReference@55f83463
2026-08-13T10:55:26.970+07:00 DEBUG 16492 --- [  restartedMain] org.hibernate.type.BasicTypeRegistry     : Adding type registration double_vector -> org.hibernate.type.BasicTypeReference@4ab84982
2026-08-13T10:55:26.970+07:00 DEBUG 16492 --- [  restartedMain] org.hibernate.type.BasicTypeRegistry     : Adding type registration byte_vector -> org.hibernate.type.BasicTypeReference@5cdc774b
2026-08-13T10:55:26.970+07:00 DEBUG 16492 --- [  restartedMain] org.hibernate.type.BasicTypeRegistry     : Adding type registration row_version -> org.hibernate.type.BasicTypeReference@7b66d4b5
2026-08-13T10:55:26.978+07:00 DEBUG 16492 --- [  restartedMain] org.hibernate.type.BasicTypeRegistry     : Adding type registration object -> org.hibernate.type.JavaObjectType@52e90333
2026-08-13T10:55:26.978+07:00 DEBUG 16492 --- [  restartedMain] org.hibernate.type.BasicTypeRegistry     : Adding type registration java.lang.Object -> org.hibernate.type.JavaObjectType@52e90333
2026-08-13T10:55:26.978+07:00 DEBUG 16492 --- [  restartedMain] org.hibernate.type.BasicTypeRegistry     : Adding type registration null -> org.hibernate.type.NullType@36161b6b
2026-08-13T10:55:26.978+07:00 DEBUG 16492 --- [  restartedMain] org.hibernate.type.BasicTypeRegistry     : Adding type registration imm_date -> org.hibernate.type.BasicTypeReference@460be2f2
2026-08-13T10:55:26.978+07:00 DEBUG 16492 --- [  restartedMain] org.hibernate.type.BasicTypeRegistry     : Adding type registration imm_time -> org.hibernate.type.BasicTypeReference@2833523
2026-08-13T10:55:26.978+07:00 DEBUG 16492 --- [  restartedMain] org.hibernate.type.BasicTypeRegistry     : Adding type registration imm_timestamp -> org.hibernate.type.BasicTypeReference@2032db67
2026-08-13T10:55:26.978+07:00 DEBUG 16492 --- [  restartedMain] org.hibernate.type.BasicTypeRegistry     : Adding type registration imm_calendar -> org.hibernate.type.BasicTypeReference@26f94149
2026-08-13T10:55:26.978+07:00 DEBUG 16492 --- [  restartedMain] org.hibernate.type.BasicTypeRegistry     : Adding type registration imm_calendar_date -> org.hibernate.type.BasicTypeReference@3f7c3b16
2026-08-13T10:55:26.978+07:00 DEBUG 16492 --- [  restartedMain] org.hibernate.type.BasicTypeRegistry     : Adding type registration imm_calendar_time -> org.hibernate.type.BasicTypeReference@244d3bf7
2026-08-13T10:55:26.978+07:00 DEBUG 16492 --- [  restartedMain] org.hibernate.type.BasicTypeRegistry     : Adding type registration imm_binary -> org.hibernate.type.BasicTypeReference@129235fa
2026-08-13T10:55:26.978+07:00 DEBUG 16492 --- [  restartedMain] org.hibernate.type.BasicTypeRegistry     : Adding type registration imm_serializable -> org.hibernate.type.BasicTypeReference@7e0dcde8
2026-08-13T10:55:27.144+07:00  INFO 16492 --- [  restartedMain] o.s.o.j.p.SpringPersistenceUnitInfo      : No LoadTimeWeaver setup: ignoring JPA class transformer
2026-08-13T10:55:27.183+07:00  INFO 16492 --- [  restartedMain] com.zaxxer.hikari.HikariDataSource       : HikariPool-1 - Starting...
2026-08-13T10:55:27.397+07:00  INFO 16492 --- [  restartedMain] com.zaxxer.hikari.pool.HikariPool        : HikariPool-1 - Added connection com.mysql.cj.jdbc.ConnectionImpl@f03fc2b
2026-08-13T10:55:27.397+07:00  INFO 16492 --- [  restartedMain] com.zaxxer.hikari.HikariDataSource       : HikariPool-1 - Start completed.
2026-08-13T10:55:27.431+07:00  WARN 16492 --- [  restartedMain] org.hibernate.dialect.Dialect            : HHH000511: The 5.5.5 version for [org.hibernate.dialect.MySQLDialect] is no longer supported, hence certain features may not work properly. The minimum supported version is 8.0.0. Check the community dialects project for available legacy versions.
2026-08-13T10:55:27.437+07:00  WARN 16492 --- [  restartedMain] org.hibernate.orm.deprecation            : HHH90000025: MySQLDialect does not need to be specified explicitly using 'hibernate.dialect' (remove the property setting and it will be selected by default)
2026-08-13T10:55:27.447+07:00  INFO 16492 --- [  restartedMain] org.hibernate.orm.connections.pooling    : HHH10001005: Database info:
	Database JDBC URL [Connecting through datasource 'HikariDataSource (HikariPool-1)']
	Database driver: undefined/unknown
	Database version: 5.5.5
	Autocommit mode: undefined/unknown
	Isolation level: undefined/unknown
	Minimum pool size: undefined/unknown
	Maximum pool size: undefined/unknown
2026-08-13T10:55:27.457+07:00 DEBUG 16492 --- [  restartedMain] o.h.t.d.sql.spi.DdlTypeRegistry          : addDescriptor(12, org.hibernate.type.descriptor.sql.internal.CapacityDependentDdlType@4c221fd7) replaced previous registration(org.hibernate.type.descriptor.sql.internal.CapacityDependentDdlType@4f8dc7c6)
2026-08-13T10:55:27.457+07:00 DEBUG 16492 --- [  restartedMain] o.h.t.d.sql.spi.DdlTypeRegistry          : addDescriptor(-9, org.hibernate.type.descriptor.sql.internal.CapacityDependentDdlType@64ac4e4c) replaced previous registration(org.hibernate.type.descriptor.sql.internal.CapacityDependentDdlType@11ddd748)
2026-08-13T10:55:27.457+07:00 DEBUG 16492 --- [  restartedMain] o.h.t.d.sql.spi.DdlTypeRegistry          : addDescriptor(-3, org.hibernate.type.descriptor.sql.internal.CapacityDependentDdlType@4d5dae03) replaced previous registration(org.hibernate.type.descriptor.sql.internal.CapacityDependentDdlType@6ccfe399)
2026-08-13T10:55:27.457+07:00 DEBUG 16492 --- [  restartedMain] o.h.t.d.sql.spi.DdlTypeRegistry          : addDescriptor(4003, org.hibernate.type.descriptor.sql.internal.DdlTypeImpl@6a971e62) replaced previous registration(org.hibernate.type.descriptor.sql.internal.DdlTypeImpl@150ff3ef)
2026-08-13T10:55:27.457+07:00 DEBUG 16492 --- [  restartedMain] o.h.t.d.sql.spi.DdlTypeRegistry          : addDescriptor(4001, org.hibernate.type.descriptor.sql.internal.DdlTypeImpl@35826afb) replaced previous registration(org.hibernate.type.descriptor.sql.internal.DdlTypeImpl@264284f9)
2026-08-13T10:55:27.457+07:00 DEBUG 16492 --- [  restartedMain] o.h.t.d.sql.spi.DdlTypeRegistry          : addDescriptor(4002, org.hibernate.type.descriptor.sql.internal.DdlTypeImpl@7474fa5d) replaced previous registration(org.hibernate.type.descriptor.sql.internal.DdlTypeImpl@1e8effb7)
2026-08-13T10:55:27.464+07:00 DEBUG 16492 --- [  restartedMain] o.h.t.d.sql.spi.DdlTypeRegistry          : addDescriptor(2004, org.hibernate.type.descriptor.sql.internal.CapacityDependentDdlType@38fd8b2f) replaced previous registration(org.hibernate.type.descriptor.sql.internal.DdlTypeImpl@a2aa585)
2026-08-13T10:55:27.464+07:00 DEBUG 16492 --- [  restartedMain] o.h.t.d.sql.spi.DdlTypeRegistry          : addDescriptor(2005, org.hibernate.type.descriptor.sql.internal.CapacityDependentDdlType@59df008f) replaced previous registration(org.hibernate.type.descriptor.sql.internal.DdlTypeImpl@30452f44)
2026-08-13T10:55:27.464+07:00 DEBUG 16492 --- [  restartedMain] o.h.t.d.sql.spi.DdlTypeRegistry          : addDescriptor(2011, org.hibernate.type.descriptor.sql.internal.CapacityDependentDdlType@64357e90) replaced previous registration(org.hibernate.type.descriptor.sql.internal.DdlTypeImpl@3bece91e)
2026-08-13T10:55:27.464+07:00 DEBUG 16492 --- [  restartedMain] o.h.t.d.jdbc.spi.JdbcTypeRegistry        : addDescriptor(NCharTypeDescriptor) replaced previous registration(CharTypeDescriptor)
2026-08-13T10:55:27.464+07:00 DEBUG 16492 --- [  restartedMain] o.h.t.d.jdbc.spi.JdbcTypeRegistry        : addDescriptor(NVarcharTypeDescriptor) replaced previous registration(VarcharTypeDescriptor)
2026-08-13T10:55:27.464+07:00 DEBUG 16492 --- [  restartedMain] o.h.t.d.jdbc.spi.JdbcTypeRegistry        : addDescriptor(LongNVarcharTypeDescriptor) replaced previous registration(LongVarcharTypeDescriptor)
2026-08-13T10:55:27.467+07:00 DEBUG 16492 --- [  restartedMain] o.h.t.d.jdbc.spi.JdbcTypeRegistry        : addDescriptor(NClobTypeDescriptor(DEFAULT)) replaced previous registration(ClobTypeDescriptor(DEFAULT))
2026-08-13T10:55:27.467+07:00 DEBUG 16492 --- [  restartedMain] org.hibernate.type.BasicTypeRegistry     : Adding type registration null -> org.hibernate.type.NullType@2a0f9834
2026-08-13T10:55:27.467+07:00 DEBUG 16492 --- [  restartedMain] org.hibernate.type.BasicTypeRegistry     : Type registration key [null] overrode previous entry : `org.hibernate.type.NullType@36161b6b`
2026-08-13T10:55:27.472+07:00 DEBUG 16492 --- [  restartedMain] org.hibernate.type.BasicTypeRegistry     : Adding type registration org.hibernate.type.DurationType -> basicType@1(java.time.Duration,3015)
2026-08-13T10:55:27.472+07:00 DEBUG 16492 --- [  restartedMain] org.hibernate.type.BasicTypeRegistry     : Adding type registration Duration -> basicType@1(java.time.Duration,3015)
2026-08-13T10:55:27.472+07:00 DEBUG 16492 --- [  restartedMain] org.hibernate.type.BasicTypeRegistry     : Adding type registration java.time.Duration -> basicType@1(java.time.Duration,3015)
2026-08-13T10:55:27.477+07:00 DEBUG 16492 --- [  restartedMain] org.hibernate.type.BasicTypeRegistry     : Adding type registration org.hibernate.type.OffsetDateTimeType -> basicType@2(java.time.OffsetDateTime,3003)
2026-08-13T10:55:27.477+07:00 DEBUG 16492 --- [  restartedMain] org.hibernate.type.BasicTypeRegistry     : Adding type registration OffsetDateTime -> basicType@2(java.time.OffsetDateTime,3003)
2026-08-13T10:55:27.477+07:00 DEBUG 16492 --- [  restartedMain] org.hibernate.type.BasicTypeRegistry     : Adding type registration java.time.OffsetDateTime -> basicType@2(java.time.OffsetDateTime,3003)
2026-08-13T10:55:27.477+07:00 DEBUG 16492 --- [  restartedMain] org.hibernate.type.BasicTypeRegistry     : Adding type registration org.hibernate.type.ZonedDateTimeType -> basicType@3(java.time.ZonedDateTime,3003)
2026-08-13T10:55:27.480+07:00 DEBUG 16492 --- [  restartedMain] org.hibernate.type.BasicTypeRegistry     : Adding type registration ZonedDateTime -> basicType@3(java.time.ZonedDateTime,3003)
2026-08-13T10:55:27.480+07:00 DEBUG 16492 --- [  restartedMain] org.hibernate.type.BasicTypeRegistry     : Adding type registration java.time.ZonedDateTime -> basicType@3(java.time.ZonedDateTime,3003)
2026-08-13T10:55:27.480+07:00 DEBUG 16492 --- [  restartedMain] org.hibernate.type.BasicTypeRegistry     : Adding type registration org.hibernate.type.OffsetTimeType -> basicType@4(java.time.OffsetTime,3007)
2026-08-13T10:55:27.480+07:00 DEBUG 16492 --- [  restartedMain] org.hibernate.type.BasicTypeRegistry     : Adding type registration OffsetTime -> basicType@4(java.time.OffsetTime,3007)
2026-08-13T10:55:27.480+07:00 DEBUG 16492 --- [  restartedMain] org.hibernate.type.BasicTypeRegistry     : Adding type registration java.time.OffsetTime -> basicType@4(java.time.OffsetTime,3007)
2026-08-13T10:55:27.480+07:00 DEBUG 16492 --- [  restartedMain] o.h.type.spi.TypeConfiguration$Scope     : Scoping TypeConfiguration [org.hibernate.type.spi.TypeConfiguration@605af54a] to MetadataBuildingContext [org.hibernate.boot.internal.MetadataBuildingContextRootImpl@2875db25]
2026-08-13T10:55:28.341+07:00  INFO 16492 --- [  restartedMain] o.h.e.t.j.p.i.JtaPlatformInitiator       : HHH000489: No JTA platform available (set 'hibernate.transaction.jta.platform' to enable JTA platform integration)
2026-08-13T10:55:28.364+07:00 DEBUG 16492 --- [  restartedMain] o.h.type.spi.TypeConfiguration$Scope     : Scoping TypeConfiguration [org.hibernate.type.spi.TypeConfiguration@605af54a] to SessionFactoryImplementor [org.hibernate.internal.SessionFactoryImpl@11546981]
2026-08-13T10:55:28.398+07:00 DEBUG 16492 --- [  restartedMain] org.hibernate.SQL                        : create table category (id varchar(255) not null, code varchar(255), type varchar(255), primary key (id)) engine=InnoDB
2026-08-13T10:55:28.410+07:00 DEBUG 16492 --- [  restartedMain] org.hibernate.SQL                        : create table product (id integer not null auto_increment, description varchar(255), product_name varchar(255), price integer, stock integer, category_id varchar(255), provider_id integer, primary key (id)) engine=InnoDB
2026-08-13T10:55:28.422+07:00 DEBUG 16492 --- [  restartedMain] org.hibernate.SQL                        : create table provider (id integer not null auto_increment, logo MEDIUMBLOB, name varchar(255) not null, primary key (id)) engine=InnoDB
2026-08-13T10:55:28.435+07:00 DEBUG 16492 --- [  restartedMain] org.hibernate.SQL                        : create table top_up (id integer not null auto_increment, amount float(53), date datetime(6), status enum ('FAILED','PENDING','SUCCESS'), user_id integer not null, primary key (id)) engine=InnoDB
2026-08-13T10:55:28.443+07:00 DEBUG 16492 --- [  restartedMain] org.hibernate.SQL                        : create table transaction_history (id integer not null auto_increment, amount_paid float(53), customer varchar(255), customer_number varchar(255), serial_number varchar(255) not null, status enum ('FAILED','PENDING','SUCCESS'), timestamp datetime(6), transaction_id varchar(255) not null, product_id integer, purchaser integer, primary key (id)) engine=InnoDB
2026-08-13T10:55:28.451+07:00 DEBUG 16492 --- [  restartedMain] org.hibernate.SQL                        : create table user (id integer not null auto_increment, balance integer, created_at datetime(6), password varchar(255), phone_number varchar(255), recovery_key varchar(255), role varchar(255), status varchar(255), username varchar(255), primary key (id)) engine=InnoDB
2026-08-13T10:55:28.463+07:00 DEBUG 16492 --- [  restartedMain] org.hibernate.SQL                        : create table voucher (id integer not null auto_increment, code varchar(255) not null, discount_amount float(53) not null, is_active bit not null, stock integer, primary key (id)) engine=InnoDB
2026-08-13T10:55:28.468+07:00 DEBUG 16492 --- [  restartedMain] org.hibernate.SQL                        : alter table provider drop index UKcfgo93bl0v243co72ay26bs94
2026-08-13T10:55:28.477+07:00 DEBUG 16492 --- [  restartedMain] org.hibernate.SQL                        : alter table provider add constraint UKcfgo93bl0v243co72ay26bs94 unique (name)
2026-08-13T10:55:28.489+07:00 DEBUG 16492 --- [  restartedMain] org.hibernate.SQL                        : alter table transaction_history drop index UK88gg5tblmoqdkr3xjw6i98ou3
2026-08-13T10:55:28.493+07:00 DEBUG 16492 --- [  restartedMain] org.hibernate.SQL                        : alter table transaction_history add constraint UK88gg5tblmoqdkr3xjw6i98ou3 unique (serial_number)
2026-08-13T10:55:28.501+07:00 DEBUG 16492 --- [  restartedMain] org.hibernate.SQL                        : alter table transaction_history drop index UK3p1muycpa7kqssns9ra8s5sks
2026-08-13T10:55:28.501+07:00 DEBUG 16492 --- [  restartedMain] org.hibernate.SQL                        : alter table transaction_history add constraint UK3p1muycpa7kqssns9ra8s5sks unique (transaction_id)
2026-08-13T10:55:28.517+07:00 DEBUG 16492 --- [  restartedMain] org.hibernate.SQL                        : alter table voucher drop index UKpvh1lqheshnjoekevvwla03xn
2026-08-13T10:55:28.518+07:00 DEBUG 16492 --- [  restartedMain] org.hibernate.SQL                        : alter table voucher add constraint UKpvh1lqheshnjoekevvwla03xn unique (code)
2026-08-13T10:55:28.527+07:00 DEBUG 16492 --- [  restartedMain] org.hibernate.SQL                        : alter table product add constraint FK1mtsbur82frn64de7balymq9s foreign key (category_id) references category (id)
2026-08-13T10:55:28.576+07:00 DEBUG 16492 --- [  restartedMain] org.hibernate.SQL                        : alter table product add constraint FKfmt6vehie8ep9pq0nnvv9een7 foreign key (provider_id) references provider (id)
2026-08-13T10:55:28.618+07:00 DEBUG 16492 --- [  restartedMain] org.hibernate.SQL                        : alter table top_up add constraint FKtjrpgvrlpjjcl6rodchka5oql foreign key (user_id) references user (id)
2026-08-13T10:55:28.667+07:00 DEBUG 16492 --- [  restartedMain] org.hibernate.SQL                        : alter table transaction_history add constraint FKbsojyne1u8xsf46fd9mrjtgb3 foreign key (product_id) references product (id)
2026-08-13T10:55:28.717+07:00 DEBUG 16492 --- [  restartedMain] org.hibernate.SQL                        : alter table transaction_history add constraint FKk6llgoydim4ywy64wcu0ww2po foreign key (purchaser) references user (id)
2026-08-13T10:55:28.776+07:00 TRACE 16492 --- [  restartedMain] o.h.type.spi.TypeConfiguration$Scope     : Handling #sessionFactoryCreated from [org.hibernate.internal.SessionFactoryImpl@11546981] for TypeConfiguration
2026-08-13T10:55:28.776+07:00  INFO 16492 --- [  restartedMain] j.LocalContainerEntityManagerFactoryBean : Initialized JPA EntityManagerFactory for persistence unit 'default'
2026-08-13T10:55:29.279+07:00  WARN 16492 --- [  restartedMain] JpaBaseConfiguration$JpaWebConfiguration : spring.jpa.open-in-view is enabled by default. Therefore, database queries may be performed during view rendering. Explicitly configure spring.jpa.open-in-view to disable this warning
2026-08-13T10:55:29.298+07:00  INFO 16492 --- [  restartedMain] r$InitializeUserDetailsManagerConfigurer : Global AuthenticationManager configured with UserDetailsService bean with name customUserDetailsService
2026-08-13T10:55:29.857+07:00  INFO 16492 --- [  restartedMain] o.s.b.d.a.OptionalLiveReloadServer       : LiveReload server is running on port 35729
2026-08-13T10:55:29.898+07:00  INFO 16492 --- [  restartedMain] o.s.b.w.embedded.tomcat.TomcatWebServer  : Tomcat started on port 8080 (http) with context path '/'
2026-08-13T10:55:29.908+07:00  INFO 16492 --- [  restartedMain] com.example.kartu.KartuApplication       : Started KartuApplication in 5.138 seconds (process running for 5.522)
[SCHEDULER] Checking pending Top Up requests...
2026-08-13T10:55:30.043+07:00 DEBUG 16492 --- [   scheduling-1] org.hibernate.SQL                        : select tu1_0.id,tu1_0.amount,tu1_0.date,tu1_0.status,tu1_0.user_id from top_up tu1_0 where tu1_0.status=?
2026-08-13T10:55:30.165+07:00 DEBUG 16492 --- [  restartedMain] org.hibernate.SQL                        : select count(*) from category c1_0
2026-08-13T10:55:30.168+07:00  INFO 16492 --- [  restartedMain] com.example.kartu.seed.DataSeed          : Seeding categories...
2026-08-13T10:55:30.199+07:00 DEBUG 16492 --- [  restartedMain] org.hibernate.SQL                        : insert into category (code,type,id) values (?,?,?)
2026-08-13T10:55:30.203+07:00 DEBUG 16492 --- [  restartedMain] org.hibernate.SQL                        : insert into category (code,type,id) values (?,?,?)
2026-08-13T10:55:30.207+07:00  INFO 16492 --- [  restartedMain] com.example.kartu.seed.DataSeed          : Categories seeded successfully.
2026-08-13T10:55:30.237+07:00 DEBUG 16492 --- [  restartedMain] org.hibernate.SQL                        : select u1_0.id,u1_0.balance,u1_0.created_at,u1_0.password,u1_0.phone_number,u1_0.recovery_key,u1_0.role,u1_0.status,u1_0.username from user u1_0 where u1_0.username=?
2026-08-13T10:55:30.238+07:00  INFO 16492 --- [  restartedMain] com.example.kartu.seed.DataSeed          : Seeding default admin...
2026-08-13T10:55:30.327+07:00 DEBUG 16492 --- [  restartedMain] org.hibernate.SQL                        : insert into user (balance,created_at,password,phone_number,recovery_key,role,status,username) values (?,?,?,?,?,?,?,?)
2026-08-13T10:55:30.343+07:00  INFO 16492 --- [  restartedMain] com.example.kartu.seed.DataSeed          : Admin 'Hanif18' created successfully.
2026-08-13T10:55:30.347+07:00 DEBUG 16492 --- [  restartedMain] org.hibernate.SQL                        : select c1_0.id,c1_0.code,c1_0.type from category c1_0 where upper(c1_0.type) like upper(?) escape '\\'
2026-08-13T10:55:30.349+07:00 DEBUG 16492 --- [  restartedMain] org.hibernate.SQL                        : insert into category (code,type,id) values (?,?,?)
2026-08-13T10:55:30.349+07:00  INFO 16492 --- [  restartedMain] com.example.kartu.seed.DataDummy         : [DUMMY] ACCESSORIES category created.
2026-08-13T10:55:30.349+07:00 DEBUG 16492 --- [  restartedMain] org.hibernate.SQL                        : select c1_0.id,c1_0.code,c1_0.type from category c1_0 where upper(c1_0.type) like upper(?) escape '\\'
2026-08-13T10:55:30.361+07:00 DEBUG 16492 --- [  restartedMain] org.hibernate.SQL                        : select c1_0.id,c1_0.code,c1_0.type from category c1_0 where upper(c1_0.type) like upper(?) escape '\\'
2026-08-13T10:55:30.361+07:00 DEBUG 16492 --- [  restartedMain] org.hibernate.SQL                        : select c1_0.id,c1_0.code,c1_0.type from category c1_0 where upper(c1_0.type) like upper(?) escape '\\'
2026-08-13T10:55:30.367+07:00 DEBUG 16492 --- [  restartedMain] org.hibernate.SQL                        : select p1_0.id,p1_0.logo,p1_0.name from provider p1_0
2026-08-13T10:55:30.577+07:00 DEBUG 16492 --- [  restartedMain] org.hibernate.SQL                        : insert into provider (logo,name) values (?,?)
2026-08-13T10:55:30.587+07:00 DEBUG 16492 --- [  restartedMain] org.hibernate.SQL                        : select p1_0.id,p1_0.logo,p1_0.name from provider p1_0
2026-08-13T10:55:30.637+07:00 DEBUG 16492 --- [  restartedMain] org.hibernate.SQL                        : insert into provider (logo,name) values (?,?)
2026-08-13T10:55:30.656+07:00 DEBUG 16492 --- [  restartedMain] org.hibernate.SQL                        : select p1_0.id,p1_0.logo,p1_0.name from provider p1_0
2026-08-13T10:55:30.693+07:00 DEBUG 16492 --- [  restartedMain] org.hibernate.SQL                        : insert into provider (logo,name) values (?,?)
2026-08-13T10:55:30.698+07:00 DEBUG 16492 --- [  restartedMain] org.hibernate.SQL                        : select p1_0.id,p1_0.logo,p1_0.name from provider p1_0
2026-08-13T10:55:30.737+07:00 DEBUG 16492 --- [  restartedMain] org.hibernate.SQL                        : insert into provider (logo,name) values (?,?)
2026-08-13T10:55:30.754+07:00 DEBUG 16492 --- [  restartedMain] org.hibernate.SQL                        : select p1_0.id,p1_0.logo,p1_0.name from provider p1_0
2026-08-13T10:55:30.927+07:00 DEBUG 16492 --- [  restartedMain] org.hibernate.SQL                        : insert into provider (logo,name) values (?,?)
2026-08-13T10:55:30.930+07:00 DEBUG 16492 --- [  restartedMain] org.hibernate.SQL                        : select p1_0.id,p1_0.logo,p1_0.name from provider p1_0
2026-08-13T10:55:30.954+07:00 DEBUG 16492 --- [  restartedMain] org.hibernate.SQL                        : insert into provider (logo,name) values (?,?)
2026-08-13T10:55:30.957+07:00 DEBUG 16492 --- [  restartedMain] org.hibernate.SQL                        : select count(*) from product p1_0
2026-08-13T10:55:30.967+07:00 DEBUG 16492 --- [  restartedMain] org.hibernate.SQL                        : insert into product (category_id,description,product_name,price,provider_id,stock) values (?,?,?,?,?,?)
2026-08-13T10:55:30.967+07:00 DEBUG 16492 --- [  restartedMain] org.hibernate.SQL                        : insert into product (category_id,description,product_name,price,provider_id,stock) values (?,?,?,?,?,?)
2026-08-13T10:55:30.972+07:00 DEBUG 16492 --- [  restartedMain] org.hibernate.SQL                        : insert into product (category_id,description,product_name,price,provider_id,stock) values (?,?,?,?,?,?)
2026-08-13T10:55:30.972+07:00 DEBUG 16492 --- [  restartedMain] org.hibernate.SQL                        : insert into product (category_id,description,product_name,price,provider_id,stock) values (?,?,?,?,?,?)
2026-08-13T10:55:30.972+07:00 DEBUG 16492 --- [  restartedMain] org.hibernate.SQL                        : insert into product (category_id,description,product_name,price,provider_id,stock) values (?,?,?,?,?,?)
2026-08-13T10:55:30.972+07:00 DEBUG 16492 --- [  restartedMain] org.hibernate.SQL                        : insert into product (category_id,description,product_name,price,provider_id,stock) values (?,?,?,?,?,?)
2026-08-13T10:55:30.977+07:00 DEBUG 16492 --- [  restartedMain] org.hibernate.SQL                        : insert into product (category_id,description,product_name,price,provider_id,stock) values (?,?,?,?,?,?)
2026-08-13T10:55:30.980+07:00 DEBUG 16492 --- [  restartedMain] org.hibernate.SQL                        : insert into product (category_id,description,product_name,price,provider_id,stock) values (?,?,?,?,?,?)
2026-08-13T10:55:30.981+07:00 DEBUG 16492 --- [  restartedMain] org.hibernate.SQL                        : insert into product (category_id,description,product_name,price,provider_id,stock) values (?,?,?,?,?,?)
2026-08-13T10:55:30.981+07:00 DEBUG 16492 --- [  restartedMain] org.hibernate.SQL                        : insert into product (category_id,description,product_name,price,provider_id,stock) values (?,?,?,?,?,?)
2026-08-13T10:55:30.981+07:00 DEBUG 16492 --- [  restartedMain] org.hibernate.SQL                        : insert into product (category_id,description,product_name,price,provider_id,stock) values (?,?,?,?,?,?)
2026-08-13T10:55:30.988+07:00 DEBUG 16492 --- [  restartedMain] org.hibernate.SQL                        : insert into product (category_id,description,product_name,price,provider_id,stock) values (?,?,?,?,?,?)
2026-08-13T10:55:30.988+07:00 DEBUG 16492 --- [  restartedMain] org.hibernate.SQL                        : insert into product (category_id,description,product_name,price,provider_id,stock) values (?,?,?,?,?,?)
2026-08-13T10:55:30.988+07:00 DEBUG 16492 --- [  restartedMain] org.hibernate.SQL                        : insert into product (category_id,description,product_name,price,provider_id,stock) values (?,?,?,?,?,?)
2026-08-13T10:55:30.996+07:00  INFO 16492 --- [  restartedMain] com.example.kartu.seed.DataDummy         : [DUMMY] 14 products created.
2026-08-13T10:55:30.998+07:00 DEBUG 16492 --- [  restartedMain] org.hibernate.SQL                        : select u1_0.id,u1_0.balance,u1_0.created_at,u1_0.password,u1_0.phone_number,u1_0.recovery_key,u1_0.role,u1_0.status,u1_0.username from user u1_0 where u1_0.username=?
2026-08-13T10:55:31.087+07:00 DEBUG 16492 --- [  restartedMain] org.hibernate.SQL                        : insert into user (balance,created_at,password,phone_number,recovery_key,role,status,username) values (?,?,?,?,?,?,?,?)
2026-08-13T10:55:31.096+07:00  INFO 16492 --- [  restartedMain] com.example.kartu.seed.DataDummy         : [DUMMY] User 'rizky21' created.
2026-08-13T10:55:31.097+07:00 DEBUG 16492 --- [  restartedMain] org.hibernate.SQL                        : select u1_0.id,u1_0.balance,u1_0.created_at,u1_0.password,u1_0.phone_number,u1_0.recovery_key,u1_0.role,u1_0.status,u1_0.username from user u1_0 where u1_0.username=?
2026-08-13T10:55:31.181+07:00 DEBUG 16492 --- [  restartedMain] org.hibernate.SQL                        : insert into user (balance,created_at,password,phone_number,recovery_key,role,status,username) values (?,?,?,?,?,?,?,?)
2026-08-13T10:55:31.187+07:00  INFO 16492 --- [  restartedMain] com.example.kartu.seed.DataDummy         : [DUMMY] User 'salsa08' created.
2026-08-13T10:55:31.187+07:00 DEBUG 16492 --- [  restartedMain] org.hibernate.SQL                        : select u1_0.id,u1_0.balance,u1_0.created_at,u1_0.password,u1_0.phone_number,u1_0.recovery_key,u1_0.role,u1_0.status,u1_0.username from user u1_0 where u1_0.username=?
2026-08-13T10:55:31.274+07:00 DEBUG 16492 --- [  restartedMain] org.hibernate.SQL                        : insert into user (balance,created_at,password,phone_number,recovery_key,role,status,username) values (?,?,?,?,?,?,?,?)
2026-08-13T10:55:31.278+07:00  INFO 16492 --- [  restartedMain] com.example.kartu.seed.DataDummy         : [DUMMY] User 'dinda99' created.
2026-08-13T10:55:31.282+07:00 DEBUG 16492 --- [  restartedMain] org.hibernate.SQL                        : select u1_0.id,u1_0.balance,u1_0.created_at,u1_0.password,u1_0.phone_number,u1_0.recovery_key,u1_0.role,u1_0.status,u1_0.username from user u1_0 where u1_0.username=?
2026-08-13T10:55:31.367+07:00 DEBUG 16492 --- [  restartedMain] org.hibernate.SQL                        : insert into user (balance,created_at,password,phone_number,recovery_key,role,status,username) values (?,?,?,?,?,?,?,?)
2026-08-13T10:55:31.372+07:00  INFO 16492 --- [  restartedMain] com.example.kartu.seed.DataDummy         : [DUMMY] User 'bagas11' created.
2026-08-13T10:55:31.376+07:00 DEBUG 16492 --- [  restartedMain] org.hibernate.SQL                        : select u1_0.id,u1_0.balance,u1_0.created_at,u1_0.password,u1_0.phone_number,u1_0.recovery_key,u1_0.role,u1_0.status,u1_0.username from user u1_0 where u1_0.username=?
2026-08-13T10:55:31.457+07:00 DEBUG 16492 --- [  restartedMain] org.hibernate.SQL                        : insert into user (balance,created_at,password,phone_number,recovery_key,role,status,username) values (?,?,?,?,?,?,?,?)
2026-08-13T10:55:31.466+07:00  INFO 16492 --- [  restartedMain] com.example.kartu.seed.DataDummy         : [DUMMY] User 'aldi77' created.
2026-08-13T10:55:31.467+07:00 DEBUG 16492 --- [  restartedMain] org.hibernate.SQL                        : select u1_0.id,u1_0.balance,u1_0.created_at,u1_0.password,u1_0.phone_number,u1_0.recovery_key,u1_0.role,u1_0.status,u1_0.username from user u1_0 where u1_0.username=?
2026-08-13T10:55:31.553+07:00 DEBUG 16492 --- [  restartedMain] org.hibernate.SQL                        : insert into user (balance,created_at,password,phone_number,recovery_key,role,status,username) values (?,?,?,?,?,?,?,?)
2026-08-13T10:55:31.557+07:00  INFO 16492 --- [  restartedMain] com.example.kartu.seed.DataDummy         : [DUMMY] User 'banned_user' created (BANNED status).
2026-08-13T10:55:31.557+07:00 DEBUG 16492 --- [  restartedMain] org.hibernate.SQL                        : select count(*) from voucher v1_0
2026-08-13T10:55:31.564+07:00 DEBUG 16492 --- [  restartedMain] org.hibernate.SQL                        : insert into voucher (code,discount_amount,is_active,stock) values (?,?,?,?)
2026-08-13T10:55:31.567+07:00 DEBUG 16492 --- [  restartedMain] org.hibernate.SQL                        : insert into voucher (code,discount_amount,is_active,stock) values (?,?,?,?)
2026-08-13T10:55:31.567+07:00 DEBUG 16492 --- [  restartedMain] org.hibernate.SQL                        : insert into voucher (code,discount_amount,is_active,stock) values (?,?,?,?)
2026-08-13T10:55:31.575+07:00  INFO 16492 --- [  restartedMain] com.example.kartu.seed.DataDummy         : [DUMMY] 3 vouchers created.
2026-08-13T10:55:31.577+07:00 DEBUG 16492 --- [  restartedMain] org.hibernate.SQL                        : select count(*) from top_up tu1_0
2026-08-13T10:55:31.580+07:00 DEBUG 16492 --- [  restartedMain] org.hibernate.SQL                        : select u1_0.id,u1_0.balance,u1_0.created_at,u1_0.password,u1_0.phone_number,u1_0.recovery_key,u1_0.role,u1_0.status,u1_0.username from user u1_0 where u1_0.username=?
2026-08-13T10:55:31.584+07:00 DEBUG 16492 --- [  restartedMain] org.hibernate.SQL                        : select u1_0.id,u1_0.balance,u1_0.created_at,u1_0.password,u1_0.phone_number,u1_0.recovery_key,u1_0.role,u1_0.status,u1_0.username from user u1_0 where u1_0.username=?
2026-08-13T10:55:31.589+07:00 DEBUG 16492 --- [  restartedMain] org.hibernate.SQL                        : select u1_0.id,u1_0.balance,u1_0.created_at,u1_0.password,u1_0.phone_number,u1_0.recovery_key,u1_0.role,u1_0.status,u1_0.username from user u1_0 where u1_0.username=?
2026-08-13T10:55:31.591+07:00 DEBUG 16492 --- [  restartedMain] org.hibernate.SQL                        : select u1_0.id,u1_0.balance,u1_0.created_at,u1_0.password,u1_0.phone_number,u1_0.recovery_key,u1_0.role,u1_0.status,u1_0.username from user u1_0 where u1_0.username=?
2026-08-13T10:55:31.591+07:00 DEBUG 16492 --- [  restartedMain] org.hibernate.SQL                        : select u1_0.id,u1_0.balance,u1_0.created_at,u1_0.password,u1_0.phone_number,u1_0.recovery_key,u1_0.role,u1_0.status,u1_0.username from user u1_0 where u1_0.username=?
2026-08-13T10:55:31.597+07:00 DEBUG 16492 --- [  restartedMain] org.hibernate.SQL                        : insert into top_up (amount,date,status,user_id) values (?,?,?,?)
2026-08-13T10:55:31.600+07:00 DEBUG 16492 --- [  restartedMain] org.hibernate.SQL                        : insert into top_up (amount,date,status,user_id) values (?,?,?,?)
2026-08-13T10:55:31.600+07:00 DEBUG 16492 --- [  restartedMain] org.hibernate.SQL                        : insert into top_up (amount,date,status,user_id) values (?,?,?,?)
2026-08-13T10:55:31.606+07:00 DEBUG 16492 --- [  restartedMain] org.hibernate.SQL                        : insert into top_up (amount,date,status,user_id) values (?,?,?,?)
2026-08-13T10:55:31.609+07:00 DEBUG 16492 --- [  restartedMain] org.hibernate.SQL                        : insert into top_up (amount,date,status,user_id) values (?,?,?,?)
2026-08-13T10:55:31.609+07:00 DEBUG 16492 --- [  restartedMain] org.hibernate.SQL                        : insert into top_up (amount,date,status,user_id) values (?,?,?,?)
2026-08-13T10:55:31.614+07:00  INFO 16492 --- [  restartedMain] com.example.kartu.seed.DataDummy         : [DUMMY] 6 Top Up records created.
2026-08-13T10:55:31.617+07:00 DEBUG 16492 --- [  restartedMain] org.hibernate.SQL                        : select count(*) from transaction_history th1_0
2026-08-13T10:55:31.622+07:00 DEBUG 16492 --- [  restartedMain] org.hibernate.SQL                        : select u1_0.id,u1_0.balance,u1_0.created_at,u1_0.password,u1_0.phone_number,u1_0.recovery_key,u1_0.role,u1_0.status,u1_0.username from user u1_0 where u1_0.username=?
2026-08-13T10:55:31.627+07:00 DEBUG 16492 --- [  restartedMain] org.hibernate.SQL                        : select u1_0.id,u1_0.balance,u1_0.created_at,u1_0.password,u1_0.phone_number,u1_0.recovery_key,u1_0.role,u1_0.status,u1_0.username from user u1_0 where u1_0.username=?
2026-08-13T10:55:31.631+07:00 DEBUG 16492 --- [  restartedMain] org.hibernate.SQL                        : select u1_0.id,u1_0.balance,u1_0.created_at,u1_0.password,u1_0.phone_number,u1_0.recovery_key,u1_0.role,u1_0.status,u1_0.username from user u1_0 where u1_0.username=?
2026-08-13T10:55:31.635+07:00 DEBUG 16492 --- [  restartedMain] org.hibernate.SQL                        : select u1_0.id,u1_0.balance,u1_0.created_at,u1_0.password,u1_0.phone_number,u1_0.recovery_key,u1_0.role,u1_0.status,u1_0.username from user u1_0 where u1_0.username=?
2026-08-13T10:55:31.639+07:00 DEBUG 16492 --- [  restartedMain] org.hibernate.SQL                        : select p1_0.id,p1_0.category_id,p1_0.description,p1_0.product_name,p1_0.price,p1_0.provider_id,p1_0.stock from product p1_0
2026-08-13T10:55:31.639+07:00 DEBUG 16492 --- [  restartedMain] org.hibernate.SQL                        : select c1_0.id,c1_0.code,c1_0.type from category c1_0 where c1_0.id=?
2026-08-13T10:55:31.647+07:00 DEBUG 16492 --- [  restartedMain] org.hibernate.SQL                        : select p1_0.id,p1_0.logo,p1_0.name from provider p1_0 where p1_0.id=?
2026-08-13T10:55:31.647+07:00 DEBUG 16492 --- [  restartedMain] org.hibernate.SQL                        : select p1_0.id,p1_0.logo,p1_0.name from provider p1_0 where p1_0.id=?
2026-08-13T10:55:31.647+07:00 DEBUG 16492 --- [  restartedMain] org.hibernate.SQL                        : select p1_0.id,p1_0.logo,p1_0.name from provider p1_0 where p1_0.id=?
2026-08-13T10:55:31.647+07:00 DEBUG 16492 --- [  restartedMain] org.hibernate.SQL                        : select p1_0.id,p1_0.logo,p1_0.name from provider p1_0 where p1_0.id=?
2026-08-13T10:55:31.647+07:00 DEBUG 16492 --- [  restartedMain] org.hibernate.SQL                        : select p1_0.id,p1_0.logo,p1_0.name from provider p1_0 where p1_0.id=?
2026-08-13T10:55:31.647+07:00 DEBUG 16492 --- [  restartedMain] org.hibernate.SQL                        : select p1_0.id,p1_0.logo,p1_0.name from provider p1_0 where p1_0.id=?
2026-08-13T10:55:31.655+07:00 DEBUG 16492 --- [  restartedMain] org.hibernate.SQL                        : select c1_0.id,c1_0.code,c1_0.type from category c1_0 where c1_0.id=?
2026-08-13T10:55:31.658+07:00 DEBUG 16492 --- [  restartedMain] org.hibernate.SQL                        : select c1_0.id,c1_0.code,c1_0.type from category c1_0 where c1_0.id=?
2026-08-13T10:55:31.664+07:00 DEBUG 16492 --- [  restartedMain] org.hibernate.SQL                        : select th1_0.id from transaction_history th1_0 where th1_0.transaction_id=? limit ?
2026-08-13T10:55:31.667+07:00 DEBUG 16492 --- [  restartedMain] org.hibernate.SQL                        : select th1_0.id from transaction_history th1_0 where th1_0.serial_number=? limit ?
2026-08-13T10:55:31.667+07:00 DEBUG 16492 --- [  restartedMain] org.hibernate.SQL                        : select p1_0.id,p1_0.category_id,p1_0.description,p1_0.product_name,p1_0.price,p1_0.provider_id,p1_0.stock from product p1_0
2026-08-13T10:55:31.672+07:00 DEBUG 16492 --- [  restartedMain] org.hibernate.SQL                        : select c1_0.id,c1_0.code,c1_0.type from category c1_0 where c1_0.id=?
2026-08-13T10:55:31.672+07:00 DEBUG 16492 --- [  restartedMain] org.hibernate.SQL                        : select p1_0.id,p1_0.logo,p1_0.name from provider p1_0 where p1_0.id=?
2026-08-13T10:55:31.672+07:00 DEBUG 16492 --- [  restartedMain] org.hibernate.SQL                        : select p1_0.id,p1_0.logo,p1_0.name from provider p1_0 where p1_0.id=?
2026-08-13T10:55:31.672+07:00 DEBUG 16492 --- [  restartedMain] org.hibernate.SQL                        : select p1_0.id,p1_0.logo,p1_0.name from provider p1_0 where p1_0.id=?
2026-08-13T10:55:31.672+07:00 DEBUG 16492 --- [  restartedMain] org.hibernate.SQL                        : select p1_0.id,p1_0.logo,p1_0.name from provider p1_0 where p1_0.id=?
2026-08-13T10:55:31.677+07:00 DEBUG 16492 --- [  restartedMain] org.hibernate.SQL                        : select p1_0.id,p1_0.logo,p1_0.name from provider p1_0 where p1_0.id=?
2026-08-13T10:55:31.677+07:00 DEBUG 16492 --- [  restartedMain] org.hibernate.SQL                        : select p1_0.id,p1_0.logo,p1_0.name from provider p1_0 where p1_0.id=?
2026-08-13T10:55:31.680+07:00 DEBUG 16492 --- [  restartedMain] org.hibernate.SQL                        : select c1_0.id,c1_0.code,c1_0.type from category c1_0 where c1_0.id=?
2026-08-13T10:55:31.680+07:00 DEBUG 16492 --- [  restartedMain] org.hibernate.SQL                        : select c1_0.id,c1_0.code,c1_0.type from category c1_0 where c1_0.id=?
2026-08-13T10:55:31.680+07:00 DEBUG 16492 --- [  restartedMain] org.hibernate.SQL                        : select th1_0.id from transaction_history th1_0 where th1_0.transaction_id=? limit ?
2026-08-13T10:55:31.688+07:00 DEBUG 16492 --- [  restartedMain] org.hibernate.SQL                        : select th1_0.id from transaction_history th1_0 where th1_0.serial_number=? limit ?
2026-08-13T10:55:31.688+07:00 DEBUG 16492 --- [  restartedMain] org.hibernate.SQL                        : select p1_0.id,p1_0.category_id,p1_0.description,p1_0.product_name,p1_0.price,p1_0.provider_id,p1_0.stock from product p1_0
2026-08-13T10:55:31.688+07:00 DEBUG 16492 --- [  restartedMain] org.hibernate.SQL                        : select c1_0.id,c1_0.code,c1_0.type from category c1_0 where c1_0.id=?
2026-08-13T10:55:31.688+07:00 DEBUG 16492 --- [  restartedMain] org.hibernate.SQL                        : select p1_0.id,p1_0.logo,p1_0.name from provider p1_0 where p1_0.id=?
2026-08-13T10:55:31.688+07:00 DEBUG 16492 --- [  restartedMain] org.hibernate.SQL                        : select p1_0.id,p1_0.logo,p1_0.name from provider p1_0 where p1_0.id=?
2026-08-13T10:55:31.697+07:00 DEBUG 16492 --- [  restartedMain] org.hibernate.SQL                        : select p1_0.id,p1_0.logo,p1_0.name from provider p1_0 where p1_0.id=?
2026-08-13T10:55:31.697+07:00 DEBUG 16492 --- [  restartedMain] org.hibernate.SQL                        : select p1_0.id,p1_0.logo,p1_0.name from provider p1_0 where p1_0.id=?
2026-08-13T10:55:31.697+07:00 DEBUG 16492 --- [  restartedMain] org.hibernate.SQL                        : select p1_0.id,p1_0.logo,p1_0.name from provider p1_0 where p1_0.id=?
2026-08-13T10:55:31.700+07:00 DEBUG 16492 --- [  restartedMain] org.hibernate.SQL                        : select p1_0.id,p1_0.logo,p1_0.name from provider p1_0 where p1_0.id=?
2026-08-13T10:55:31.700+07:00 DEBUG 16492 --- [  restartedMain] org.hibernate.SQL                        : select c1_0.id,c1_0.code,c1_0.type from category c1_0 where c1_0.id=?
2026-08-13T10:55:31.700+07:00 DEBUG 16492 --- [  restartedMain] org.hibernate.SQL                        : select c1_0.id,c1_0.code,c1_0.type from category c1_0 where c1_0.id=?
2026-08-13T10:55:31.705+07:00 DEBUG 16492 --- [  restartedMain] org.hibernate.SQL                        : select th1_0.id from transaction_history th1_0 where th1_0.transaction_id=? limit ?
2026-08-13T10:55:31.707+07:00 DEBUG 16492 --- [  restartedMain] org.hibernate.SQL                        : select th1_0.id from transaction_history th1_0 where th1_0.serial_number=? limit ?
2026-08-13T10:55:31.707+07:00 DEBUG 16492 --- [  restartedMain] org.hibernate.SQL                        : select p1_0.id,p1_0.category_id,p1_0.description,p1_0.product_name,p1_0.price,p1_0.provider_id,p1_0.stock from product p1_0
2026-08-13T10:55:31.713+07:00 DEBUG 16492 --- [  restartedMain] org.hibernate.SQL                        : select c1_0.id,c1_0.code,c1_0.type from category c1_0 where c1_0.id=?
2026-08-13T10:55:31.713+07:00 DEBUG 16492 --- [  restartedMain] org.hibernate.SQL                        : select p1_0.id,p1_0.logo,p1_0.name from provider p1_0 where p1_0.id=?
2026-08-13T10:55:31.717+07:00 DEBUG 16492 --- [  restartedMain] org.hibernate.SQL                        : select p1_0.id,p1_0.logo,p1_0.name from provider p1_0 where p1_0.id=?
2026-08-13T10:55:31.717+07:00 DEBUG 16492 --- [  restartedMain] org.hibernate.SQL                        : select p1_0.id,p1_0.logo,p1_0.name from provider p1_0 where p1_0.id=?
2026-08-13T10:55:31.717+07:00 DEBUG 16492 --- [  restartedMain] org.hibernate.SQL                        : select p1_0.id,p1_0.logo,p1_0.name from provider p1_0 where p1_0.id=?
2026-08-13T10:55:31.721+07:00 DEBUG 16492 --- [  restartedMain] org.hibernate.SQL                        : select p1_0.id,p1_0.logo,p1_0.name from provider p1_0 where p1_0.id=?
2026-08-13T10:55:31.721+07:00 DEBUG 16492 --- [  restartedMain] org.hibernate.SQL                        : select p1_0.id,p1_0.logo,p1_0.name from provider p1_0 where p1_0.id=?
2026-08-13T10:55:31.721+07:00 DEBUG 16492 --- [  restartedMain] org.hibernate.SQL                        : select c1_0.id,c1_0.code,c1_0.type from category c1_0 where c1_0.id=?
2026-08-13T10:55:31.721+07:00 DEBUG 16492 --- [  restartedMain] org.hibernate.SQL                        : select c1_0.id,c1_0.code,c1_0.type from category c1_0 where c1_0.id=?
2026-08-13T10:55:31.729+07:00 DEBUG 16492 --- [  restartedMain] org.hibernate.SQL                        : select th1_0.id from transaction_history th1_0 where th1_0.transaction_id=? limit ?
2026-08-13T10:55:31.729+07:00 DEBUG 16492 --- [  restartedMain] org.hibernate.SQL                        : select th1_0.id from transaction_history th1_0 where th1_0.serial_number=? limit ?
2026-08-13T10:55:31.737+07:00 DEBUG 16492 --- [  restartedMain] org.hibernate.SQL                        : select p1_0.id,p1_0.category_id,p1_0.description,p1_0.product_name,p1_0.price,p1_0.provider_id,p1_0.stock from product p1_0
2026-08-13T10:55:31.737+07:00 DEBUG 16492 --- [  restartedMain] org.hibernate.SQL                        : select c1_0.id,c1_0.code,c1_0.type from category c1_0 where c1_0.id=?
2026-08-13T10:55:31.737+07:00 DEBUG 16492 --- [  restartedMain] org.hibernate.SQL                        : select p1_0.id,p1_0.logo,p1_0.name from provider p1_0 where p1_0.id=?
2026-08-13T10:55:31.746+07:00 DEBUG 16492 --- [  restartedMain] org.hibernate.SQL                        : select p1_0.id,p1_0.logo,p1_0.name from provider p1_0 where p1_0.id=?
2026-08-13T10:55:31.747+07:00 DEBUG 16492 --- [  restartedMain] org.hibernate.SQL                        : select p1_0.id,p1_0.logo,p1_0.name from provider p1_0 where p1_0.id=?
2026-08-13T10:55:31.747+07:00 DEBUG 16492 --- [  restartedMain] org.hibernate.SQL                        : select p1_0.id,p1_0.logo,p1_0.name from provider p1_0 where p1_0.id=?
2026-08-13T10:55:31.747+07:00 DEBUG 16492 --- [  restartedMain] org.hibernate.SQL                        : select p1_0.id,p1_0.logo,p1_0.name from provider p1_0 where p1_0.id=?
2026-08-13T10:55:31.747+07:00 DEBUG 16492 --- [  restartedMain] org.hibernate.SQL                        : select p1_0.id,p1_0.logo,p1_0.name from provider p1_0 where p1_0.id=?
2026-08-13T10:55:31.754+07:00 DEBUG 16492 --- [  restartedMain] org.hibernate.SQL                        : select c1_0.id,c1_0.code,c1_0.type from category c1_0 where c1_0.id=?
2026-08-13T10:55:31.754+07:00 DEBUG 16492 --- [  restartedMain] org.hibernate.SQL                        : select c1_0.id,c1_0.code,c1_0.type from category c1_0 where c1_0.id=?
2026-08-13T10:55:31.757+07:00 DEBUG 16492 --- [  restartedMain] org.hibernate.SQL                        : select th1_0.id from transaction_history th1_0 where th1_0.transaction_id=? limit ?
2026-08-13T10:55:31.762+07:00 DEBUG 16492 --- [  restartedMain] org.hibernate.SQL                        : select th1_0.id from transaction_history th1_0 where th1_0.serial_number=? limit ?
2026-08-13T10:55:31.770+07:00 DEBUG 16492 --- [  restartedMain] org.hibernate.SQL                        : select p1_0.id,p1_0.category_id,p1_0.description,p1_0.product_name,p1_0.price,p1_0.provider_id,p1_0.stock from product p1_0
2026-08-13T10:55:31.770+07:00 DEBUG 16492 --- [  restartedMain] org.hibernate.SQL                        : select c1_0.id,c1_0.code,c1_0.type from category c1_0 where c1_0.id=?
2026-08-13T10:55:31.770+07:00 DEBUG 16492 --- [  restartedMain] org.hibernate.SQL                        : select p1_0.id,p1_0.logo,p1_0.name from provider p1_0 where p1_0.id=?
2026-08-13T10:55:31.770+07:00 DEBUG 16492 --- [  restartedMain] org.hibernate.SQL                        : select p1_0.id,p1_0.logo,p1_0.name from provider p1_0 where p1_0.id=?
2026-08-13T10:55:31.770+07:00 DEBUG 16492 --- [  restartedMain] org.hibernate.SQL                        : select p1_0.id,p1_0.logo,p1_0.name from provider p1_0 where p1_0.id=?
2026-08-13T10:55:31.777+07:00 DEBUG 16492 --- [  restartedMain] org.hibernate.SQL                        : select p1_0.id,p1_0.logo,p1_0.name from provider p1_0 where p1_0.id=?
2026-08-13T10:55:31.778+07:00 DEBUG 16492 --- [  restartedMain] org.hibernate.SQL                        : select p1_0.id,p1_0.logo,p1_0.name from provider p1_0 where p1_0.id=?
2026-08-13T10:55:31.778+07:00 DEBUG 16492 --- [  restartedMain] org.hibernate.SQL                        : select p1_0.id,p1_0.logo,p1_0.name from provider p1_0 where p1_0.id=?
2026-08-13T10:55:31.778+07:00 DEBUG 16492 --- [  restartedMain] org.hibernate.SQL                        : select c1_0.id,c1_0.code,c1_0.type from category c1_0 where c1_0.id=?
2026-08-13T10:55:31.778+07:00 DEBUG 16492 --- [  restartedMain] org.hibernate.SQL                        : select c1_0.id,c1_0.code,c1_0.type from category c1_0 where c1_0.id=?
2026-08-13T10:55:31.778+07:00 DEBUG 16492 --- [  restartedMain] org.hibernate.SQL                        : select th1_0.id from transaction_history th1_0 where th1_0.transaction_id=? limit ?
2026-08-13T10:55:31.787+07:00 DEBUG 16492 --- [  restartedMain] org.hibernate.SQL                        : select th1_0.id from transaction_history th1_0 where th1_0.serial_number=? limit ?
2026-08-13T10:55:31.787+07:00 DEBUG 16492 --- [  restartedMain] org.hibernate.SQL                        : select p1_0.id,p1_0.category_id,p1_0.description,p1_0.product_name,p1_0.price,p1_0.provider_id,p1_0.stock from product p1_0
2026-08-13T10:55:31.787+07:00 DEBUG 16492 --- [  restartedMain] org.hibernate.SQL                        : select c1_0.id,c1_0.code,c1_0.type from category c1_0 where c1_0.id=?
2026-08-13T10:55:31.787+07:00 DEBUG 16492 --- [  restartedMain] org.hibernate.SQL                        : select p1_0.id,p1_0.logo,p1_0.name from provider p1_0 where p1_0.id=?
2026-08-13T10:55:31.787+07:00 DEBUG 16492 --- [  restartedMain] org.hibernate.SQL                        : select p1_0.id,p1_0.logo,p1_0.name from provider p1_0 where p1_0.id=?
2026-08-13T10:55:31.794+07:00 DEBUG 16492 --- [  restartedMain] org.hibernate.SQL                        : select p1_0.id,p1_0.logo,p1_0.name from provider p1_0 where p1_0.id=?
2026-08-13T10:55:31.794+07:00 DEBUG 16492 --- [  restartedMain] org.hibernate.SQL                        : select p1_0.id,p1_0.logo,p1_0.name from provider p1_0 where p1_0.id=?
2026-08-13T10:55:31.794+07:00 DEBUG 16492 --- [  restartedMain] org.hibernate.SQL                        : select p1_0.id,p1_0.logo,p1_0.name from provider p1_0 where p1_0.id=?
2026-08-13T10:55:31.794+07:00 DEBUG 16492 --- [  restartedMain] org.hibernate.SQL                        : select p1_0.id,p1_0.logo,p1_0.name from provider p1_0 where p1_0.id=?
2026-08-13T10:55:31.797+07:00 DEBUG 16492 --- [  restartedMain] org.hibernate.SQL                        : select c1_0.id,c1_0.code,c1_0.type from category c1_0 where c1_0.id=?
2026-08-13T10:55:31.797+07:00 DEBUG 16492 --- [  restartedMain] org.hibernate.SQL                        : select c1_0.id,c1_0.code,c1_0.type from category c1_0 where c1_0.id=?
2026-08-13T10:55:31.802+07:00 DEBUG 16492 --- [  restartedMain] org.hibernate.SQL                        : select th1_0.id from transaction_history th1_0 where th1_0.transaction_id=? limit ?
2026-08-13T10:55:31.802+07:00 DEBUG 16492 --- [  restartedMain] org.hibernate.SQL                        : select th1_0.id from transaction_history th1_0 where th1_0.serial_number=? limit ?
2026-08-13T10:55:31.807+07:00 DEBUG 16492 --- [  restartedMain] org.hibernate.SQL                        : select p1_0.id,p1_0.category_id,p1_0.description,p1_0.product_name,p1_0.price,p1_0.provider_id,p1_0.stock from product p1_0
2026-08-13T10:55:31.807+07:00 DEBUG 16492 --- [  restartedMain] org.hibernate.SQL                        : select c1_0.id,c1_0.code,c1_0.type from category c1_0 where c1_0.id=?
2026-08-13T10:55:31.810+07:00 DEBUG 16492 --- [  restartedMain] org.hibernate.SQL                        : select p1_0.id,p1_0.logo,p1_0.name from provider p1_0 where p1_0.id=?
2026-08-13T10:55:31.810+07:00 DEBUG 16492 --- [  restartedMain] org.hibernate.SQL                        : select p1_0.id,p1_0.logo,p1_0.name from provider p1_0 where p1_0.id=?
2026-08-13T10:55:31.810+07:00 DEBUG 16492 --- [  restartedMain] org.hibernate.SQL                        : select p1_0.id,p1_0.logo,p1_0.name from provider p1_0 where p1_0.id=?
2026-08-13T10:55:31.810+07:00 DEBUG 16492 --- [  restartedMain] org.hibernate.SQL                        : select p1_0.id,p1_0.logo,p1_0.name from provider p1_0 where p1_0.id=?
2026-08-13T10:55:31.817+07:00 DEBUG 16492 --- [  restartedMain] org.hibernate.SQL                        : select p1_0.id,p1_0.logo,p1_0.name from provider p1_0 where p1_0.id=?
2026-08-13T10:55:31.817+07:00 DEBUG 16492 --- [  restartedMain] org.hibernate.SQL                        : select p1_0.id,p1_0.logo,p1_0.name from provider p1_0 where p1_0.id=?
2026-08-13T10:55:31.819+07:00 DEBUG 16492 --- [  restartedMain] org.hibernate.SQL                        : select c1_0.id,c1_0.code,c1_0.type from category c1_0 where c1_0.id=?
2026-08-13T10:55:31.819+07:00 DEBUG 16492 --- [  restartedMain] org.hibernate.SQL                        : select c1_0.id,c1_0.code,c1_0.type from category c1_0 where c1_0.id=?
2026-08-13T10:55:31.821+07:00 DEBUG 16492 --- [  restartedMain] org.hibernate.SQL                        : select th1_0.id from transaction_history th1_0 where th1_0.transaction_id=? limit ?
2026-08-13T10:55:31.821+07:00 DEBUG 16492 --- [  restartedMain] org.hibernate.SQL                        : select th1_0.id from transaction_history th1_0 where th1_0.serial_number=? limit ?
2026-08-13T10:55:31.827+07:00 DEBUG 16492 --- [  restartedMain] org.hibernate.SQL                        : select p1_0.id,p1_0.category_id,p1_0.description,p1_0.product_name,p1_0.price,p1_0.provider_id,p1_0.stock from product p1_0
2026-08-13T10:55:31.827+07:00 DEBUG 16492 --- [  restartedMain] org.hibernate.SQL                        : select c1_0.id,c1_0.code,c1_0.type from category c1_0 where c1_0.id=?
2026-08-13T10:55:31.827+07:00 DEBUG 16492 --- [  restartedMain] org.hibernate.SQL                        : select p1_0.id,p1_0.logo,p1_0.name from provider p1_0 where p1_0.id=?
2026-08-13T10:55:31.827+07:00 DEBUG 16492 --- [  restartedMain] org.hibernate.SQL                        : select p1_0.id,p1_0.logo,p1_0.name from provider p1_0 where p1_0.id=?
2026-08-13T10:55:31.827+07:00 DEBUG 16492 --- [  restartedMain] org.hibernate.SQL                        : select p1_0.id,p1_0.logo,p1_0.name from provider p1_0 where p1_0.id=?
2026-08-13T10:55:31.836+07:00 DEBUG 16492 --- [  restartedMain] org.hibernate.SQL                        : select p1_0.id,p1_0.logo,p1_0.name from provider p1_0 where p1_0.id=?
2026-08-13T10:55:31.838+07:00 DEBUG 16492 --- [  restartedMain] org.hibernate.SQL                        : select p1_0.id,p1_0.logo,p1_0.name from provider p1_0 where p1_0.id=?
2026-08-13T10:55:31.838+07:00 DEBUG 16492 --- [  restartedMain] org.hibernate.SQL                        : select p1_0.id,p1_0.logo,p1_0.name from provider p1_0 where p1_0.id=?
2026-08-13T10:55:31.838+07:00 DEBUG 16492 --- [  restartedMain] org.hibernate.SQL                        : select c1_0.id,c1_0.code,c1_0.type from category c1_0 where c1_0.id=?
2026-08-13T10:55:31.838+07:00 DEBUG 16492 --- [  restartedMain] org.hibernate.SQL                        : select c1_0.id,c1_0.code,c1_0.type from category c1_0 where c1_0.id=?
2026-08-13T10:55:31.838+07:00 DEBUG 16492 --- [  restartedMain] org.hibernate.SQL                        : select th1_0.id from transaction_history th1_0 where th1_0.transaction_id=? limit ?
2026-08-13T10:55:31.844+07:00 DEBUG 16492 --- [  restartedMain] org.hibernate.SQL                        : select th1_0.id from transaction_history th1_0 where th1_0.serial_number=? limit ?
2026-08-13T10:55:31.847+07:00 DEBUG 16492 --- [  restartedMain] org.hibernate.SQL                        : select p1_0.id,p1_0.category_id,p1_0.description,p1_0.product_name,p1_0.price,p1_0.provider_id,p1_0.stock from product p1_0
2026-08-13T10:55:31.851+07:00 DEBUG 16492 --- [  restartedMain] org.hibernate.SQL                        : select c1_0.id,c1_0.code,c1_0.type from category c1_0 where c1_0.id=?
2026-08-13T10:55:31.853+07:00 DEBUG 16492 --- [  restartedMain] org.hibernate.SQL                        : select p1_0.id,p1_0.logo,p1_0.name from provider p1_0 where p1_0.id=?
2026-08-13T10:55:31.853+07:00 DEBUG 16492 --- [  restartedMain] org.hibernate.SQL                        : select p1_0.id,p1_0.logo,p1_0.name from provider p1_0 where p1_0.id=?
2026-08-13T10:55:31.853+07:00 DEBUG 16492 --- [  restartedMain] org.hibernate.SQL                        : select p1_0.id,p1_0.logo,p1_0.name from provider p1_0 where p1_0.id=?
2026-08-13T10:55:31.857+07:00 DEBUG 16492 --- [  restartedMain] org.hibernate.SQL                        : select p1_0.id,p1_0.logo,p1_0.name from provider p1_0 where p1_0.id=?
2026-08-13T10:55:31.857+07:00 DEBUG 16492 --- [  restartedMain] org.hibernate.SQL                        : select p1_0.id,p1_0.logo,p1_0.name from provider p1_0 where p1_0.id=?
2026-08-13T10:55:31.861+07:00 DEBUG 16492 --- [  restartedMain] org.hibernate.SQL                        : select p1_0.id,p1_0.logo,p1_0.name from provider p1_0 where p1_0.id=?
2026-08-13T10:55:31.861+07:00 DEBUG 16492 --- [  restartedMain] org.hibernate.SQL                        : select c1_0.id,c1_0.code,c1_0.type from category c1_0 where c1_0.id=?
2026-08-13T10:55:31.861+07:00 DEBUG 16492 --- [  restartedMain] org.hibernate.SQL                        : select c1_0.id,c1_0.code,c1_0.type from category c1_0 where c1_0.id=?
2026-08-13T10:55:31.861+07:00 DEBUG 16492 --- [  restartedMain] org.hibernate.SQL                        : select th1_0.id from transaction_history th1_0 where th1_0.transaction_id=? limit ?
2026-08-13T10:55:31.867+07:00 DEBUG 16492 --- [  restartedMain] org.hibernate.SQL                        : select th1_0.id from transaction_history th1_0 where th1_0.serial_number=? limit ?
2026-08-13T10:55:31.869+07:00 DEBUG 16492 --- [  restartedMain] org.hibernate.SQL                        : insert into transaction_history (amount_paid,customer,customer_number,product_id,serial_number,status,timestamp,transaction_id,purchaser) values (?,?,?,?,?,?,?,?,?)
2026-08-13T10:55:31.869+07:00 DEBUG 16492 --- [  restartedMain] org.hibernate.SQL                        : insert into transaction_history (amount_paid,customer,customer_number,product_id,serial_number,status,timestamp,transaction_id,purchaser) values (?,?,?,?,?,?,?,?,?)
2026-08-13T10:55:31.869+07:00 DEBUG 16492 --- [  restartedMain] org.hibernate.SQL                        : insert into transaction_history (amount_paid,customer,customer_number,product_id,serial_number,status,timestamp,transaction_id,purchaser) values (?,?,?,?,?,?,?,?,?)
2026-08-13T10:55:31.878+07:00 DEBUG 16492 --- [  restartedMain] org.hibernate.SQL                        : insert into transaction_history (amount_paid,customer,customer_number,product_id,serial_number,status,timestamp,transaction_id,purchaser) values (?,?,?,?,?,?,?,?,?)
2026-08-13T10:55:31.878+07:00 DEBUG 16492 --- [  restartedMain] org.hibernate.SQL                        : insert into transaction_history (amount_paid,customer,customer_number,product_id,serial_number,status,timestamp,transaction_id,purchaser) values (?,?,?,?,?,?,?,?,?)
2026-08-13T10:55:31.878+07:00 DEBUG 16492 --- [  restartedMain] org.hibernate.SQL                        : insert into transaction_history (amount_paid,customer,customer_number,product_id,serial_number,status,timestamp,transaction_id,purchaser) values (?,?,?,?,?,?,?,?,?)
2026-08-13T10:55:31.878+07:00 DEBUG 16492 --- [  restartedMain] org.hibernate.SQL                        : insert into transaction_history (amount_paid,customer,customer_number,product_id,serial_number,status,timestamp,transaction_id,purchaser) values (?,?,?,?,?,?,?,?,?)
2026-08-13T10:55:31.887+07:00 DEBUG 16492 --- [  restartedMain] org.hibernate.SQL                        : insert into transaction_history (amount_paid,customer,customer_number,product_id,serial_number,status,timestamp,transaction_id,purchaser) values (?,?,?,?,?,?,?,?,?)
2026-08-13T10:55:31.887+07:00 DEBUG 16492 --- [  restartedMain] org.hibernate.SQL                        : insert into transaction_history (amount_paid,customer,customer_number,product_id,serial_number,status,timestamp,transaction_id,purchaser) values (?,?,?,?,?,?,?,?,?)
2026-08-13T10:55:31.887+07:00 DEBUG 16492 --- [  restartedMain] org.hibernate.SQL                        : insert into transaction_history (amount_paid,customer,customer_number,product_id,serial_number,status,timestamp,transaction_id,purchaser) values (?,?,?,?,?,?,?,?,?)
2026-08-13T10:55:31.894+07:00  INFO 16492 --- [  restartedMain] com.example.kartu.seed.DataDummy         : [DUMMY] 10 transaction history records created.
2026-08-13T10:55:31.894+07:00  INFO 16492 --- [  restartedMain] com.example.kartu.seed.DataDummy         : [DUMMY] All dummy data prepared successfully.
[SCHEDULER] Checking pending Top Up requests...
2026-08-13T10:56:29.929+07:00 DEBUG 16492 --- [   scheduling-1] org.hibernate.SQL                        : select tu1_0.id,tu1_0.amount,tu1_0.date,tu1_0.status,tu1_0.user_id from top_up tu1_0 where tu1_0.status=?
2026-08-13T10:56:29.929+07:00 DEBUG 16492 --- [   scheduling-1] org.hibernate.SQL                        : select u1_0.id,u1_0.balance,u1_0.created_at,u1_0.password,u1_0.phone_number,u1_0.recovery_key,u1_0.role,u1_0.status,u1_0.username from user u1_0 where u1_0.id=?
[SCHEDULER] Checking pending Top Up requests...
2026-08-13T10:57:29.930+07:00 DEBUG 16492 --- [   scheduling-1] org.hibernate.SQL                        : select tu1_0.id,tu1_0.amount,tu1_0.date,tu1_0.status,tu1_0.user_id from top_up tu1_0 where tu1_0.status=?
2026-08-13T10:57:29.930+07:00 DEBUG 16492 --- [   scheduling-1] org.hibernate.SQL                        : select u1_0.id,u1_0.balance,u1_0.created_at,u1_0.password,u1_0.phone_number,u1_0.recovery_key,u1_0.role,u1_0.status,u1_0.username from user u1_0 where u1_0.id=?
2026-08-13T10:57:29.936+07:00  INFO 16492 --- [   scheduling-1] c.example.kartu.services.TopUpService    : Top Up ID 6 processed automatically with SUCCESS status.
2026-08-13T10:57:29.940+07:00 DEBUG 16492 --- [   scheduling-1] org.hibernate.SQL                        : update user set balance=?,password=?,phone_number=?,recovery_key=?,role=?,status=?,username=? where id=?
2026-08-13T10:57:29.944+07:00 DEBUG 16492 --- [   scheduling-1] org.hibernate.SQL                        : update top_up set amount=?,date=?,status=?,user_id=? where id=?
[SCHEDULER] Checking pending Top Up requests...
2026-08-13T10:58:29.948+07:00 DEBUG 16492 --- [   scheduling-1] org.hibernate.SQL                        : select tu1_0.id,tu1_0.amount,tu1_0.date,tu1_0.status,tu1_0.user_id from top_up tu1_0 where tu1_0.status=?
[SCHEDULER] Checking pending Top Up requests...
2026-08-13T10:59:29.919+07:00 DEBUG 16492 --- [   scheduling-1] org.hibernate.SQL                        : select tu1_0.id,tu1_0.amount,tu1_0.date,tu1_0.status,tu1_0.user_id from top_up tu1_0 where tu1_0.status=?
[SCHEDULER] Checking pending Top Up requests...
2026-08-13T11:00:29.935+07:00 DEBUG 16492 --- [   scheduling-1] org.hibernate.SQL                        : select tu1_0.id,tu1_0.amount,tu1_0.date,tu1_0.status,tu1_0.user_id from top_up tu1_0 where tu1_0.status=?
[SCHEDULER] Checking pending Top Up requests...
2026-08-13T11:01:29.933+07:00 DEBUG 16492 --- [   scheduling-1] org.hibernate.SQL                        : select tu1_0.id,tu1_0.amount,tu1_0.date,tu1_0.status,tu1_0.user_id from top_up tu1_0 where tu1_0.status=?
[SCHEDULER] Checking pending Top Up requests...
2026-08-13T11:02:29.937+07:00 DEBUG 16492 --- [   scheduling-1] org.hibernate.SQL                        : select tu1_0.id,tu1_0.amount,tu1_0.date,tu1_0.status,tu1_0.user_id from top_up tu1_0 where tu1_0.status=?
[SCHEDULER] Checking pending Top Up requests...
2026-08-13T11:03:29.914+07:00 DEBUG 16492 --- [   scheduling-1] org.hibernate.SQL                        : select tu1_0.id,tu1_0.amount,tu1_0.date,tu1_0.status,tu1_0.user_id from top_up tu1_0 where tu1_0.status=?
[SCHEDULER] Checking pending Top Up requests...
2026-08-13T11:04:29.942+07:00 DEBUG 16492 --- [   scheduling-1] org.hibernate.SQL                        : select tu1_0.id,tu1_0.amount,tu1_0.date,tu1_0.status,tu1_0.user_id from top_up tu1_0 where tu1_0.status=?
[SCHEDULER] Checking pending Top Up requests...
2026-08-13T11:05:29.946+07:00 DEBUG 16492 --- [   scheduling-1] org.hibernate.SQL                        : select tu1_0.id,tu1_0.amount,tu1_0.date,tu1_0.status,tu1_0.user_id from top_up tu1_0 where tu1_0.status=?
[SCHEDULER] Checking pending Top Up requests...
2026-08-13T11:06:29.925+07:00 DEBUG 16492 --- [   scheduling-1] org.hibernate.SQL                        : select tu1_0.id,tu1_0.amount,tu1_0.date,tu1_0.status,tu1_0.user_id from top_up tu1_0 where tu1_0.status=?
[SCHEDULER] Checking pending Top Up requests...
2026-08-13T11:07:29.948+07:00 DEBUG 16492 --- [   scheduling-1] org.hibernate.SQL                        : select tu1_0.id,tu1_0.amount,tu1_0.date,tu1_0.status,tu1_0.user_id from top_up tu1_0 where tu1_0.status=?
[SCHEDULER] Checking pending Top Up requests...
2026-08-13T11:08:29.936+07:00 DEBUG 16492 --- [   scheduling-1] org.hibernate.SQL                        : select tu1_0.id,tu1_0.amount,tu1_0.date,tu1_0.status,tu1_0.user_id from top_up tu1_0 where tu1_0.status=?
[SCHEDULER] Checking pending Top Up requests...
2026-08-13T11:09:29.937+07:00 DEBUG 16492 --- [   scheduling-1] org.hibernate.SQL                        : select tu1_0.id,tu1_0.amount,tu1_0.date,tu1_0.status,tu1_0.user_id from top_up tu1_0 where tu1_0.status=?
[SCHEDULER] Checking pending Top Up requests...
2026-08-13T11:10:29.920+07:00 DEBUG 16492 --- [   scheduling-1] org.hibernate.SQL                        : select tu1_0.id,tu1_0.amount,tu1_0.date,tu1_0.status,tu1_0.user_id from top_up tu1_0 where tu1_0.status=?
[SCHEDULER] Checking pending Top Up requests...
2026-08-13T11:11:29.944+07:00 DEBUG 16492 --- [   scheduling-1] org.hibernate.SQL                        : select tu1_0.id,tu1_0.amount,tu1_0.date,tu1_0.status,tu1_0.user_id from top_up tu1_0 where tu1_0.status=?
[SCHEDULER] Checking pending Top Up requests...
2026-08-13T11:12:29.936+07:00 DEBUG 16492 --- [   scheduling-1] org.hibernate.SQL                        : select tu1_0.id,tu1_0.amount,tu1_0.date,tu1_0.status,tu1_0.user_id from top_up tu1_0 where tu1_0.status=?
[SCHEDULER] Checking pending Top Up requests...
2026-08-13T11:13:29.941+07:00 DEBUG 16492 --- [   scheduling-1] org.hibernate.SQL                        : select tu1_0.id,tu1_0.amount,tu1_0.date,tu1_0.status,tu1_0.user_id from top_up tu1_0 where tu1_0.status=?
[SCHEDULER] Checking pending Top Up requests...
2026-08-13T11:14:29.951+07:00 DEBUG 16492 --- [   scheduling-1] org.hibernate.SQL                        : select tu1_0.id,tu1_0.amount,tu1_0.date,tu1_0.status,tu1_0.user_id from top_up tu1_0 where tu1_0.status=?
[SCHEDULER] Checking pending Top Up requests...
2026-08-13T11:15:29.943+07:00 DEBUG 16492 --- [   scheduling-1] org.hibernate.SQL                        : select tu1_0.id,tu1_0.amount,tu1_0.date,tu1_0.status,tu1_0.user_id from top_up tu1_0 where tu1_0.status=?
[SCHEDULER] Checking pending Top Up requests...
2026-08-13T11:16:29.927+07:00 DEBUG 16492 --- [   scheduling-1] org.hibernate.SQL                        : select tu1_0.id,tu1_0.amount,tu1_0.date,tu1_0.status,tu1_0.user_id from top_up tu1_0 where tu1_0.status=?
2026-08-13T14:21:29.150+07:00  WARN 16492 --- [l-1 housekeeper] com.zaxxer.hikari.pool.HikariPool        : HikariPool-1 - Thread starvation or clock leap detected (housekeeper delta=3h5m1s337ms579µs500ns).
[SCHEDULER] Checking pending Top Up requests...
2026-08-13T14:22:01.264+07:00 DEBUG 16492 --- [   scheduling-1] org.hibernate.SQL                        : select tu1_0.id,tu1_0.amount,tu1_0.date,tu1_0.status,tu1_0.user_id from top_up tu1_0 where tu1_0.status=?
[SCHEDULER] Checking pending Top Up requests...
2026-08-13T14:22:01.269+07:00 DEBUG 16492 --- [   scheduling-1] org.hibernate.SQL                        : select tu1_0.id,tu1_0.amount,tu1_0.date,tu1_0.status,tu1_0.user_id from top_up tu1_0 where tu1_0.status=?
[SCHEDULER] Checking pending Top Up requests...
2026-08-13T14:22:01.269+07:00 DEBUG 16492 --- [   scheduling-1] org.hibernate.SQL                        : select tu1_0.id,tu1_0.amount,tu1_0.date,tu1_0.status,tu1_0.user_id from top_up tu1_0 where tu1_0.status=?
[SCHEDULER] Checking pending Top Up requests...
2026-08-13T14:22:01.269+07:00 DEBUG 16492 --- [   scheduling-1] org.hibernate.SQL                        : select tu1_0.id,tu1_0.amount,tu1_0.date,tu1_0.status,tu1_0.user_id from top_up tu1_0 where tu1_0.status=?
[SCHEDULER] Checking pending Top Up requests...
2026-08-13T14:22:01.279+07:00 DEBUG 16492 --- [   scheduling-1] org.hibernate.SQL                        : select tu1_0.id,tu1_0.amount,tu1_0.date,tu1_0.status,tu1_0.user_id from top_up tu1_0 where tu1_0.status=?
[SCHEDULER] Checking pending Top Up requests...
2026-08-13T14:22:01.279+07:00 DEBUG 16492 --- [   scheduling-1] org.hibernate.SQL                        : select tu1_0.id,tu1_0.amount,tu1_0.date,tu1_0.status,tu1_0.user_id from top_up tu1_0 where tu1_0.status=?
[SCHEDULER] Checking pending Top Up requests...
2026-08-13T14:22:01.286+07:00 DEBUG 16492 --- [   scheduling-1] org.hibernate.SQL                        : select tu1_0.id,tu1_0.amount,tu1_0.date,tu1_0.status,tu1_0.user_id from top_up tu1_0 where tu1_0.status=?
[SCHEDULER] Checking pending Top Up requests...
2026-08-13T14:22:01.290+07:00 DEBUG 16492 --- [   scheduling-1] org.hibernate.SQL                        : select tu1_0.id,tu1_0.amount,tu1_0.date,tu1_0.status,tu1_0.user_id from top_up tu1_0 where tu1_0.status=?
[SCHEDULER] Checking pending Top Up requests...
2026-08-13T14:22:01.290+07:00 DEBUG 16492 --- [   scheduling-1] org.hibernate.SQL                        : select tu1_0.id,tu1_0.amount,tu1_0.date,tu1_0.status,tu1_0.user_id from top_up tu1_0 where tu1_0.status=?
[SCHEDULER] Checking pending Top Up requests...
2026-08-13T14:22:01.295+07:00 DEBUG 16492 --- [   scheduling-1] org.hibernate.SQL                        : select tu1_0.id,tu1_0.amount,tu1_0.date,tu1_0.status,tu1_0.user_id from top_up tu1_0 where tu1_0.status=?
[SCHEDULER] Checking pending Top Up requests...
2026-08-13T14:22:01.331+07:00 DEBUG 16492 --- [   scheduling-1] org.hibernate.SQL                        : select tu1_0.id,tu1_0.amount,tu1_0.date,tu1_0.status,tu1_0.user_id from top_up tu1_0 where tu1_0.status=?
[SCHEDULER] Checking pending Top Up requests...
2026-08-13T14:22:01.331+07:00 DEBUG 16492 --- [   scheduling-1] org.hibernate.SQL                        : select tu1_0.id,tu1_0.amount,tu1_0.date,tu1_0.status,tu1_0.user_id from top_up tu1_0 where tu1_0.status=?
[SCHEDULER] Checking pending Top Up requests...
2026-08-13T14:22:01.339+07:00 DEBUG 16492 --- [   scheduling-1] org.hibernate.SQL                        : select tu1_0.id,tu1_0.amount,tu1_0.date,tu1_0.status,tu1_0.user_id from top_up tu1_0 where tu1_0.status=?
[SCHEDULER] Checking pending Top Up requests...
2026-08-13T14:22:01.342+07:00 DEBUG 16492 --- [   scheduling-1] org.hibernate.SQL                        : select tu1_0.id,tu1_0.amount,tu1_0.date,tu1_0.status,tu1_0.user_id from top_up tu1_0 where tu1_0.status=?
[SCHEDULER] Checking pending Top Up requests...
2026-08-13T14:22:01.344+07:00 DEBUG 16492 --- [   scheduling-1] org.hibernate.SQL                        : select tu1_0.id,tu1_0.amount,tu1_0.date,tu1_0.status,tu1_0.user_id from top_up tu1_0 where tu1_0.status=?
[SCHEDULER] Checking pending Top Up requests...
2026-08-13T14:22:01.344+07:00 DEBUG 16492 --- [   scheduling-1] org.hibernate.SQL                        : select tu1_0.id,tu1_0.amount,tu1_0.date,tu1_0.status,tu1_0.user_id from top_up tu1_0 where tu1_0.status=?
[SCHEDULER] Checking pending Top Up requests...
2026-08-13T14:22:01.352+07:00 DEBUG 16492 --- [   scheduling-1] org.hibernate.SQL                        : select tu1_0.id,tu1_0.amount,tu1_0.date,tu1_0.status,tu1_0.user_id from top_up tu1_0 where tu1_0.status=?
[SCHEDULER] Checking pending Top Up requests...
2026-08-13T14:22:01.352+07:00 DEBUG 16492 --- [   scheduling-1] org.hibernate.SQL                        : select tu1_0.id,tu1_0.amount,tu1_0.date,tu1_0.status,tu1_0.user_id from top_up tu1_0 where tu1_0.status=?
[SCHEDULER] Checking pending Top Up requests...
2026-08-13T14:22:01.352+07:00 DEBUG 16492 --- [   scheduling-1] org.hibernate.SQL                        : select tu1_0.id,tu1_0.amount,tu1_0.date,tu1_0.status,tu1_0.user_id from top_up tu1_0 where tu1_0.status=?
[SCHEDULER] Checking pending Top Up requests...
2026-08-13T14:22:01.361+07:00 DEBUG 16492 --- [   scheduling-1] org.hibernate.SQL                        : select tu1_0.id,tu1_0.amount,tu1_0.date,tu1_0.status,tu1_0.user_id from top_up tu1_0 where tu1_0.status=?
[SCHEDULER] Checking pending Top Up requests...
2026-08-13T14:22:01.364+07:00 DEBUG 16492 --- [   scheduling-1] org.hibernate.SQL                        : select tu1_0.id,tu1_0.amount,tu1_0.date,tu1_0.status,tu1_0.user_id from top_up tu1_0 where tu1_0.status=?
[SCHEDULER] Checking pending Top Up requests...
2026-08-13T14:22:01.370+07:00 DEBUG 16492 --- [   scheduling-1] org.hibernate.SQL                        : select tu1_0.id,tu1_0.amount,tu1_0.date,tu1_0.status,tu1_0.user_id from top_up tu1_0 where tu1_0.status=?
[SCHEDULER] Checking pending Top Up requests...
2026-08-13T14:22:01.372+07:00 DEBUG 16492 --- [   scheduling-1] org.hibernate.SQL                        : select tu1_0.id,tu1_0.amount,tu1_0.date,tu1_0.status,tu1_0.user_id from top_up tu1_0 where tu1_0.status=?
[SCHEDULER] Checking pending Top Up requests...
2026-08-13T14:22:01.377+07:00 DEBUG 16492 --- [   scheduling-1] org.hibernate.SQL                        : select tu1_0.id,tu1_0.amount,tu1_0.date,tu1_0.status,tu1_0.user_id from top_up tu1_0 where tu1_0.status=?
[SCHEDULER] Checking pending Top Up requests...
2026-08-13T14:22:01.380+07:00 DEBUG 16492 --- [   scheduling-1] org.hibernate.SQL                        : select tu1_0.id,tu1_0.amount,tu1_0.date,tu1_0.status,tu1_0.user_id from top_up tu1_0 where tu1_0.status=?
[SCHEDULER] Checking pending Top Up requests...
2026-08-13T14:22:01.383+07:00 DEBUG 16492 --- [   scheduling-1] org.hibernate.SQL                        : select tu1_0.id,tu1_0.amount,tu1_0.date,tu1_0.status,tu1_0.user_id from top_up tu1_0 where tu1_0.status=?
[SCHEDULER] Checking pending Top Up requests...
2026-08-13T14:22:01.385+07:00 DEBUG 16492 --- [   scheduling-1] org.hibernate.SQL                        : select tu1_0.id,tu1_0.amount,tu1_0.date,tu1_0.status,tu1_0.user_id from top_up tu1_0 where tu1_0.status=?
[SCHEDULER] Checking pending Top Up requests...
2026-08-13T14:22:01.390+07:00 DEBUG 16492 --- [   scheduling-1] org.hibernate.SQL                        : select tu1_0.id,tu1_0.amount,tu1_0.date,tu1_0.status,tu1_0.user_id from top_up tu1_0 where tu1_0.status=?
[SCHEDULER] Checking pending Top Up requests...
2026-08-13T14:22:01.390+07:00 DEBUG 16492 --- [   scheduling-1] org.hibernate.SQL                        : select tu1_0.id,tu1_0.amount,tu1_0.date,tu1_0.status,tu1_0.user_id from top_up tu1_0 where tu1_0.status=?
[SCHEDULER] Checking pending Top Up requests...
2026-08-13T14:22:01.393+07:00 DEBUG 16492 --- [   scheduling-1] org.hibernate.SQL                        : select tu1_0.id,tu1_0.amount,tu1_0.date,tu1_0.status,tu1_0.user_id from top_up tu1_0 where tu1_0.status=?
[SCHEDULER] Checking pending Top Up requests...
2026-08-13T14:22:01.393+07:00 DEBUG 16492 --- [   scheduling-1] org.hibernate.SQL                        : select tu1_0.id,tu1_0.amount,tu1_0.date,tu1_0.status,tu1_0.user_id from top_up tu1_0 where tu1_0.status=?
[SCHEDULER] Checking pending Top Up requests...
2026-08-13T14:22:01.401+07:00 DEBUG 16492 --- [   scheduling-1] org.hibernate.SQL                        : select tu1_0.id,tu1_0.amount,tu1_0.date,tu1_0.status,tu1_0.user_id from top_up tu1_0 where tu1_0.status=?
[SCHEDULER] Checking pending Top Up requests...
2026-08-13T14:22:01.404+07:00 DEBUG 16492 --- [   scheduling-1] org.hibernate.SQL                        : select tu1_0.id,tu1_0.amount,tu1_0.date,tu1_0.status,tu1_0.user_id from top_up tu1_0 where tu1_0.status=?
[SCHEDULER] Checking pending Top Up requests...
2026-08-13T14:22:01.409+07:00 DEBUG 16492 --- [   scheduling-1] org.hibernate.SQL                        : select tu1_0.id,tu1_0.amount,tu1_0.date,tu1_0.status,tu1_0.user_id from top_up tu1_0 where tu1_0.status=?
[SCHEDULER] Checking pending Top Up requests...
2026-08-13T14:22:01.409+07:00 DEBUG 16492 --- [   scheduling-1] org.hibernate.SQL                        : select tu1_0.id,tu1_0.amount,tu1_0.date,tu1_0.status,tu1_0.user_id from top_up tu1_0 where tu1_0.status=?
[SCHEDULER] Checking pending Top Up requests...
2026-08-13T14:22:01.413+07:00 DEBUG 16492 --- [   scheduling-1] org.hibernate.SQL                        : select tu1_0.id,tu1_0.amount,tu1_0.date,tu1_0.status,tu1_0.user_id from top_up tu1_0 where tu1_0.status=?
[SCHEDULER] Checking pending Top Up requests...
2026-08-13T14:22:01.418+07:00 DEBUG 16492 --- [   scheduling-1] org.hibernate.SQL                        : select tu1_0.id,tu1_0.amount,tu1_0.date,tu1_0.status,tu1_0.user_id from top_up tu1_0 where tu1_0.status=?
[SCHEDULER] Checking pending Top Up requests...
2026-08-13T14:22:01.421+07:00 DEBUG 16492 --- [   scheduling-1] org.hibernate.SQL                        : select tu1_0.id,tu1_0.amount,tu1_0.date,tu1_0.status,tu1_0.user_id from top_up tu1_0 where tu1_0.status=?
[SCHEDULER] Checking pending Top Up requests...
2026-08-13T14:22:01.424+07:00 DEBUG 16492 --- [   scheduling-1] org.hibernate.SQL                        : select tu1_0.id,tu1_0.amount,tu1_0.date,tu1_0.status,tu1_0.user_id from top_up tu1_0 where tu1_0.status=?
[SCHEDULER] Checking pending Top Up requests...
2026-08-13T14:22:01.426+07:00 DEBUG 16492 --- [   scheduling-1] org.hibernate.SQL                        : select tu1_0.id,tu1_0.amount,tu1_0.date,tu1_0.status,tu1_0.user_id from top_up tu1_0 where tu1_0.status=?
[SCHEDULER] Checking pending Top Up requests...
2026-08-13T14:22:01.429+07:00 DEBUG 16492 --- [   scheduling-1] org.hibernate.SQL                        : select tu1_0.id,tu1_0.amount,tu1_0.date,tu1_0.status,tu1_0.user_id from top_up tu1_0 where tu1_0.status=?
[SCHEDULER] Checking pending Top Up requests...
2026-08-13T14:22:01.429+07:00 DEBUG 16492 --- [   scheduling-1] org.hibernate.SQL                        : select tu1_0.id,tu1_0.amount,tu1_0.date,tu1_0.status,tu1_0.user_id from top_up tu1_0 where tu1_0.status=?
[SCHEDULER] Checking pending Top Up requests...
2026-08-13T14:22:01.434+07:00 DEBUG 16492 --- [   scheduling-1] org.hibernate.SQL                        : select tu1_0.id,tu1_0.amount,tu1_0.date,tu1_0.status,tu1_0.user_id from top_up tu1_0 where tu1_0.status=?
[SCHEDULER] Checking pending Top Up requests...
2026-08-13T14:22:01.439+07:00 DEBUG 16492 --- [   scheduling-1] org.hibernate.SQL                        : select tu1_0.id,tu1_0.amount,tu1_0.date,tu1_0.status,tu1_0.user_id from top_up tu1_0 where tu1_0.status=?
[SCHEDULER] Checking pending Top Up requests...
2026-08-13T14:22:01.444+07:00 DEBUG 16492 --- [   scheduling-1] org.hibernate.SQL                        : select tu1_0.id,tu1_0.amount,tu1_0.date,tu1_0.status,tu1_0.user_id from top_up tu1_0 where tu1_0.status=?
[SCHEDULER] Checking pending Top Up requests...
2026-08-13T14:22:01.444+07:00 DEBUG 16492 --- [   scheduling-1] org.hibernate.SQL                        : select tu1_0.id,tu1_0.amount,tu1_0.date,tu1_0.status,tu1_0.user_id from top_up tu1_0 where tu1_0.status=?
[SCHEDULER] Checking pending Top Up requests...
2026-08-13T14:22:01.451+07:00 DEBUG 16492 --- [   scheduling-1] org.hibernate.SQL                        : select tu1_0.id,tu1_0.amount,tu1_0.date,tu1_0.status,tu1_0.user_id from top_up tu1_0 where tu1_0.status=?
[SCHEDULER] Checking pending Top Up requests...
2026-08-13T14:22:01.451+07:00 DEBUG 16492 --- [   scheduling-1] org.hibernate.SQL                        : select tu1_0.id,tu1_0.amount,tu1_0.date,tu1_0.status,tu1_0.user_id from top_up tu1_0 where tu1_0.status=?
[SCHEDULER] Checking pending Top Up requests...
2026-08-13T14:22:01.455+07:00 DEBUG 16492 --- [   scheduling-1] org.hibernate.SQL                        : select tu1_0.id,tu1_0.amount,tu1_0.date,tu1_0.status,tu1_0.user_id from top_up tu1_0 where tu1_0.status=?
[SCHEDULER] Checking pending Top Up requests...
2026-08-13T14:22:01.460+07:00 DEBUG 16492 --- [   scheduling-1] org.hibernate.SQL                        : select tu1_0.id,tu1_0.amount,tu1_0.date,tu1_0.status,tu1_0.user_id from top_up tu1_0 where tu1_0.status=?
[SCHEDULER] Checking pending Top Up requests...
2026-08-13T14:22:01.461+07:00 DEBUG 16492 --- [   scheduling-1] org.hibernate.SQL                        : select tu1_0.id,tu1_0.amount,tu1_0.date,tu1_0.status,tu1_0.user_id from top_up tu1_0 where tu1_0.status=?
[SCHEDULER] Checking pending Top Up requests...
2026-08-13T14:22:01.465+07:00 DEBUG 16492 --- [   scheduling-1] org.hibernate.SQL                        : select tu1_0.id,tu1_0.amount,tu1_0.date,tu1_0.status,tu1_0.user_id from top_up tu1_0 where tu1_0.status=?
[SCHEDULER] Checking pending Top Up requests...
2026-08-13T14:22:01.469+07:00 DEBUG 16492 --- [   scheduling-1] org.hibernate.SQL                        : select tu1_0.id,tu1_0.amount,tu1_0.date,tu1_0.status,tu1_0.user_id from top_up tu1_0 where tu1_0.status=?
[SCHEDULER] Checking pending Top Up requests...
2026-08-13T14:22:01.469+07:00 DEBUG 16492 --- [   scheduling-1] org.hibernate.SQL                        : select tu1_0.id,tu1_0.amount,tu1_0.date,tu1_0.status,tu1_0.user_id from top_up tu1_0 where tu1_0.status=?
[SCHEDULER] Checking pending Top Up requests...
2026-08-13T14:22:01.476+07:00 DEBUG 16492 --- [   scheduling-1] org.hibernate.SQL                        : select tu1_0.id,tu1_0.amount,tu1_0.date,tu1_0.status,tu1_0.user_id from top_up tu1_0 where tu1_0.status=?
[SCHEDULER] Checking pending Top Up requests...
2026-08-13T14:22:01.479+07:00 DEBUG 16492 --- [   scheduling-1] org.hibernate.SQL                        : select tu1_0.id,tu1_0.amount,tu1_0.date,tu1_0.status,tu1_0.user_id from top_up tu1_0 where tu1_0.status=?
[SCHEDULER] Checking pending Top Up requests...
2026-08-13T14:22:01.484+07:00 DEBUG 16492 --- [   scheduling-1] org.hibernate.SQL                        : select tu1_0.id,tu1_0.amount,tu1_0.date,tu1_0.status,tu1_0.user_id from top_up tu1_0 where tu1_0.status=?
[SCHEDULER] Checking pending Top Up requests...
2026-08-13T14:22:01.487+07:00 DEBUG 16492 --- [   scheduling-1] org.hibernate.SQL                        : select tu1_0.id,tu1_0.amount,tu1_0.date,tu1_0.status,tu1_0.user_id from top_up tu1_0 where tu1_0.status=?
[SCHEDULER] Checking pending Top Up requests...
2026-08-13T14:22:01.489+07:00 DEBUG 16492 --- [   scheduling-1] org.hibernate.SQL                        : select tu1_0.id,tu1_0.amount,tu1_0.date,tu1_0.status,tu1_0.user_id from top_up tu1_0 where tu1_0.status=?
[SCHEDULER] Checking pending Top Up requests...
2026-08-13T14:22:01.493+07:00 DEBUG 16492 --- [   scheduling-1] org.hibernate.SQL                        : select tu1_0.id,tu1_0.amount,tu1_0.date,tu1_0.status,tu1_0.user_id from top_up tu1_0 where tu1_0.status=?
[SCHEDULER] Checking pending Top Up requests...
2026-08-13T14:22:01.497+07:00 DEBUG 16492 --- [   scheduling-1] org.hibernate.SQL                        : select tu1_0.id,tu1_0.amount,tu1_0.date,tu1_0.status,tu1_0.user_id from top_up tu1_0 where tu1_0.status=?
[SCHEDULER] Checking pending Top Up requests...
2026-08-13T14:22:01.500+07:00 DEBUG 16492 --- [   scheduling-1] org.hibernate.SQL                        : select tu1_0.id,tu1_0.amount,tu1_0.date,tu1_0.status,tu1_0.user_id from top_up tu1_0 where tu1_0.status=?
[SCHEDULER] Checking pending Top Up requests...
2026-08-13T14:22:01.501+07:00 DEBUG 16492 --- [   scheduling-1] org.hibernate.SQL                        : select tu1_0.id,tu1_0.amount,tu1_0.date,tu1_0.status,tu1_0.user_id from top_up tu1_0 where tu1_0.status=?
[SCHEDULER] Checking pending Top Up requests...
2026-08-13T14:22:01.504+07:00 DEBUG 16492 --- [   scheduling-1] org.hibernate.SQL                        : select tu1_0.id,tu1_0.amount,tu1_0.date,tu1_0.status,tu1_0.user_id from top_up tu1_0 where tu1_0.status=?
[SCHEDULER] Checking pending Top Up requests...
2026-08-13T14:22:01.507+07:00 DEBUG 16492 --- [   scheduling-1] org.hibernate.SQL                        : select tu1_0.id,tu1_0.amount,tu1_0.date,tu1_0.status,tu1_0.user_id from top_up tu1_0 where tu1_0.status=?
[SCHEDULER] Checking pending Top Up requests...
2026-08-13T14:22:01.509+07:00 DEBUG 16492 --- [   scheduling-1] org.hibernate.SQL                        : select tu1_0.id,tu1_0.amount,tu1_0.date,tu1_0.status,tu1_0.user_id from top_up tu1_0 where tu1_0.status=?
[SCHEDULER] Checking pending Top Up requests...
2026-08-13T14:22:01.509+07:00 DEBUG 16492 --- [   scheduling-1] org.hibernate.SQL                        : select tu1_0.id,tu1_0.amount,tu1_0.date,tu1_0.status,tu1_0.user_id from top_up tu1_0 where tu1_0.status=?
[SCHEDULER] Checking pending Top Up requests...
2026-08-13T14:22:01.519+07:00 DEBUG 16492 --- [   scheduling-1] org.hibernate.SQL                        : select tu1_0.id,tu1_0.amount,tu1_0.date,tu1_0.status,tu1_0.user_id from top_up tu1_0 where tu1_0.status=?
[SCHEDULER] Checking pending Top Up requests...
2026-08-13T14:22:01.522+07:00 DEBUG 16492 --- [   scheduling-1] org.hibernate.SQL                        : select tu1_0.id,tu1_0.amount,tu1_0.date,tu1_0.status,tu1_0.user_id from top_up tu1_0 where tu1_0.status=?
[SCHEDULER] Checking pending Top Up requests...
2026-08-13T14:22:01.528+07:00 DEBUG 16492 --- [   scheduling-1] org.hibernate.SQL                        : select tu1_0.id,tu1_0.amount,tu1_0.date,tu1_0.status,tu1_0.user_id from top_up tu1_0 where tu1_0.status=?
[SCHEDULER] Checking pending Top Up requests...
2026-08-13T14:22:01.529+07:00 DEBUG 16492 --- [   scheduling-1] org.hibernate.SQL                        : select tu1_0.id,tu1_0.amount,tu1_0.date,tu1_0.status,tu1_0.user_id from top_up tu1_0 where tu1_0.status=?
[SCHEDULER] Checking pending Top Up requests...
2026-08-13T14:22:01.534+07:00 DEBUG 16492 --- [   scheduling-1] org.hibernate.SQL                        : select tu1_0.id,tu1_0.amount,tu1_0.date,tu1_0.status,tu1_0.user_id from top_up tu1_0 where tu1_0.status=?
[SCHEDULER] Checking pending Top Up requests...
2026-08-13T14:22:01.534+07:00 DEBUG 16492 --- [   scheduling-1] org.hibernate.SQL                        : select tu1_0.id,tu1_0.amount,tu1_0.date,tu1_0.status,tu1_0.user_id from top_up tu1_0 where tu1_0.status=?
[SCHEDULER] Checking pending Top Up requests...
2026-08-13T14:22:01.539+07:00 DEBUG 16492 --- [   scheduling-1] org.hibernate.SQL                        : select tu1_0.id,tu1_0.amount,tu1_0.date,tu1_0.status,tu1_0.user_id from top_up tu1_0 where tu1_0.status=?
[SCHEDULER] Checking pending Top Up requests...
2026-08-13T14:22:01.542+07:00 DEBUG 16492 --- [   scheduling-1] org.hibernate.SQL                        : select tu1_0.id,tu1_0.amount,tu1_0.date,tu1_0.status,tu1_0.user_id from top_up tu1_0 where tu1_0.status=?
[SCHEDULER] Checking pending Top Up requests...
2026-08-13T14:22:01.542+07:00 DEBUG 16492 --- [   scheduling-1] org.hibernate.SQL                        : select tu1_0.id,tu1_0.amount,tu1_0.date,tu1_0.status,tu1_0.user_id from top_up tu1_0 where tu1_0.status=?
[SCHEDULER] Checking pending Top Up requests...
2026-08-13T14:22:01.542+07:00 DEBUG 16492 --- [   scheduling-1] org.hibernate.SQL                        : select tu1_0.id,tu1_0.amount,tu1_0.date,tu1_0.status,tu1_0.user_id from top_up tu1_0 where tu1_0.status=?
[SCHEDULER] Checking pending Top Up requests...
2026-08-13T14:22:01.549+07:00 DEBUG 16492 --- [   scheduling-1] org.hibernate.SQL                        : select tu1_0.id,tu1_0.amount,tu1_0.date,tu1_0.status,tu1_0.user_id from top_up tu1_0 where tu1_0.status=?
[SCHEDULER] Checking pending Top Up requests...
2026-08-13T14:22:01.551+07:00 DEBUG 16492 --- [   scheduling-1] org.hibernate.SQL                        : select tu1_0.id,tu1_0.amount,tu1_0.date,tu1_0.status,tu1_0.user_id from top_up tu1_0 where tu1_0.status=?
[SCHEDULER] Checking pending Top Up requests...
2026-08-13T14:22:01.551+07:00 DEBUG 16492 --- [   scheduling-1] org.hibernate.SQL                        : select tu1_0.id,tu1_0.amount,tu1_0.date,tu1_0.status,tu1_0.user_id from top_up tu1_0 where tu1_0.status=?
[SCHEDULER] Checking pending Top Up requests...
2026-08-13T14:22:01.551+07:00 DEBUG 16492 --- [   scheduling-1] org.hibernate.SQL                        : select tu1_0.id,tu1_0.amount,tu1_0.date,tu1_0.status,tu1_0.user_id from top_up tu1_0 where tu1_0.status=?
[SCHEDULER] Checking pending Top Up requests...
2026-08-13T14:22:01.560+07:00 DEBUG 16492 --- [   scheduling-1] org.hibernate.SQL                        : select tu1_0.id,tu1_0.amount,tu1_0.date,tu1_0.status,tu1_0.user_id from top_up tu1_0 where tu1_0.status=?
[SCHEDULER] Checking pending Top Up requests...
2026-08-13T14:22:01.560+07:00 DEBUG 16492 --- [   scheduling-1] org.hibernate.SQL                        : select tu1_0.id,tu1_0.amount,tu1_0.date,tu1_0.status,tu1_0.user_id from top_up tu1_0 where tu1_0.status=?
[SCHEDULER] Checking pending Top Up requests...
2026-08-13T14:22:01.570+07:00 DEBUG 16492 --- [   scheduling-1] org.hibernate.SQL                        : select tu1_0.id,tu1_0.amount,tu1_0.date,tu1_0.status,tu1_0.user_id from top_up tu1_0 where tu1_0.status=?
[SCHEDULER] Checking pending Top Up requests...
2026-08-13T14:22:01.570+07:00 DEBUG 16492 --- [   scheduling-1] org.hibernate.SQL                        : select tu1_0.id,tu1_0.amount,tu1_0.date,tu1_0.status,tu1_0.user_id from top_up tu1_0 where tu1_0.status=?
[SCHEDULER] Checking pending Top Up requests...
2026-08-13T14:22:01.570+07:00 DEBUG 16492 --- [   scheduling-1] org.hibernate.SQL                        : select tu1_0.id,tu1_0.amount,tu1_0.date,tu1_0.status,tu1_0.user_id from top_up tu1_0 where tu1_0.status=?
[SCHEDULER] Checking pending Top Up requests...
2026-08-13T14:22:01.576+07:00 DEBUG 16492 --- [   scheduling-1] org.hibernate.SQL                        : select tu1_0.id,tu1_0.amount,tu1_0.date,tu1_0.status,tu1_0.user_id from top_up tu1_0 where tu1_0.status=?
[SCHEDULER] Checking pending Top Up requests...
2026-08-13T14:22:01.580+07:00 DEBUG 16492 --- [   scheduling-1] org.hibernate.SQL                        : select tu1_0.id,tu1_0.amount,tu1_0.date,tu1_0.status,tu1_0.user_id from top_up tu1_0 where tu1_0.status=?
[SCHEDULER] Checking pending Top Up requests...
2026-08-13T14:22:01.580+07:00 DEBUG 16492 --- [   scheduling-1] org.hibernate.SQL                        : select tu1_0.id,tu1_0.amount,tu1_0.date,tu1_0.status,tu1_0.user_id from top_up tu1_0 where tu1_0.status=?
[SCHEDULER] Checking pending Top Up requests...
2026-08-13T14:22:01.584+07:00 DEBUG 16492 --- [   scheduling-1] org.hibernate.SQL                        : select tu1_0.id,tu1_0.amount,tu1_0.date,tu1_0.status,tu1_0.user_id from top_up tu1_0 where tu1_0.status=?
[SCHEDULER] Checking pending Top Up requests...
2026-08-13T14:22:01.584+07:00 DEBUG 16492 --- [   scheduling-1] org.hibernate.SQL                        : select tu1_0.id,tu1_0.amount,tu1_0.date,tu1_0.status,tu1_0.user_id from top_up tu1_0 where tu1_0.status=?
[SCHEDULER] Checking pending Top Up requests...
2026-08-13T14:22:01.589+07:00 DEBUG 16492 --- [   scheduling-1] org.hibernate.SQL                        : select tu1_0.id,tu1_0.amount,tu1_0.date,tu1_0.status,tu1_0.user_id from top_up tu1_0 where tu1_0.status=?
[SCHEDULER] Checking pending Top Up requests...
2026-08-13T14:22:01.593+07:00 DEBUG 16492 --- [   scheduling-1] org.hibernate.SQL                        : select tu1_0.id,tu1_0.amount,tu1_0.date,tu1_0.status,tu1_0.user_id from top_up tu1_0 where tu1_0.status=?
[SCHEDULER] Checking pending Top Up requests...
2026-08-13T14:22:01.593+07:00 DEBUG 16492 --- [   scheduling-1] org.hibernate.SQL                        : select tu1_0.id,tu1_0.amount,tu1_0.date,tu1_0.status,tu1_0.user_id from top_up tu1_0 where tu1_0.status=?
[SCHEDULER] Checking pending Top Up requests...
2026-08-13T14:22:01.599+07:00 DEBUG 16492 --- [   scheduling-1] org.hibernate.SQL                        : select tu1_0.id,tu1_0.amount,tu1_0.date,tu1_0.status,tu1_0.user_id from top_up tu1_0 where tu1_0.status=?
[SCHEDULER] Checking pending Top Up requests...
2026-08-13T14:22:01.601+07:00 DEBUG 16492 --- [   scheduling-1] org.hibernate.SQL                        : select tu1_0.id,tu1_0.amount,tu1_0.date,tu1_0.status,tu1_0.user_id from top_up tu1_0 where tu1_0.status=?
[SCHEDULER] Checking pending Top Up requests...
2026-08-13T14:22:01.604+07:00 DEBUG 16492 --- [   scheduling-1] org.hibernate.SQL                        : select tu1_0.id,tu1_0.amount,tu1_0.date,tu1_0.status,tu1_0.user_id from top_up tu1_0 where tu1_0.status=?
[SCHEDULER] Checking pending Top Up requests...
2026-08-13T14:22:01.604+07:00 DEBUG 16492 --- [   scheduling-1] org.hibernate.SQL                        : select tu1_0.id,tu1_0.amount,tu1_0.date,tu1_0.status,tu1_0.user_id from top_up tu1_0 where tu1_0.status=?
[SCHEDULER] Checking pending Top Up requests...
2026-08-13T14:22:01.609+07:00 DEBUG 16492 --- [   scheduling-1] org.hibernate.SQL                        : select tu1_0.id,tu1_0.amount,tu1_0.date,tu1_0.status,tu1_0.user_id from top_up tu1_0 where tu1_0.status=?
[SCHEDULER] Checking pending Top Up requests...
2026-08-13T14:22:01.612+07:00 DEBUG 16492 --- [   scheduling-1] org.hibernate.SQL                        : select tu1_0.id,tu1_0.amount,tu1_0.date,tu1_0.status,tu1_0.user_id from top_up tu1_0 where tu1_0.status=?
[SCHEDULER] Checking pending Top Up requests...
2026-08-13T14:22:01.615+07:00 DEBUG 16492 --- [   scheduling-1] org.hibernate.SQL                        : select tu1_0.id,tu1_0.amount,tu1_0.date,tu1_0.status,tu1_0.user_id from top_up tu1_0 where tu1_0.status=?
[SCHEDULER] Checking pending Top Up requests...
2026-08-13T14:22:01.619+07:00 DEBUG 16492 --- [   scheduling-1] org.hibernate.SQL                        : select tu1_0.id,tu1_0.amount,tu1_0.date,tu1_0.status,tu1_0.user_id from top_up tu1_0 where tu1_0.status=?
[SCHEDULER] Checking pending Top Up requests...
2026-08-13T14:22:01.622+07:00 DEBUG 16492 --- [   scheduling-1] org.hibernate.SQL                        : select tu1_0.id,tu1_0.amount,tu1_0.date,tu1_0.status,tu1_0.user_id from top_up tu1_0 where tu1_0.status=?
[SCHEDULER] Checking pending Top Up requests...
2026-08-13T14:22:01.626+07:00 DEBUG 16492 --- [   scheduling-1] org.hibernate.SQL                        : select tu1_0.id,tu1_0.amount,tu1_0.date,tu1_0.status,tu1_0.user_id from top_up tu1_0 where tu1_0.status=?
[SCHEDULER] Checking pending Top Up requests...
2026-08-13T14:22:01.626+07:00 DEBUG 16492 --- [   scheduling-1] org.hibernate.SQL                        : select tu1_0.id,tu1_0.amount,tu1_0.date,tu1_0.status,tu1_0.user_id from top_up tu1_0 where tu1_0.status=?
[SCHEDULER] Checking pending Top Up requests...
2026-08-13T14:22:01.630+07:00 DEBUG 16492 --- [   scheduling-1] org.hibernate.SQL                        : select tu1_0.id,tu1_0.amount,tu1_0.date,tu1_0.status,tu1_0.user_id from top_up tu1_0 where tu1_0.status=?
[SCHEDULER] Checking pending Top Up requests...
2026-08-13T14:22:01.632+07:00 DEBUG 16492 --- [   scheduling-1] org.hibernate.SQL                        : select tu1_0.id,tu1_0.amount,tu1_0.date,tu1_0.status,tu1_0.user_id from top_up tu1_0 where tu1_0.status=?
[SCHEDULER] Checking pending Top Up requests...
2026-08-13T14:22:01.635+07:00 DEBUG 16492 --- [   scheduling-1] org.hibernate.SQL                        : select tu1_0.id,tu1_0.amount,tu1_0.date,tu1_0.status,tu1_0.user_id from top_up tu1_0 where tu1_0.status=?
[SCHEDULER] Checking pending Top Up requests...
2026-08-13T14:22:01.635+07:00 DEBUG 16492 --- [   scheduling-1] org.hibernate.SQL                        : select tu1_0.id,tu1_0.amount,tu1_0.date,tu1_0.status,tu1_0.user_id from top_up tu1_0 where tu1_0.status=?
[SCHEDULER] Checking pending Top Up requests...
2026-08-13T14:22:01.640+07:00 DEBUG 16492 --- [   scheduling-1] org.hibernate.SQL                        : select tu1_0.id,tu1_0.amount,tu1_0.date,tu1_0.status,tu1_0.user_id from top_up tu1_0 where tu1_0.status=?
[SCHEDULER] Checking pending Top Up requests...
2026-08-13T14:22:01.643+07:00 DEBUG 16492 --- [   scheduling-1] org.hibernate.SQL                        : select tu1_0.id,tu1_0.amount,tu1_0.date,tu1_0.status,tu1_0.user_id from top_up tu1_0 where tu1_0.status=?
[SCHEDULER] Checking pending Top Up requests...
2026-08-13T14:22:01.643+07:00 DEBUG 16492 --- [   scheduling-1] org.hibernate.SQL                        : select tu1_0.id,tu1_0.amount,tu1_0.date,tu1_0.status,tu1_0.user_id from top_up tu1_0 where tu1_0.status=?
[SCHEDULER] Checking pending Top Up requests...
2026-08-13T14:22:01.643+07:00 DEBUG 16492 --- [   scheduling-1] org.hibernate.SQL                        : select tu1_0.id,tu1_0.amount,tu1_0.date,tu1_0.status,tu1_0.user_id from top_up tu1_0 where tu1_0.status=?
[SCHEDULER] Checking pending Top Up requests...
2026-08-13T14:22:01.651+07:00 DEBUG 16492 --- [   scheduling-1] org.hibernate.SQL                        : select tu1_0.id,tu1_0.amount,tu1_0.date,tu1_0.status,tu1_0.user_id from top_up tu1_0 where tu1_0.status=?
[SCHEDULER] Checking pending Top Up requests...
2026-08-13T14:22:01.653+07:00 DEBUG 16492 --- [   scheduling-1] org.hibernate.SQL                        : select tu1_0.id,tu1_0.amount,tu1_0.date,tu1_0.status,tu1_0.user_id from top_up tu1_0 where tu1_0.status=?
[SCHEDULER] Checking pending Top Up requests...
2026-08-13T14:22:01.653+07:00 DEBUG 16492 --- [   scheduling-1] org.hibernate.SQL                        : select tu1_0.id,tu1_0.amount,tu1_0.date,tu1_0.status,tu1_0.user_id from top_up tu1_0 where tu1_0.status=?
[SCHEDULER] Checking pending Top Up requests...
2026-08-13T14:22:01.653+07:00 DEBUG 16492 --- [   scheduling-1] org.hibernate.SQL                        : select tu1_0.id,tu1_0.amount,tu1_0.date,tu1_0.status,tu1_0.user_id from top_up tu1_0 where tu1_0.status=?
[SCHEDULER] Checking pending Top Up requests...
2026-08-13T14:22:01.659+07:00 DEBUG 16492 --- [   scheduling-1] org.hibernate.SQL                        : select tu1_0.id,tu1_0.amount,tu1_0.date,tu1_0.status,tu1_0.user_id from top_up tu1_0 where tu1_0.status=?
[SCHEDULER] Checking pending Top Up requests...
2026-08-13T14:22:01.663+07:00 DEBUG 16492 --- [   scheduling-1] org.hibernate.SQL                        : select tu1_0.id,tu1_0.amount,tu1_0.date,tu1_0.status,tu1_0.user_id from top_up tu1_0 where tu1_0.status=?
[SCHEDULER] Checking pending Top Up requests...
2026-08-13T14:22:01.668+07:00 DEBUG 16492 --- [   scheduling-1] org.hibernate.SQL                        : select tu1_0.id,tu1_0.amount,tu1_0.date,tu1_0.status,tu1_0.user_id from top_up tu1_0 where tu1_0.status=?
[SCHEDULER] Checking pending Top Up requests...
2026-08-13T14:22:01.669+07:00 DEBUG 16492 --- [   scheduling-1] org.hibernate.SQL                        : select tu1_0.id,tu1_0.amount,tu1_0.date,tu1_0.status,tu1_0.user_id from top_up tu1_0 where tu1_0.status=?
[SCHEDULER] Checking pending Top Up requests...
2026-08-13T14:22:01.674+07:00 DEBUG 16492 --- [   scheduling-1] org.hibernate.SQL                        : select tu1_0.id,tu1_0.amount,tu1_0.date,tu1_0.status,tu1_0.user_id from top_up tu1_0 where tu1_0.status=?
[SCHEDULER] Checking pending Top Up requests...
2026-08-13T14:22:01.676+07:00 DEBUG 16492 --- [   scheduling-1] org.hibernate.SQL                        : select tu1_0.id,tu1_0.amount,tu1_0.date,tu1_0.status,tu1_0.user_id from top_up tu1_0 where tu1_0.status=?
[SCHEDULER] Checking pending Top Up requests...
2026-08-13T14:22:01.679+07:00 DEBUG 16492 --- [   scheduling-1] org.hibernate.SQL                        : select tu1_0.id,tu1_0.amount,tu1_0.date,tu1_0.status,tu1_0.user_id from top_up tu1_0 where tu1_0.status=?
[SCHEDULER] Checking pending Top Up requests...
2026-08-13T14:22:01.679+07:00 DEBUG 16492 --- [   scheduling-1] org.hibernate.SQL                        : select tu1_0.id,tu1_0.amount,tu1_0.date,tu1_0.status,tu1_0.user_id from top_up tu1_0 where tu1_0.status=?
[SCHEDULER] Checking pending Top Up requests...
2026-08-13T14:22:01.684+07:00 DEBUG 16492 --- [   scheduling-1] org.hibernate.SQL                        : select tu1_0.id,tu1_0.amount,tu1_0.date,tu1_0.status,tu1_0.user_id from top_up tu1_0 where tu1_0.status=?
[SCHEDULER] Checking pending Top Up requests...
2026-08-13T14:22:01.684+07:00 DEBUG 16492 --- [   scheduling-1] org.hibernate.SQL                        : select tu1_0.id,tu1_0.amount,tu1_0.date,tu1_0.status,tu1_0.user_id from top_up tu1_0 where tu1_0.status=?
[SCHEDULER] Checking pending Top Up requests...
2026-08-13T14:22:01.689+07:00 DEBUG 16492 --- [   scheduling-1] org.hibernate.SQL                        : select tu1_0.id,tu1_0.amount,tu1_0.date,tu1_0.status,tu1_0.user_id from top_up tu1_0 where tu1_0.status=?
[SCHEDULER] Checking pending Top Up requests...
2026-08-13T14:22:01.692+07:00 DEBUG 16492 --- [   scheduling-1] org.hibernate.SQL                        : select tu1_0.id,tu1_0.amount,tu1_0.date,tu1_0.status,tu1_0.user_id from top_up tu1_0 where tu1_0.status=?
[SCHEDULER] Checking pending Top Up requests...
2026-08-13T14:22:01.692+07:00 DEBUG 16492 --- [   scheduling-1] org.hibernate.SQL                        : select tu1_0.id,tu1_0.amount,tu1_0.date,tu1_0.status,tu1_0.user_id from top_up tu1_0 where tu1_0.status=?
[SCHEDULER] Checking pending Top Up requests...
2026-08-13T14:22:01.695+07:00 DEBUG 16492 --- [   scheduling-1] org.hibernate.SQL                        : select tu1_0.id,tu1_0.amount,tu1_0.date,tu1_0.status,tu1_0.user_id from top_up tu1_0 where tu1_0.status=?
[SCHEDULER] Checking pending Top Up requests...
2026-08-13T14:22:01.695+07:00 DEBUG 16492 --- [   scheduling-1] org.hibernate.SQL                        : select tu1_0.id,tu1_0.amount,tu1_0.date,tu1_0.status,tu1_0.user_id from top_up tu1_0 where tu1_0.status=?
[SCHEDULER] Checking pending Top Up requests...
2026-08-13T14:22:01.700+07:00 DEBUG 16492 --- [   scheduling-1] org.hibernate.SQL                        : select tu1_0.id,tu1_0.amount,tu1_0.date,tu1_0.status,tu1_0.user_id from top_up tu1_0 where tu1_0.status=?
[SCHEDULER] Checking pending Top Up requests...
2026-08-13T14:22:01.700+07:00 DEBUG 16492 --- [   scheduling-1] org.hibernate.SQL                        : select tu1_0.id,tu1_0.amount,tu1_0.date,tu1_0.status,tu1_0.user_id from top_up tu1_0 where tu1_0.status=?
[SCHEDULER] Checking pending Top Up requests...
2026-08-13T14:22:01.707+07:00 DEBUG 16492 --- [   scheduling-1] org.hibernate.SQL                        : select tu1_0.id,tu1_0.amount,tu1_0.date,tu1_0.status,tu1_0.user_id from top_up tu1_0 where tu1_0.status=?
[SCHEDULER] Checking pending Top Up requests...
2026-08-13T14:22:01.709+07:00 DEBUG 16492 --- [   scheduling-1] org.hibernate.SQL                        : select tu1_0.id,tu1_0.amount,tu1_0.date,tu1_0.status,tu1_0.user_id from top_up tu1_0 where tu1_0.status=?
[SCHEDULER] Checking pending Top Up requests...
2026-08-13T14:22:01.709+07:00 DEBUG 16492 --- [   scheduling-1] org.hibernate.SQL                        : select tu1_0.id,tu1_0.amount,tu1_0.date,tu1_0.status,tu1_0.user_id from top_up tu1_0 where tu1_0.status=?
[SCHEDULER] Checking pending Top Up requests...
2026-08-13T14:22:01.716+07:00 DEBUG 16492 --- [   scheduling-1] org.hibernate.SQL                        : select tu1_0.id,tu1_0.amount,tu1_0.date,tu1_0.status,tu1_0.user_id from top_up tu1_0 where tu1_0.status=?
[SCHEDULER] Checking pending Top Up requests...
2026-08-13T14:22:01.719+07:00 DEBUG 16492 --- [   scheduling-1] org.hibernate.SQL                        : select tu1_0.id,tu1_0.amount,tu1_0.date,tu1_0.status,tu1_0.user_id from top_up tu1_0 where tu1_0.status=?
[SCHEDULER] Checking pending Top Up requests...
2026-08-13T14:22:01.719+07:00 DEBUG 16492 --- [   scheduling-1] org.hibernate.SQL                        : select tu1_0.id,tu1_0.amount,tu1_0.date,tu1_0.status,tu1_0.user_id from top_up tu1_0 where tu1_0.status=?
[SCHEDULER] Checking pending Top Up requests...
2026-08-13T14:22:01.719+07:00 DEBUG 16492 --- [   scheduling-1] org.hibernate.SQL                        : select tu1_0.id,tu1_0.amount,tu1_0.date,tu1_0.status,tu1_0.user_id from top_up tu1_0 where tu1_0.status=?
[SCHEDULER] Checking pending Top Up requests...
2026-08-13T14:22:01.726+07:00 DEBUG 16492 --- [   scheduling-1] org.hibernate.SQL                        : select tu1_0.id,tu1_0.amount,tu1_0.date,tu1_0.status,tu1_0.user_id from top_up tu1_0 where tu1_0.status=?
[SCHEDULER] Checking pending Top Up requests...
2026-08-13T14:22:01.726+07:00 DEBUG 16492 --- [   scheduling-1] org.hibernate.SQL                        : select tu1_0.id,tu1_0.amount,tu1_0.date,tu1_0.status,tu1_0.user_id from top_up tu1_0 where tu1_0.status=?
[SCHEDULER] Checking pending Top Up requests...
2026-08-13T14:22:01.729+07:00 DEBUG 16492 --- [   scheduling-1] org.hibernate.SQL                        : select tu1_0.id,tu1_0.amount,tu1_0.date,tu1_0.status,tu1_0.user_id from top_up tu1_0 where tu1_0.status=?
[SCHEDULER] Checking pending Top Up requests...
2026-08-13T14:22:01.733+07:00 DEBUG 16492 --- [   scheduling-1] org.hibernate.SQL                        : select tu1_0.id,tu1_0.amount,tu1_0.date,tu1_0.status,tu1_0.user_id from top_up tu1_0 where tu1_0.status=?
[SCHEDULER] Checking pending Top Up requests...
2026-08-13T14:22:01.736+07:00 DEBUG 16492 --- [   scheduling-1] org.hibernate.SQL                        : select tu1_0.id,tu1_0.amount,tu1_0.date,tu1_0.status,tu1_0.user_id from top_up tu1_0 where tu1_0.status=?
[SCHEDULER] Checking pending Top Up requests...
2026-08-13T14:22:01.736+07:00 DEBUG 16492 --- [   scheduling-1] org.hibernate.SQL                        : select tu1_0.id,tu1_0.amount,tu1_0.date,tu1_0.status,tu1_0.user_id from top_up tu1_0 where tu1_0.status=?
[SCHEDULER] Checking pending Top Up requests...
2026-08-13T14:22:01.741+07:00 DEBUG 16492 --- [   scheduling-1] org.hibernate.SQL                        : select tu1_0.id,tu1_0.amount,tu1_0.date,tu1_0.status,tu1_0.user_id from top_up tu1_0 where tu1_0.status=?
[SCHEDULER] Checking pending Top Up requests...
2026-08-13T14:22:01.741+07:00 DEBUG 16492 --- [   scheduling-1] org.hibernate.SQL                        : select tu1_0.id,tu1_0.amount,tu1_0.date,tu1_0.status,tu1_0.user_id from top_up tu1_0 where tu1_0.status=?
[SCHEDULER] Checking pending Top Up requests...
2026-08-13T14:22:01.747+07:00 DEBUG 16492 --- [   scheduling-1] org.hibernate.SQL                        : select tu1_0.id,tu1_0.amount,tu1_0.date,tu1_0.status,tu1_0.user_id from top_up tu1_0 where tu1_0.status=?
[SCHEDULER] Checking pending Top Up requests...
2026-08-13T14:22:01.749+07:00 DEBUG 16492 --- [   scheduling-1] org.hibernate.SQL                        : select tu1_0.id,tu1_0.amount,tu1_0.date,tu1_0.status,tu1_0.user_id from top_up tu1_0 where tu1_0.status=?
[SCHEDULER] Checking pending Top Up requests...
2026-08-13T14:22:01.749+07:00 DEBUG 16492 --- [   scheduling-1] org.hibernate.SQL                        : select tu1_0.id,tu1_0.amount,tu1_0.date,tu1_0.status,tu1_0.user_id from top_up tu1_0 where tu1_0.status=?
[SCHEDULER] Checking pending Top Up requests...
2026-08-13T14:22:01.757+07:00 DEBUG 16492 --- [   scheduling-1] org.hibernate.SQL                        : select tu1_0.id,tu1_0.amount,tu1_0.date,tu1_0.status,tu1_0.user_id from top_up tu1_0 where tu1_0.status=?
[SCHEDULER] Checking pending Top Up requests...
2026-08-13T14:22:01.762+07:00 DEBUG 16492 --- [   scheduling-1] org.hibernate.SQL                        : select tu1_0.id,tu1_0.amount,tu1_0.date,tu1_0.status,tu1_0.user_id from top_up tu1_0 where tu1_0.status=?
[SCHEDULER] Checking pending Top Up requests...
2026-08-13T14:22:01.765+07:00 DEBUG 16492 --- [   scheduling-1] org.hibernate.SQL                        : select tu1_0.id,tu1_0.amount,tu1_0.date,tu1_0.status,tu1_0.user_id from top_up tu1_0 where tu1_0.status=?
[SCHEDULER] Checking pending Top Up requests...
2026-08-13T14:22:01.768+07:00 DEBUG 16492 --- [   scheduling-1] org.hibernate.SQL                        : select tu1_0.id,tu1_0.amount,tu1_0.date,tu1_0.status,tu1_0.user_id from top_up tu1_0 where tu1_0.status=?
[SCHEDULER] Checking pending Top Up requests...
2026-08-13T14:22:01.769+07:00 DEBUG 16492 --- [   scheduling-1] org.hibernate.SQL                        : select tu1_0.id,tu1_0.amount,tu1_0.date,tu1_0.status,tu1_0.user_id from top_up tu1_0 where tu1_0.status=?
[SCHEDULER] Checking pending Top Up requests...
2026-08-13T14:22:01.769+07:00 DEBUG 16492 --- [   scheduling-1] org.hibernate.SQL                        : select tu1_0.id,tu1_0.amount,tu1_0.date,tu1_0.status,tu1_0.user_id from top_up tu1_0 where tu1_0.status=?
[SCHEDULER] Checking pending Top Up requests...
2026-08-13T14:22:01.773+07:00 DEBUG 16492 --- [   scheduling-1] org.hibernate.SQL                        : select tu1_0.id,tu1_0.amount,tu1_0.date,tu1_0.status,tu1_0.user_id from top_up tu1_0 where tu1_0.status=?
[SCHEDULER] Checking pending Top Up requests...
2026-08-13T14:22:01.778+07:00 DEBUG 16492 --- [   scheduling-1] org.hibernate.SQL                        : select tu1_0.id,tu1_0.amount,tu1_0.date,tu1_0.status,tu1_0.user_id from top_up tu1_0 where tu1_0.status=?
[SCHEDULER] Checking pending Top Up requests...
2026-08-13T14:22:01.779+07:00 DEBUG 16492 --- [   scheduling-1] org.hibernate.SQL                        : select tu1_0.id,tu1_0.amount,tu1_0.date,tu1_0.status,tu1_0.user_id from top_up tu1_0 where tu1_0.status=?
[SCHEDULER] Checking pending Top Up requests...
2026-08-13T14:22:01.782+07:00 DEBUG 16492 --- [   scheduling-1] org.hibernate.SQL                        : select tu1_0.id,tu1_0.amount,tu1_0.date,tu1_0.status,tu1_0.user_id from top_up tu1_0 where tu1_0.status=?
[SCHEDULER] Checking pending Top Up requests...
2026-08-13T14:22:01.782+07:00 DEBUG 16492 --- [   scheduling-1] org.hibernate.SQL                        : select tu1_0.id,tu1_0.amount,tu1_0.date,tu1_0.status,tu1_0.user_id from top_up tu1_0 where tu1_0.status=?
[SCHEDULER] Checking pending Top Up requests...
2026-08-13T14:22:01.789+07:00 DEBUG 16492 --- [   scheduling-1] org.hibernate.SQL                        : select tu1_0.id,tu1_0.amount,tu1_0.date,tu1_0.status,tu1_0.user_id from top_up tu1_0 where tu1_0.status=?
[SCHEDULER] Checking pending Top Up requests...
2026-08-13T14:22:01.790+07:00 DEBUG 16492 --- [   scheduling-1] org.hibernate.SQL                        : select tu1_0.id,tu1_0.amount,tu1_0.date,tu1_0.status,tu1_0.user_id from top_up tu1_0 where tu1_0.status=?
[SCHEDULER] Checking pending Top Up requests...
2026-08-13T14:22:01.790+07:00 DEBUG 16492 --- [   scheduling-1] org.hibernate.SQL                        : select tu1_0.id,tu1_0.amount,tu1_0.date,tu1_0.status,tu1_0.user_id from top_up tu1_0 where tu1_0.status=?
[SCHEDULER] Checking pending Top Up requests...
2026-08-13T14:22:01.799+07:00 DEBUG 16492 --- [   scheduling-1] org.hibernate.SQL                        : select tu1_0.id,tu1_0.amount,tu1_0.date,tu1_0.status,tu1_0.user_id from top_up tu1_0 where tu1_0.status=?
[SCHEDULER] Checking pending Top Up requests...
2026-08-13T14:22:01.799+07:00 DEBUG 16492 --- [   scheduling-1] org.hibernate.SQL                        : select tu1_0.id,tu1_0.amount,tu1_0.date,tu1_0.status,tu1_0.user_id from top_up tu1_0 where tu1_0.status=?
[SCHEDULER] Checking pending Top Up requests...
2026-08-13T14:22:01.805+07:00 DEBUG 16492 --- [   scheduling-1] org.hibernate.SQL                        : select tu1_0.id,tu1_0.amount,tu1_0.date,tu1_0.status,tu1_0.user_id from top_up tu1_0 where tu1_0.status=?
[SCHEDULER] Checking pending Top Up requests...
2026-08-13T14:22:01.807+07:00 DEBUG 16492 --- [   scheduling-1] org.hibernate.SQL                        : select tu1_0.id,tu1_0.amount,tu1_0.date,tu1_0.status,tu1_0.user_id from top_up tu1_0 where tu1_0.status=?
[SCHEDULER] Checking pending Top Up requests...
2026-08-13T14:22:01.810+07:00 DEBUG 16492 --- [   scheduling-1] org.hibernate.SQL                        : select tu1_0.id,tu1_0.amount,tu1_0.date,tu1_0.status,tu1_0.user_id from top_up tu1_0 where tu1_0.status=?
[SCHEDULER] Checking pending Top Up requests...
2026-08-13T14:22:01.810+07:00 DEBUG 16492 --- [   scheduling-1] org.hibernate.SQL                        : select tu1_0.id,tu1_0.amount,tu1_0.date,tu1_0.status,tu1_0.user_id from top_up tu1_0 where tu1_0.status=?
[SCHEDULER] Checking pending Top Up requests...
2026-08-13T14:22:01.816+07:00 DEBUG 16492 --- [   scheduling-1] org.hibernate.SQL                        : select tu1_0.id,tu1_0.amount,tu1_0.date,tu1_0.status,tu1_0.user_id from top_up tu1_0 where tu1_0.status=?
[SCHEDULER] Checking pending Top Up requests...
2026-08-13T14:22:01.819+07:00 DEBUG 16492 --- [   scheduling-1] org.hibernate.SQL                        : select tu1_0.id,tu1_0.amount,tu1_0.date,tu1_0.status,tu1_0.user_id from top_up tu1_0 where tu1_0.status=?
[SCHEDULER] Checking pending Top Up requests...
2026-08-13T14:22:01.820+07:00 DEBUG 16492 --- [   scheduling-1] org.hibernate.SQL                        : select tu1_0.id,tu1_0.amount,tu1_0.date,tu1_0.status,tu1_0.user_id from top_up tu1_0 where tu1_0.status=?
[SCHEDULER] Checking pending Top Up requests...
2026-08-13T14:22:01.823+07:00 DEBUG 16492 --- [   scheduling-1] org.hibernate.SQL                        : select tu1_0.id,tu1_0.amount,tu1_0.date,tu1_0.status,tu1_0.user_id from top_up tu1_0 where tu1_0.status=?
[SCHEDULER] Checking pending Top Up requests...
2026-08-13T14:22:01.823+07:00 DEBUG 16492 --- [   scheduling-1] org.hibernate.SQL                        : select tu1_0.id,tu1_0.amount,tu1_0.date,tu1_0.status,tu1_0.user_id from top_up tu1_0 where tu1_0.status=?
[SCHEDULER] Checking pending Top Up requests...
2026-08-13T14:22:01.829+07:00 DEBUG 16492 --- [   scheduling-1] org.hibernate.SQL                        : select tu1_0.id,tu1_0.amount,tu1_0.date,tu1_0.status,tu1_0.user_id from top_up tu1_0 where tu1_0.status=?
[SCHEDULER] Checking pending Top Up requests...
2026-08-13T14:22:01.832+07:00 DEBUG 16492 --- [   scheduling-1] org.hibernate.SQL                        : select tu1_0.id,tu1_0.amount,tu1_0.date,tu1_0.status,tu1_0.user_id from top_up tu1_0 where tu1_0.status=?
[SCHEDULER] Checking pending Top Up requests...
2026-08-13T14:22:01.832+07:00 DEBUG 16492 --- [   scheduling-1] org.hibernate.SQL                        : select tu1_0.id,tu1_0.amount,tu1_0.date,tu1_0.status,tu1_0.user_id from top_up tu1_0 where tu1_0.status=?
[SCHEDULER] Checking pending Top Up requests...
2026-08-13T14:22:01.832+07:00 DEBUG 16492 --- [   scheduling-1] org.hibernate.SQL                        : select tu1_0.id,tu1_0.amount,tu1_0.date,tu1_0.status,tu1_0.user_id from top_up tu1_0 where tu1_0.status=?
[SCHEDULER] Checking pending Top Up requests...
2026-08-13T14:22:01.839+07:00 DEBUG 16492 --- [   scheduling-1] org.hibernate.SQL                        : select tu1_0.id,tu1_0.amount,tu1_0.date,tu1_0.status,tu1_0.user_id from top_up tu1_0 where tu1_0.status=?
[SCHEDULER] Checking pending Top Up requests...
2026-08-13T14:22:01.841+07:00 DEBUG 16492 --- [   scheduling-1] org.hibernate.SQL                        : select tu1_0.id,tu1_0.amount,tu1_0.date,tu1_0.status,tu1_0.user_id from top_up tu1_0 where tu1_0.status=?
[SCHEDULER] Checking pending Top Up requests...
2026-08-13T14:22:01.841+07:00 DEBUG 16492 --- [   scheduling-1] org.hibernate.SQL                        : select tu1_0.id,tu1_0.amount,tu1_0.date,tu1_0.status,tu1_0.user_id from top_up tu1_0 where tu1_0.status=?
[SCHEDULER] Checking pending Top Up requests...
2026-08-13T14:22:01.848+07:00 DEBUG 16492 --- [   scheduling-1] org.hibernate.SQL                        : select tu1_0.id,tu1_0.amount,tu1_0.date,tu1_0.status,tu1_0.user_id from top_up tu1_0 where tu1_0.status=?
[SCHEDULER] Checking pending Top Up requests...
2026-08-13T14:22:29.925+07:00 DEBUG 16492 --- [   scheduling-1] org.hibernate.SQL                        : select tu1_0.id,tu1_0.amount,tu1_0.date,tu1_0.status,tu1_0.user_id from top_up tu1_0 where tu1_0.status=?
[SCHEDULER] Checking pending Top Up requests...
2026-08-13T14:23:29.937+07:00 DEBUG 16492 --- [   scheduling-1] org.hibernate.SQL                        : select tu1_0.id,tu1_0.amount,tu1_0.date,tu1_0.status,tu1_0.user_id from top_up tu1_0 where tu1_0.status=?
[SCHEDULER] Checking pending Top Up requests...
2026-08-13T14:24:29.921+07:00 DEBUG 16492 --- [   scheduling-1] org.hibernate.SQL                        : select tu1_0.id,tu1_0.amount,tu1_0.date,tu1_0.status,tu1_0.user_id from top_up tu1_0 where tu1_0.status=?
[SCHEDULER] Checking pending Top Up requests...
2026-08-13T14:25:29.945+07:00 DEBUG 16492 --- [   scheduling-1] org.hibernate.SQL                        : select tu1_0.id,tu1_0.amount,tu1_0.date,tu1_0.status,tu1_0.user_id from top_up tu1_0 where tu1_0.status=?
[SCHEDULER] Checking pending Top Up requests...
2026-08-13T14:26:29.932+07:00 DEBUG 16492 --- [   scheduling-1] org.hibernate.SQL                        : select tu1_0.id,tu1_0.amount,tu1_0.date,tu1_0.status,tu1_0.user_id from top_up tu1_0 where tu1_0.status=?
[SCHEDULER] Checking pending Top Up requests...
2026-08-13T14:27:29.946+07:00 DEBUG 16492 --- [   scheduling-1] org.hibernate.SQL                        : select tu1_0.id,tu1_0.amount,tu1_0.date,tu1_0.status,tu1_0.user_id from top_up tu1_0 where tu1_0.status=?
[SCHEDULER] Checking pending Top Up requests...
2026-08-13T14:28:29.931+07:00 DEBUG 16492 --- [   scheduling-1] org.hibernate.SQL                        : select tu1_0.id,tu1_0.amount,tu1_0.date,tu1_0.status,tu1_0.user_id from top_up tu1_0 where tu1_0.status=?
[SCHEDULER] Checking pending Top Up requests...
2026-08-13T14:29:29.923+07:00 DEBUG 16492 --- [   scheduling-1] org.hibernate.SQL                        : select tu1_0.id,tu1_0.amount,tu1_0.date,tu1_0.status,tu1_0.user_id from top_up tu1_0 where tu1_0.status=?
[SCHEDULER] Checking pending Top Up requests...
2026-08-13T14:30:29.925+07:00 DEBUG 16492 --- [   scheduling-1] org.hibernate.SQL                        : select tu1_0.id,tu1_0.amount,tu1_0.date,tu1_0.status,tu1_0.user_id from top_up tu1_0 where tu1_0.status=?
[SCHEDULER] Checking pending Top Up requests...
2026-08-13T14:31:29.943+07:00 DEBUG 16492 --- [   scheduling-1] org.hibernate.SQL                        : select tu1_0.id,tu1_0.amount,tu1_0.date,tu1_0.status,tu1_0.user_id from top_up tu1_0 where tu1_0.status=?
[SCHEDULER] Checking pending Top Up requests...
2026-08-13T14:32:29.939+07:00 DEBUG 16492 --- [   scheduling-1] org.hibernate.SQL                        : select tu1_0.id,tu1_0.amount,tu1_0.date,tu1_0.status,tu1_0.user_id from top_up tu1_0 where tu1_0.status=?
[SCHEDULER] Checking pending Top Up requests...
2026-08-13T14:33:29.927+07:00 DEBUG 16492 --- [   scheduling-1] org.hibernate.SQL                        : select tu1_0.id,tu1_0.amount,tu1_0.date,tu1_0.status,tu1_0.user_id from top_up tu1_0 where tu1_0.status=?
[SCHEDULER] Checking pending Top Up requests...
2026-08-13T14:34:29.926+07:00 DEBUG 16492 --- [   scheduling-1] org.hibernate.SQL                        : select tu1_0.id,tu1_0.amount,tu1_0.date,tu1_0.status,tu1_0.user_id from top_up tu1_0 where tu1_0.status=?
[SCHEDULER] Checking pending Top Up requests...
2026-08-13T14:35:29.931+07:00 DEBUG 16492 --- [   scheduling-1] org.hibernate.SQL                        : select tu1_0.id,tu1_0.amount,tu1_0.date,tu1_0.status,tu1_0.user_id from top_up tu1_0 where tu1_0.status=?
[SCHEDULER] Checking pending Top Up requests...
2026-08-13T14:36:29.926+07:00 DEBUG 16492 --- [   scheduling-1] org.hibernate.SQL                        : select tu1_0.id,tu1_0.amount,tu1_0.date,tu1_0.status,tu1_0.user_id from top_up tu1_0 where tu1_0.status=?
[SCHEDULER] Checking pending Top Up requests...
2026-08-13T14:37:29.923+07:00 DEBUG 16492 --- [   scheduling-1] org.hibernate.SQL                        : select tu1_0.id,tu1_0.amount,tu1_0.date,tu1_0.status,tu1_0.user_id from top_up tu1_0 where tu1_0.status=?
[SCHEDULER] Checking pending Top Up requests...
2026-08-13T14:38:29.922+07:00 DEBUG 16492 --- [   scheduling-1] org.hibernate.SQL                        : select tu1_0.id,tu1_0.amount,tu1_0.date,tu1_0.status,tu1_0.user_id from top_up tu1_0 where tu1_0.status=?
[SCHEDULER] Checking pending Top Up requests...
2026-08-13T14:39:29.950+07:00 DEBUG 16492 --- [   scheduling-1] org.hibernate.SQL                        : select tu1_0.id,tu1_0.amount,tu1_0.date,tu1_0.status,tu1_0.user_id from top_up tu1_0 where tu1_0.status=?
[SCHEDULER] Checking pending Top Up requests...
2026-08-13T14:40:29.925+07:00 DEBUG 16492 --- [   scheduling-1] org.hibernate.SQL                        : select tu1_0.id,tu1_0.amount,tu1_0.date,tu1_0.status,tu1_0.user_id from top_up tu1_0 where tu1_0.status=?
[SCHEDULER] Checking pending Top Up requests...
2026-08-13T14:41:29.925+07:00 DEBUG 16492 --- [   scheduling-1] org.hibernate.SQL                        : select tu1_0.id,tu1_0.amount,tu1_0.date,tu1_0.status,tu1_0.user_id from top_up tu1_0 where tu1_0.status=?
[SCHEDULER] Checking pending Top Up requests...
2026-08-13T14:42:29.925+07:00 DEBUG 16492 --- [   scheduling-1] org.hibernate.SQL                        : select tu1_0.id,tu1_0.amount,tu1_0.date,tu1_0.status,tu1_0.user_id from top_up tu1_0 where tu1_0.status=?
[SCHEDULER] Checking pending Top Up requests...
2026-08-13T14:43:29.921+07:00 DEBUG 16492 --- [   scheduling-1] org.hibernate.SQL                        : select tu1_0.id,tu1_0.amount,tu1_0.date,tu1_0.status,tu1_0.user_id from top_up tu1_0 where tu1_0.status=?
[SCHEDULER] Checking pending Top Up requests...
2026-08-13T14:44:29.924+07:00 DEBUG 16492 --- [   scheduling-1] org.hibernate.SQL                        : select tu1_0.id,tu1_0.amount,tu1_0.date,tu1_0.status,tu1_0.user_id from top_up tu1_0 where tu1_0.status=?
[SCHEDULER] Checking pending Top Up requests...
2026-08-13T14:45:29.932+07:00 DEBUG 16492 --- [   scheduling-1] org.hibernate.SQL                        : select tu1_0.id,tu1_0.amount,tu1_0.date,tu1_0.status,tu1_0.user_id from top_up tu1_0 where tu1_0.status=?
[SCHEDULER] Checking pending Top Up requests...
2026-08-13T14:46:29.932+07:00 DEBUG 16492 --- [   scheduling-1] org.hibernate.SQL                        : select tu1_0.id,tu1_0.amount,tu1_0.date,tu1_0.status,tu1_0.user_id from top_up tu1_0 where tu1_0.status=?
[SCHEDULER] Checking pending Top Up requests...
2026-08-13T14:47:29.925+07:00 DEBUG 16492 --- [   scheduling-1] org.hibernate.SQL                        : select tu1_0.id,tu1_0.amount,tu1_0.date,tu1_0.status,tu1_0.user_id from top_up tu1_0 where tu1_0.status=?
2026-08-13T14:57:27.777+07:00  WARN 16492 --- [l-1 housekeeper] com.zaxxer.hikari.pool.HikariPool        : HikariPool-1 - Thread starvation or clock leap detected (housekeeper delta=9m28s224ms800µs100ns).
[SCHEDULER] Checking pending Top Up requests...
2026-08-13T14:57:28.154+07:00 DEBUG 16492 --- [   scheduling-1] org.hibernate.SQL                        : select tu1_0.id,tu1_0.amount,tu1_0.date,tu1_0.status,tu1_0.user_id from top_up tu1_0 where tu1_0.status=?
[SCHEDULER] Checking pending Top Up requests...
2026-08-13T14:57:28.154+07:00 DEBUG 16492 --- [   scheduling-1] org.hibernate.SQL                        : select tu1_0.id,tu1_0.amount,tu1_0.date,tu1_0.status,tu1_0.user_id from top_up tu1_0 where tu1_0.status=?
[SCHEDULER] Checking pending Top Up requests...
2026-08-13T14:57:28.159+07:00 DEBUG 16492 --- [   scheduling-1] org.hibernate.SQL                        : select tu1_0.id,tu1_0.amount,tu1_0.date,tu1_0.status,tu1_0.user_id from top_up tu1_0 where tu1_0.status=?
[SCHEDULER] Checking pending Top Up requests...
2026-08-13T14:57:28.162+07:00 DEBUG 16492 --- [   scheduling-1] org.hibernate.SQL                        : select tu1_0.id,tu1_0.amount,tu1_0.date,tu1_0.status,tu1_0.user_id from top_up tu1_0 where tu1_0.status=?
[SCHEDULER] Checking pending Top Up requests...
2026-08-13T14:57:28.162+07:00 DEBUG 16492 --- [   scheduling-1] org.hibernate.SQL                        : select tu1_0.id,tu1_0.amount,tu1_0.date,tu1_0.status,tu1_0.user_id from top_up tu1_0 where tu1_0.status=?
[SCHEDULER] Checking pending Top Up requests...
2026-08-13T14:57:28.168+07:00 DEBUG 16492 --- [   scheduling-1] org.hibernate.SQL                        : select tu1_0.id,tu1_0.amount,tu1_0.date,tu1_0.status,tu1_0.user_id from top_up tu1_0 where tu1_0.status=?
[SCHEDULER] Checking pending Top Up requests...
2026-08-13T14:57:28.168+07:00 DEBUG 16492 --- [   scheduling-1] org.hibernate.SQL                        : select tu1_0.id,tu1_0.amount,tu1_0.date,tu1_0.status,tu1_0.user_id from top_up tu1_0 where tu1_0.status=?
[SCHEDULER] Checking pending Top Up requests...
2026-08-13T14:57:28.173+07:00 DEBUG 16492 --- [   scheduling-1] org.hibernate.SQL                        : select tu1_0.id,tu1_0.amount,tu1_0.date,tu1_0.status,tu1_0.user_id from top_up tu1_0 where tu1_0.status=?
[SCHEDULER] Checking pending Top Up requests...
2026-08-13T14:57:28.173+07:00 DEBUG 16492 --- [   scheduling-1] org.hibernate.SQL                        : select tu1_0.id,tu1_0.amount,tu1_0.date,tu1_0.status,tu1_0.user_id from top_up tu1_0 where tu1_0.status=?
[SCHEDULER] Checking pending Top Up requests...
2026-08-13T14:57:29.926+07:00 DEBUG 16492 --- [   scheduling-1] org.hibernate.SQL                        : select tu1_0.id,tu1_0.amount,tu1_0.date,tu1_0.status,tu1_0.user_id from top_up tu1_0 where tu1_0.status=?
[SCHEDULER] Checking pending Top Up requests...
2026-08-13T14:58:30.084+07:00 DEBUG 16492 --- [   scheduling-1] org.hibernate.SQL                        : select tu1_0.id,tu1_0.amount,tu1_0.date,tu1_0.status,tu1_0.user_id from top_up tu1_0 where tu1_0.status=?
[SCHEDULER] Checking pending Top Up requests...
2026-08-13T14:59:29.919+07:00 DEBUG 16492 --- [   scheduling-1] org.hibernate.SQL                        : select tu1_0.id,tu1_0.amount,tu1_0.date,tu1_0.status,tu1_0.user_id from top_up tu1_0 where tu1_0.status=?
[SCHEDULER] Checking pending Top Up requests...
2026-08-13T15:00:29.926+07:00 DEBUG 16492 --- [   scheduling-1] org.hibernate.SQL                        : select tu1_0.id,tu1_0.amount,tu1_0.date,tu1_0.status,tu1_0.user_id from top_up tu1_0 where tu1_0.status=?
[SCHEDULER] Checking pending Top Up requests...
2026-08-13T15:01:29.941+07:00 DEBUG 16492 --- [   scheduling-1] org.hibernate.SQL                        : select tu1_0.id,tu1_0.amount,tu1_0.date,tu1_0.status,tu1_0.user_id from top_up tu1_0 where tu1_0.status=?
[SCHEDULER] Checking pending Top Up requests...
2026-08-13T15:02:29.937+07:00 DEBUG 16492 --- [   scheduling-1] org.hibernate.SQL                        : select tu1_0.id,tu1_0.amount,tu1_0.date,tu1_0.status,tu1_0.user_id from top_up tu1_0 where tu1_0.status=?
2026-08-13T15:02:59.072+07:00  INFO 16492 --- [   File Watcher] rtingClassPathChangeChangedEventListener : Restarting due to 34 class path changes (0 additions, 0 deletions, 34 modifications)
2026-08-13T15:02:59.076+07:00  INFO 16492 --- [       Thread-5] o.s.b.w.e.tomcat.GracefulShutdown        : Commencing graceful shutdown. Waiting for active requests to complete
2026-08-13T15:02:59.085+07:00  INFO 16492 --- [tomcat-shutdown] o.s.b.w.e.tomcat.GracefulShutdown        : Graceful shutdown complete
2026-08-13T15:02:59.090+07:00  INFO 16492 --- [       Thread-5] j.LocalContainerEntityManagerFactoryBean : Closing JPA EntityManagerFactory for persistence unit 'default'
2026-08-13T15:02:59.091+07:00 TRACE 16492 --- [       Thread-5] o.h.type.spi.TypeConfiguration$Scope     : Handling #sessionFactoryClosed from [org.hibernate.internal.SessionFactoryImpl@11546981] for TypeConfiguration
2026-08-13T15:02:59.092+07:00 DEBUG 16492 --- [       Thread-5] o.h.type.spi.TypeConfiguration$Scope     : Un-scoping TypeConfiguration [org.hibernate.type.spi.TypeConfiguration$Scope@33577a2f] from SessionFactory [org.hibernate.internal.SessionFactoryImpl@11546981]
2026-08-13T15:02:59.095+07:00  INFO 16492 --- [       Thread-5] com.zaxxer.hikari.HikariDataSource       : HikariPool-1 - Shutdown initiated...
2026-08-13T15:02:59.097+07:00  INFO 16492 --- [       Thread-5] com.zaxxer.hikari.HikariDataSource       : HikariPool-1 - Shutdown completed.

  .   ____          _            __ _ _
 /\\ / ___'_ __ _ _(_)_ __  __ _ \ \ \ \
( ( )\___ | '_ | '_| | '_ \/ _` | \ \ \ \
 \\/  ___)| |_)| | | | | || (_| |  ) ) ) )
  '  |____| .__|_| |_|_| |_\__, | / / / /
 =========|_|==============|___/=/_/_/_/

 :: Spring Boot ::                (v3.4.6)

2026-08-13T15:02:59.230+07:00  INFO 16492 --- [  restartedMain] com.example.kartu.KartuApplication       : Starting KartuApplication using Java 21.0.12 with PID 16492 (C:\Users\ThinkPad\Documents\mas hanif\Projekan_semester-pendek\target\classes started by YuuAshura in C:\Users\ThinkPad\Documents\mas hanif\Projekan_semester-pendek)
2026-08-13T15:02:59.231+07:00  INFO 16492 --- [  restartedMain] com.example.kartu.KartuApplication       : No active profile set, falling back to 1 default profile: "default"
2026-08-13T15:02:59.685+07:00  INFO 16492 --- [  restartedMain] .s.d.r.c.RepositoryConfigurationDelegate : Bootstrapping Spring Data JPA repositories in DEFAULT mode.
2026-08-13T15:02:59.721+07:00  INFO 16492 --- [  restartedMain] .s.d.r.c.RepositoryConfigurationDelegate : Finished Spring Data repository scanning in 33 ms. Found 7 JPA repository interfaces.
2026-08-13T15:02:59.910+07:00  INFO 16492 --- [  restartedMain] o.s.b.w.embedded.tomcat.TomcatWebServer  : Tomcat initialized with port 8080 (http)
2026-08-13T15:02:59.913+07:00  INFO 16492 --- [  restartedMain] o.apache.catalina.core.StandardService   : Starting service [Tomcat]
2026-08-13T15:02:59.914+07:00  INFO 16492 --- [  restartedMain] o.apache.catalina.core.StandardEngine    : Starting Servlet engine: [Apache Tomcat/10.1.41]
2026-08-13T15:02:59.940+07:00  INFO 16492 --- [  restartedMain] o.a.c.c.C.[Tomcat].[localhost].[/]       : Initializing Spring embedded WebApplicationContext
2026-08-13T15:02:59.940+07:00  INFO 16492 --- [  restartedMain] w.s.c.ServletWebServerApplicationContext : Root WebApplicationContext: initialization completed in 705 ms
2026-08-13T15:03:00.005+07:00  INFO 16492 --- [  restartedMain] o.hibernate.jpa.internal.util.LogHelper  : HHH000204: Processing PersistenceUnitInfo [name: default]
2026-08-13T15:03:00.009+07:00  INFO 16492 --- [  restartedMain] o.h.c.internal.RegionFactoryInitiator    : HHH000026: Second-level cache disabled
2026-08-13T15:03:00.010+07:00 DEBUG 16492 --- [  restartedMain] org.hibernate.type.BasicTypeRegistry     : Adding type registration boolean -> org.hibernate.type.BasicTypeReference@d3312b1
2026-08-13T15:03:00.010+07:00 DEBUG 16492 --- [  restartedMain] org.hibernate.type.BasicTypeRegistry     : Adding type registration boolean -> org.hibernate.type.BasicTypeReference@d3312b1
2026-08-13T15:03:00.010+07:00 DEBUG 16492 --- [  restartedMain] org.hibernate.type.BasicTypeRegistry     : Adding type registration java.lang.Boolean -> org.hibernate.type.BasicTypeReference@d3312b1
2026-08-13T15:03:00.010+07:00 DEBUG 16492 --- [  restartedMain] org.hibernate.type.BasicTypeRegistry     : Adding type registration numeric_boolean -> org.hibernate.type.BasicTypeReference@4aa41afd
2026-08-13T15:03:00.010+07:00 DEBUG 16492 --- [  restartedMain] org.hibernate.type.BasicTypeRegistry     : Adding type registration org.hibernate.type.NumericBooleanConverter -> org.hibernate.type.BasicTypeReference@4aa41afd
2026-08-13T15:03:00.011+07:00 DEBUG 16492 --- [  restartedMain] org.hibernate.type.BasicTypeRegistry     : Adding type registration true_false -> org.hibernate.type.BasicTypeReference@2d3a8789
2026-08-13T15:03:00.011+07:00 DEBUG 16492 --- [  restartedMain] org.hibernate.type.BasicTypeRegistry     : Adding type registration org.hibernate.type.TrueFalseConverter -> org.hibernate.type.BasicTypeReference@2d3a8789
2026-08-13T15:03:00.011+07:00 DEBUG 16492 --- [  restartedMain] org.hibernate.type.BasicTypeRegistry     : Adding type registration yes_no -> org.hibernate.type.BasicTypeReference@3454a110
2026-08-13T15:03:00.011+07:00 DEBUG 16492 --- [  restartedMain] org.hibernate.type.BasicTypeRegistry     : Adding type registration org.hibernate.type.YesNoConverter -> org.hibernate.type.BasicTypeReference@3454a110
2026-08-13T15:03:00.011+07:00 DEBUG 16492 --- [  restartedMain] org.hibernate.type.BasicTypeRegistry     : Adding type registration byte -> org.hibernate.type.BasicTypeReference@21e78bb1
2026-08-13T15:03:00.011+07:00 DEBUG 16492 --- [  restartedMain] org.hibernate.type.BasicTypeRegistry     : Adding type registration byte -> org.hibernate.type.BasicTypeReference@21e78bb1
2026-08-13T15:03:00.011+07:00 DEBUG 16492 --- [  restartedMain] org.hibernate.type.BasicTypeRegistry     : Adding type registration java.lang.Byte -> org.hibernate.type.BasicTypeReference@21e78bb1
2026-08-13T15:03:00.011+07:00 DEBUG 16492 --- [  restartedMain] org.hibernate.type.BasicTypeRegistry     : Adding type registration binary -> org.hibernate.type.BasicTypeReference@4b7e1e82
2026-08-13T15:03:00.012+07:00 DEBUG 16492 --- [  restartedMain] org.hibernate.type.BasicTypeRegistry     : Adding type registration byte[] -> org.hibernate.type.BasicTypeReference@4b7e1e82
2026-08-13T15:03:00.012+07:00 DEBUG 16492 --- [  restartedMain] org.hibernate.type.BasicTypeRegistry     : Adding type registration [B -> org.hibernate.type.BasicTypeReference@4b7e1e82
2026-08-13T15:03:00.012+07:00 DEBUG 16492 --- [  restartedMain] org.hibernate.type.BasicTypeRegistry     : Adding type registration binary_wrapper -> org.hibernate.type.BasicTypeReference@3281deab
2026-08-13T15:03:00.012+07:00 DEBUG 16492 --- [  restartedMain] org.hibernate.type.BasicTypeRegistry     : Adding type registration wrapper-binary -> org.hibernate.type.BasicTypeReference@3281deab
2026-08-13T15:03:00.012+07:00 DEBUG 16492 --- [  restartedMain] org.hibernate.type.BasicTypeRegistry     : Adding type registration image -> org.hibernate.type.BasicTypeReference@23ccb5ca
2026-08-13T15:03:00.012+07:00 DEBUG 16492 --- [  restartedMain] org.hibernate.type.BasicTypeRegistry     : Adding type registration blob -> org.hibernate.type.BasicTypeReference@3eeb1801
2026-08-13T15:03:00.012+07:00 DEBUG 16492 --- [  restartedMain] org.hibernate.type.BasicTypeRegistry     : Adding type registration java.sql.Blob -> org.hibernate.type.BasicTypeReference@3eeb1801
2026-08-13T15:03:00.013+07:00 DEBUG 16492 --- [  restartedMain] org.hibernate.type.BasicTypeRegistry     : Adding type registration materialized_blob -> org.hibernate.type.BasicTypeReference@5da9b50
2026-08-13T15:03:00.013+07:00 DEBUG 16492 --- [  restartedMain] org.hibernate.type.BasicTypeRegistry     : Adding type registration materialized_blob_wrapper -> org.hibernate.type.BasicTypeReference@391279c6
2026-08-13T15:03:00.013+07:00 DEBUG 16492 --- [  restartedMain] org.hibernate.type.BasicTypeRegistry     : Adding type registration short -> org.hibernate.type.BasicTypeReference@7fb6f9cb
2026-08-13T15:03:00.013+07:00 DEBUG 16492 --- [  restartedMain] org.hibernate.type.BasicTypeRegistry     : Adding type registration short -> org.hibernate.type.BasicTypeReference@7fb6f9cb
2026-08-13T15:03:00.013+07:00 DEBUG 16492 --- [  restartedMain] org.hibernate.type.BasicTypeRegistry     : Adding type registration java.lang.Short -> org.hibernate.type.BasicTypeReference@7fb6f9cb
2026-08-13T15:03:00.013+07:00 DEBUG 16492 --- [  restartedMain] org.hibernate.type.BasicTypeRegistry     : Adding type registration integer -> org.hibernate.type.BasicTypeReference@19fbdd2c
2026-08-13T15:03:00.013+07:00 DEBUG 16492 --- [  restartedMain] org.hibernate.type.BasicTypeRegistry     : Adding type registration int -> org.hibernate.type.BasicTypeReference@19fbdd2c
2026-08-13T15:03:00.014+07:00 DEBUG 16492 --- [  restartedMain] org.hibernate.type.BasicTypeRegistry     : Adding type registration java.lang.Integer -> org.hibernate.type.BasicTypeReference@19fbdd2c
2026-08-13T15:03:00.014+07:00 DEBUG 16492 --- [  restartedMain] org.hibernate.type.BasicTypeRegistry     : Adding type registration long -> org.hibernate.type.BasicTypeReference@48aad558
2026-08-13T15:03:00.014+07:00 DEBUG 16492 --- [  restartedMain] org.hibernate.type.BasicTypeRegistry     : Adding type registration long -> org.hibernate.type.BasicTypeReference@48aad558
2026-08-13T15:03:00.014+07:00 DEBUG 16492 --- [  restartedMain] org.hibernate.type.BasicTypeRegistry     : Adding type registration java.lang.Long -> org.hibernate.type.BasicTypeReference@48aad558
2026-08-13T15:03:00.014+07:00 DEBUG 16492 --- [  restartedMain] org.hibernate.type.BasicTypeRegistry     : Adding type registration float -> org.hibernate.type.BasicTypeReference@62dc59c2
2026-08-13T15:03:00.014+07:00 DEBUG 16492 --- [  restartedMain] org.hibernate.type.BasicTypeRegistry     : Adding type registration float -> org.hibernate.type.BasicTypeReference@62dc59c2
2026-08-13T15:03:00.015+07:00 DEBUG 16492 --- [  restartedMain] org.hibernate.type.BasicTypeRegistry     : Adding type registration java.lang.Float -> org.hibernate.type.BasicTypeReference@62dc59c2
2026-08-13T15:03:00.015+07:00 DEBUG 16492 --- [  restartedMain] org.hibernate.type.BasicTypeRegistry     : Adding type registration double -> org.hibernate.type.BasicTypeReference@2aec8cf3
2026-08-13T15:03:00.015+07:00 DEBUG 16492 --- [  restartedMain] org.hibernate.type.BasicTypeRegistry     : Adding type registration double -> org.hibernate.type.BasicTypeReference@2aec8cf3
2026-08-13T15:03:00.015+07:00 DEBUG 16492 --- [  restartedMain] org.hibernate.type.BasicTypeRegistry     : Adding type registration java.lang.Double -> org.hibernate.type.BasicTypeReference@2aec8cf3
2026-08-13T15:03:00.015+07:00 DEBUG 16492 --- [  restartedMain] org.hibernate.type.BasicTypeRegistry     : Adding type registration big_integer -> org.hibernate.type.BasicTypeReference@6db9263f
2026-08-13T15:03:00.015+07:00 DEBUG 16492 --- [  restartedMain] org.hibernate.type.BasicTypeRegistry     : Adding type registration java.math.BigInteger -> org.hibernate.type.BasicTypeReference@6db9263f
2026-08-13T15:03:00.015+07:00 DEBUG 16492 --- [  restartedMain] org.hibernate.type.BasicTypeRegistry     : Adding type registration big_decimal -> org.hibernate.type.BasicTypeReference@73273ec5
2026-08-13T15:03:00.016+07:00 DEBUG 16492 --- [  restartedMain] org.hibernate.type.BasicTypeRegistry     : Adding type registration java.math.BigDecimal -> org.hibernate.type.BasicTypeReference@73273ec5
2026-08-13T15:03:00.016+07:00 DEBUG 16492 --- [  restartedMain] org.hibernate.type.BasicTypeRegistry     : Adding type registration character -> org.hibernate.type.BasicTypeReference@73b57b2a
2026-08-13T15:03:00.016+07:00 DEBUG 16492 --- [  restartedMain] org.hibernate.type.BasicTypeRegistry     : Adding type registration char -> org.hibernate.type.BasicTypeReference@73b57b2a
2026-08-13T15:03:00.016+07:00 DEBUG 16492 --- [  restartedMain] org.hibernate.type.BasicTypeRegistry     : Adding type registration java.lang.Character -> org.hibernate.type.BasicTypeReference@73b57b2a
2026-08-13T15:03:00.016+07:00 DEBUG 16492 --- [  restartedMain] org.hibernate.type.BasicTypeRegistry     : Adding type registration character_nchar -> org.hibernate.type.BasicTypeReference@3d70eabb
2026-08-13T15:03:00.017+07:00 DEBUG 16492 --- [  restartedMain] org.hibernate.type.BasicTypeRegistry     : Adding type registration string -> org.hibernate.type.BasicTypeReference@195cbbf4
2026-08-13T15:03:00.017+07:00 DEBUG 16492 --- [  restartedMain] org.hibernate.type.BasicTypeRegistry     : Adding type registration java.lang.String -> org.hibernate.type.BasicTypeReference@195cbbf4
2026-08-13T15:03:00.017+07:00 DEBUG 16492 --- [  restartedMain] org.hibernate.type.BasicTypeRegistry     : Adding type registration nstring -> org.hibernate.type.BasicTypeReference@53476f0c
2026-08-13T15:03:00.017+07:00 DEBUG 16492 --- [  restartedMain] org.hibernate.type.BasicTypeRegistry     : Adding type registration characters -> org.hibernate.type.BasicTypeReference@bf32265
2026-08-13T15:03:00.018+07:00 DEBUG 16492 --- [  restartedMain] org.hibernate.type.BasicTypeRegistry     : Adding type registration char[] -> org.hibernate.type.BasicTypeReference@bf32265
2026-08-13T15:03:00.018+07:00 DEBUG 16492 --- [  restartedMain] org.hibernate.type.BasicTypeRegistry     : Adding type registration [C -> org.hibernate.type.BasicTypeReference@bf32265
2026-08-13T15:03:00.018+07:00 DEBUG 16492 --- [  restartedMain] org.hibernate.type.BasicTypeRegistry     : Adding type registration wrapper-characters -> org.hibernate.type.BasicTypeReference@316c2492
2026-08-13T15:03:00.018+07:00 DEBUG 16492 --- [  restartedMain] org.hibernate.type.BasicTypeRegistry     : Adding type registration text -> org.hibernate.type.BasicTypeReference@4d93ba50
2026-08-13T15:03:00.018+07:00 DEBUG 16492 --- [  restartedMain] org.hibernate.type.BasicTypeRegistry     : Adding type registration ntext -> org.hibernate.type.BasicTypeReference@25c483e1
2026-08-13T15:03:00.018+07:00 DEBUG 16492 --- [  restartedMain] org.hibernate.type.BasicTypeRegistry     : Adding type registration clob -> org.hibernate.type.BasicTypeReference@37366d36
2026-08-13T15:03:00.018+07:00 DEBUG 16492 --- [  restartedMain] org.hibernate.type.BasicTypeRegistry     : Adding type registration java.sql.Clob -> org.hibernate.type.BasicTypeReference@37366d36
2026-08-13T15:03:00.019+07:00 DEBUG 16492 --- [  restartedMain] org.hibernate.type.BasicTypeRegistry     : Adding type registration nclob -> org.hibernate.type.BasicTypeReference@672e97f6
2026-08-13T15:03:00.019+07:00 DEBUG 16492 --- [  restartedMain] org.hibernate.type.BasicTypeRegistry     : Adding type registration java.sql.NClob -> org.hibernate.type.BasicTypeReference@672e97f6
2026-08-13T15:03:00.019+07:00 DEBUG 16492 --- [  restartedMain] org.hibernate.type.BasicTypeRegistry     : Adding type registration materialized_clob -> org.hibernate.type.BasicTypeReference@37bfe079
2026-08-13T15:03:00.019+07:00 DEBUG 16492 --- [  restartedMain] org.hibernate.type.BasicTypeRegistry     : Adding type registration materialized_clob_char_array -> org.hibernate.type.BasicTypeReference@3665a6e4
2026-08-13T15:03:00.019+07:00 DEBUG 16492 --- [  restartedMain] org.hibernate.type.BasicTypeRegistry     : Adding type registration materialized_clob_character_array -> org.hibernate.type.BasicTypeReference@32be32c3
2026-08-13T15:03:00.019+07:00 DEBUG 16492 --- [  restartedMain] org.hibernate.type.BasicTypeRegistry     : Adding type registration materialized_nclob -> org.hibernate.type.BasicTypeReference@213c8245
2026-08-13T15:03:00.019+07:00 DEBUG 16492 --- [  restartedMain] org.hibernate.type.BasicTypeRegistry     : Adding type registration materialized_nclob_character_array -> org.hibernate.type.BasicTypeReference@69c81233
2026-08-13T15:03:00.020+07:00 DEBUG 16492 --- [  restartedMain] org.hibernate.type.BasicTypeRegistry     : Adding type registration materialized_nclob_char_array -> org.hibernate.type.BasicTypeReference@7201cb68
2026-08-13T15:03:00.020+07:00 DEBUG 16492 --- [  restartedMain] org.hibernate.type.BasicTypeRegistry     : Adding type registration Duration -> org.hibernate.type.BasicTypeReference@31ead7c1
2026-08-13T15:03:00.020+07:00 DEBUG 16492 --- [  restartedMain] org.hibernate.type.BasicTypeRegistry     : Adding type registration java.time.Duration -> org.hibernate.type.BasicTypeReference@31ead7c1
2026-08-13T15:03:00.020+07:00 DEBUG 16492 --- [  restartedMain] org.hibernate.type.BasicTypeRegistry     : Adding type registration LocalDateTime -> org.hibernate.type.BasicTypeReference@74015513
2026-08-13T15:03:00.020+07:00 DEBUG 16492 --- [  restartedMain] org.hibernate.type.BasicTypeRegistry     : Adding type registration java.time.LocalDateTime -> org.hibernate.type.BasicTypeReference@74015513
2026-08-13T15:03:00.021+07:00 DEBUG 16492 --- [  restartedMain] org.hibernate.type.BasicTypeRegistry     : Adding type registration LocalDate -> org.hibernate.type.BasicTypeReference@5d71982a
2026-08-13T15:03:00.021+07:00 DEBUG 16492 --- [  restartedMain] org.hibernate.type.BasicTypeRegistry     : Adding type registration java.time.LocalDate -> org.hibernate.type.BasicTypeReference@5d71982a
2026-08-13T15:03:00.021+07:00 DEBUG 16492 --- [  restartedMain] org.hibernate.type.BasicTypeRegistry     : Adding type registration LocalTime -> org.hibernate.type.BasicTypeReference@21d75267
2026-08-13T15:03:00.021+07:00 DEBUG 16492 --- [  restartedMain] org.hibernate.type.BasicTypeRegistry     : Adding type registration java.time.LocalTime -> org.hibernate.type.BasicTypeReference@21d75267
2026-08-13T15:03:00.021+07:00 DEBUG 16492 --- [  restartedMain] org.hibernate.type.BasicTypeRegistry     : Adding type registration OffsetDateTime -> org.hibernate.type.BasicTypeReference@46e4dd43
2026-08-13T15:03:00.021+07:00 DEBUG 16492 --- [  restartedMain] org.hibernate.type.BasicTypeRegistry     : Adding type registration java.time.OffsetDateTime -> org.hibernate.type.BasicTypeReference@46e4dd43
2026-08-13T15:03:00.021+07:00 DEBUG 16492 --- [  restartedMain] org.hibernate.type.BasicTypeRegistry     : Adding type registration OffsetDateTimeWithTimezone -> org.hibernate.type.BasicTypeReference@38b3b141
2026-08-13T15:03:00.022+07:00 DEBUG 16492 --- [  restartedMain] org.hibernate.type.BasicTypeRegistry     : Adding type registration OffsetDateTimeWithoutTimezone -> org.hibernate.type.BasicTypeReference@6952deb5
2026-08-13T15:03:00.022+07:00 DEBUG 16492 --- [  restartedMain] org.hibernate.type.BasicTypeRegistry     : Adding type registration OffsetTime -> org.hibernate.type.BasicTypeReference@728ded92
2026-08-13T15:03:00.022+07:00 DEBUG 16492 --- [  restartedMain] org.hibernate.type.BasicTypeRegistry     : Adding type registration java.time.OffsetTime -> org.hibernate.type.BasicTypeReference@728ded92
2026-08-13T15:03:00.023+07:00 DEBUG 16492 --- [  restartedMain] org.hibernate.type.BasicTypeRegistry     : Adding type registration OffsetTimeUtc -> org.hibernate.type.BasicTypeReference@12e32845
2026-08-13T15:03:00.023+07:00 DEBUG 16492 --- [  restartedMain] org.hibernate.type.BasicTypeRegistry     : Adding type registration OffsetTimeWithTimezone -> org.hibernate.type.BasicTypeReference@37ffaae1
2026-08-13T15:03:00.023+07:00 DEBUG 16492 --- [  restartedMain] org.hibernate.type.BasicTypeRegistry     : Adding type registration OffsetTimeWithoutTimezone -> org.hibernate.type.BasicTypeReference@48277ddd
2026-08-13T15:03:00.023+07:00 DEBUG 16492 --- [  restartedMain] org.hibernate.type.BasicTypeRegistry     : Adding type registration ZonedDateTime -> org.hibernate.type.BasicTypeReference@55dbe836
2026-08-13T15:03:00.023+07:00 DEBUG 16492 --- [  restartedMain] org.hibernate.type.BasicTypeRegistry     : Adding type registration java.time.ZonedDateTime -> org.hibernate.type.BasicTypeReference@55dbe836
2026-08-13T15:03:00.023+07:00 DEBUG 16492 --- [  restartedMain] org.hibernate.type.BasicTypeRegistry     : Adding type registration ZonedDateTimeWithTimezone -> org.hibernate.type.BasicTypeReference@5e7143c8
2026-08-13T15:03:00.024+07:00 DEBUG 16492 --- [  restartedMain] org.hibernate.type.BasicTypeRegistry     : Adding type registration ZonedDateTimeWithoutTimezone -> org.hibernate.type.BasicTypeReference@14134245
2026-08-13T15:03:00.024+07:00 DEBUG 16492 --- [  restartedMain] org.hibernate.type.BasicTypeRegistry     : Adding type registration date -> org.hibernate.type.BasicTypeReference@67a90c8f
2026-08-13T15:03:00.024+07:00 DEBUG 16492 --- [  restartedMain] org.hibernate.type.BasicTypeRegistry     : Adding type registration java.sql.Date -> org.hibernate.type.BasicTypeReference@67a90c8f
2026-08-13T15:03:00.024+07:00 DEBUG 16492 --- [  restartedMain] org.hibernate.type.BasicTypeRegistry     : Adding type registration time -> org.hibernate.type.BasicTypeReference@6db9d214
2026-08-13T15:03:00.024+07:00 DEBUG 16492 --- [  restartedMain] org.hibernate.type.BasicTypeRegistry     : Adding type registration java.sql.Time -> org.hibernate.type.BasicTypeReference@6db9d214
2026-08-13T15:03:00.024+07:00 DEBUG 16492 --- [  restartedMain] org.hibernate.type.BasicTypeRegistry     : Adding type registration timestamp -> org.hibernate.type.BasicTypeReference@3902b368
2026-08-13T15:03:00.025+07:00 DEBUG 16492 --- [  restartedMain] org.hibernate.type.BasicTypeRegistry     : Adding type registration java.sql.Timestamp -> org.hibernate.type.BasicTypeReference@3902b368
2026-08-13T15:03:00.025+07:00 DEBUG 16492 --- [  restartedMain] org.hibernate.type.BasicTypeRegistry     : Adding type registration java.util.Date -> org.hibernate.type.BasicTypeReference@3902b368
2026-08-13T15:03:00.025+07:00 DEBUG 16492 --- [  restartedMain] org.hibernate.type.BasicTypeRegistry     : Adding type registration calendar -> org.hibernate.type.BasicTypeReference@370dcf67
2026-08-13T15:03:00.025+07:00 DEBUG 16492 --- [  restartedMain] org.hibernate.type.BasicTypeRegistry     : Adding type registration java.util.Calendar -> org.hibernate.type.BasicTypeReference@370dcf67
2026-08-13T15:03:00.025+07:00 DEBUG 16492 --- [  restartedMain] org.hibernate.type.BasicTypeRegistry     : Adding type registration java.util.GregorianCalendar -> org.hibernate.type.BasicTypeReference@370dcf67
2026-08-13T15:03:00.026+07:00 DEBUG 16492 --- [  restartedMain] org.hibernate.type.BasicTypeRegistry     : Adding type registration calendar_date -> org.hibernate.type.BasicTypeReference@186f607d
2026-08-13T15:03:00.026+07:00 DEBUG 16492 --- [  restartedMain] org.hibernate.type.BasicTypeRegistry     : Adding type registration calendar_time -> org.hibernate.type.BasicTypeReference@3be53816
2026-08-13T15:03:00.026+07:00 DEBUG 16492 --- [  restartedMain] org.hibernate.type.BasicTypeRegistry     : Adding type registration instant -> org.hibernate.type.BasicTypeReference@17d045f1
2026-08-13T15:03:00.026+07:00 DEBUG 16492 --- [  restartedMain] org.hibernate.type.BasicTypeRegistry     : Adding type registration java.time.Instant -> org.hibernate.type.BasicTypeReference@17d045f1
2026-08-13T15:03:00.026+07:00 DEBUG 16492 --- [  restartedMain] org.hibernate.type.BasicTypeRegistry     : Adding type registration uuid -> org.hibernate.type.BasicTypeReference@4e7fc69b
2026-08-13T15:03:00.026+07:00 DEBUG 16492 --- [  restartedMain] org.hibernate.type.BasicTypeRegistry     : Adding type registration java.util.UUID -> org.hibernate.type.BasicTypeReference@4e7fc69b
2026-08-13T15:03:00.026+07:00 DEBUG 16492 --- [  restartedMain] org.hibernate.type.BasicTypeRegistry     : Adding type registration pg-uuid -> org.hibernate.type.BasicTypeReference@4e7fc69b
2026-08-13T15:03:00.027+07:00 DEBUG 16492 --- [  restartedMain] org.hibernate.type.BasicTypeRegistry     : Adding type registration uuid-binary -> org.hibernate.type.BasicTypeReference@2d703ba1
2026-08-13T15:03:00.027+07:00 DEBUG 16492 --- [  restartedMain] org.hibernate.type.BasicTypeRegistry     : Adding type registration uuid-char -> org.hibernate.type.BasicTypeReference@3fc78391
2026-08-13T15:03:00.027+07:00 DEBUG 16492 --- [  restartedMain] org.hibernate.type.BasicTypeRegistry     : Adding type registration class -> org.hibernate.type.BasicTypeReference@2aadb655
2026-08-13T15:03:00.027+07:00 DEBUG 16492 --- [  restartedMain] org.hibernate.type.BasicTypeRegistry     : Adding type registration java.lang.Class -> org.hibernate.type.BasicTypeReference@2aadb655
2026-08-13T15:03:00.027+07:00 DEBUG 16492 --- [  restartedMain] org.hibernate.type.BasicTypeRegistry     : Adding type registration currency -> org.hibernate.type.BasicTypeReference@1ad6f685
2026-08-13T15:03:00.027+07:00 DEBUG 16492 --- [  restartedMain] org.hibernate.type.BasicTypeRegistry     : Adding type registration Currency -> org.hibernate.type.BasicTypeReference@1ad6f685
2026-08-13T15:03:00.027+07:00 DEBUG 16492 --- [  restartedMain] org.hibernate.type.BasicTypeRegistry     : Adding type registration java.util.Currency -> org.hibernate.type.BasicTypeReference@1ad6f685
2026-08-13T15:03:00.027+07:00 DEBUG 16492 --- [  restartedMain] org.hibernate.type.BasicTypeRegistry     : Adding type registration locale -> org.hibernate.type.BasicTypeReference@36577b4d
2026-08-13T15:03:00.028+07:00 DEBUG 16492 --- [  restartedMain] org.hibernate.type.BasicTypeRegistry     : Adding type registration java.util.Locale -> org.hibernate.type.BasicTypeReference@36577b4d
2026-08-13T15:03:00.028+07:00 DEBUG 16492 --- [  restartedMain] org.hibernate.type.BasicTypeRegistry     : Adding type registration serializable -> org.hibernate.type.BasicTypeReference@358fbd1d
2026-08-13T15:03:00.028+07:00 DEBUG 16492 --- [  restartedMain] org.hibernate.type.BasicTypeRegistry     : Adding type registration java.io.Serializable -> org.hibernate.type.BasicTypeReference@358fbd1d
2026-08-13T15:03:00.028+07:00 DEBUG 16492 --- [  restartedMain] org.hibernate.type.BasicTypeRegistry     : Adding type registration timezone -> org.hibernate.type.BasicTypeReference@7257aae7
2026-08-13T15:03:00.028+07:00 DEBUG 16492 --- [  restartedMain] org.hibernate.type.BasicTypeRegistry     : Adding type registration java.util.TimeZone -> org.hibernate.type.BasicTypeReference@7257aae7
2026-08-13T15:03:00.028+07:00 DEBUG 16492 --- [  restartedMain] org.hibernate.type.BasicTypeRegistry     : Adding type registration ZoneOffset -> org.hibernate.type.BasicTypeReference@5f1818f6
2026-08-13T15:03:00.028+07:00 DEBUG 16492 --- [  restartedMain] org.hibernate.type.BasicTypeRegistry     : Adding type registration java.time.ZoneOffset -> org.hibernate.type.BasicTypeReference@5f1818f6
2026-08-13T15:03:00.028+07:00 DEBUG 16492 --- [  restartedMain] org.hibernate.type.BasicTypeRegistry     : Adding type registration url -> org.hibernate.type.BasicTypeReference@52988d4b
2026-08-13T15:03:00.029+07:00 DEBUG 16492 --- [  restartedMain] org.hibernate.type.BasicTypeRegistry     : Adding type registration java.net.URL -> org.hibernate.type.BasicTypeReference@52988d4b
2026-08-13T15:03:00.029+07:00 DEBUG 16492 --- [  restartedMain] org.hibernate.type.BasicTypeRegistry     : Adding type registration vector -> org.hibernate.type.BasicTypeReference@1a37b550
2026-08-13T15:03:00.029+07:00 DEBUG 16492 --- [  restartedMain] org.hibernate.type.BasicTypeRegistry     : Adding type registration float_vector -> org.hibernate.type.BasicTypeReference@55f83463
2026-08-13T15:03:00.029+07:00 DEBUG 16492 --- [  restartedMain] org.hibernate.type.BasicTypeRegistry     : Adding type registration double_vector -> org.hibernate.type.BasicTypeReference@4ab84982
2026-08-13T15:03:00.030+07:00 DEBUG 16492 --- [  restartedMain] org.hibernate.type.BasicTypeRegistry     : Adding type registration byte_vector -> org.hibernate.type.BasicTypeReference@5cdc774b
2026-08-13T15:03:00.030+07:00 DEBUG 16492 --- [  restartedMain] org.hibernate.type.BasicTypeRegistry     : Adding type registration row_version -> org.hibernate.type.BasicTypeReference@7b66d4b5
2026-08-13T15:03:00.030+07:00 DEBUG 16492 --- [  restartedMain] org.hibernate.type.BasicTypeRegistry     : Adding type registration object -> org.hibernate.type.JavaObjectType@52e90333
2026-08-13T15:03:00.030+07:00 DEBUG 16492 --- [  restartedMain] org.hibernate.type.BasicTypeRegistry     : Adding type registration java.lang.Object -> org.hibernate.type.JavaObjectType@52e90333
2026-08-13T15:03:00.030+07:00 DEBUG 16492 --- [  restartedMain] org.hibernate.type.BasicTypeRegistry     : Adding type registration null -> org.hibernate.type.NullType@36161b6b
2026-08-13T15:03:00.030+07:00 DEBUG 16492 --- [  restartedMain] org.hibernate.type.BasicTypeRegistry     : Adding type registration imm_date -> org.hibernate.type.BasicTypeReference@19dfd0e1
2026-08-13T15:03:00.031+07:00 DEBUG 16492 --- [  restartedMain] org.hibernate.type.BasicTypeRegistry     : Adding type registration imm_time -> org.hibernate.type.BasicTypeReference@4bf4e2dd
2026-08-13T15:03:00.031+07:00 DEBUG 16492 --- [  restartedMain] org.hibernate.type.BasicTypeRegistry     : Adding type registration imm_timestamp -> org.hibernate.type.BasicTypeReference@58a90341
2026-08-13T15:03:00.031+07:00 DEBUG 16492 --- [  restartedMain] org.hibernate.type.BasicTypeRegistry     : Adding type registration imm_calendar -> org.hibernate.type.BasicTypeReference@78f9258a
2026-08-13T15:03:00.031+07:00 DEBUG 16492 --- [  restartedMain] org.hibernate.type.BasicTypeRegistry     : Adding type registration imm_calendar_date -> org.hibernate.type.BasicTypeReference@1f46baac
2026-08-13T15:03:00.031+07:00 DEBUG 16492 --- [  restartedMain] org.hibernate.type.BasicTypeRegistry     : Adding type registration imm_calendar_time -> org.hibernate.type.BasicTypeReference@73485193
2026-08-13T15:03:00.031+07:00 DEBUG 16492 --- [  restartedMain] org.hibernate.type.BasicTypeRegistry     : Adding type registration imm_binary -> org.hibernate.type.BasicTypeReference@636bf7b0
2026-08-13T15:03:00.032+07:00 DEBUG 16492 --- [  restartedMain] org.hibernate.type.BasicTypeRegistry     : Adding type registration imm_serializable -> org.hibernate.type.BasicTypeReference@528f5b22
2026-08-13T15:03:00.054+07:00  INFO 16492 --- [  restartedMain] o.s.o.j.p.SpringPersistenceUnitInfo      : No LoadTimeWeaver setup: ignoring JPA class transformer
2026-08-13T15:03:00.055+07:00  INFO 16492 --- [  restartedMain] com.zaxxer.hikari.HikariDataSource       : HikariPool-2 - Starting...
2026-08-13T15:03:00.061+07:00  INFO 16492 --- [  restartedMain] com.zaxxer.hikari.pool.HikariPool        : HikariPool-2 - Added connection com.mysql.cj.jdbc.ConnectionImpl@7f358234
2026-08-13T15:03:00.061+07:00  INFO 16492 --- [  restartedMain] com.zaxxer.hikari.HikariDataSource       : HikariPool-2 - Start completed.
2026-08-13T15:03:00.063+07:00  WARN 16492 --- [  restartedMain] org.hibernate.dialect.Dialect            : HHH000511: The 5.5.5 version for [org.hibernate.dialect.MySQLDialect] is no longer supported, hence certain features may not work properly. The minimum supported version is 8.0.0. Check the community dialects project for available legacy versions.
2026-08-13T15:03:00.064+07:00  WARN 16492 --- [  restartedMain] org.hibernate.orm.deprecation            : HHH90000025: MySQLDialect does not need to be specified explicitly using 'hibernate.dialect' (remove the property setting and it will be selected by default)
2026-08-13T15:03:00.065+07:00  INFO 16492 --- [  restartedMain] org.hibernate.orm.connections.pooling    : HHH10001005: Database info:
	Database JDBC URL [Connecting through datasource 'HikariDataSource (HikariPool-2)']
	Database driver: undefined/unknown
	Database version: 5.5.5
	Autocommit mode: undefined/unknown
	Isolation level: undefined/unknown
	Minimum pool size: undefined/unknown
	Maximum pool size: undefined/unknown
2026-08-13T15:03:00.065+07:00 DEBUG 16492 --- [  restartedMain] o.h.t.d.sql.spi.DdlTypeRegistry          : addDescriptor(12, org.hibernate.type.descriptor.sql.internal.CapacityDependentDdlType@2353c550) replaced previous registration(org.hibernate.type.descriptor.sql.internal.CapacityDependentDdlType@2a064b6e)
2026-08-13T15:03:00.065+07:00 DEBUG 16492 --- [  restartedMain] o.h.t.d.sql.spi.DdlTypeRegistry          : addDescriptor(-9, org.hibernate.type.descriptor.sql.internal.CapacityDependentDdlType@7c224185) replaced previous registration(org.hibernate.type.descriptor.sql.internal.CapacityDependentDdlType@3a5304cf)
2026-08-13T15:03:00.066+07:00 DEBUG 16492 --- [  restartedMain] o.h.t.d.sql.spi.DdlTypeRegistry          : addDescriptor(-3, org.hibernate.type.descriptor.sql.internal.CapacityDependentDdlType@7172f90) replaced previous registration(org.hibernate.type.descriptor.sql.internal.CapacityDependentDdlType@1f525927)
2026-08-13T15:03:00.066+07:00 DEBUG 16492 --- [  restartedMain] o.h.t.d.sql.spi.DdlTypeRegistry          : addDescriptor(4003, org.hibernate.type.descriptor.sql.internal.DdlTypeImpl@71920d21) replaced previous registration(org.hibernate.type.descriptor.sql.internal.DdlTypeImpl@53c50aa0)
2026-08-13T15:03:00.066+07:00 DEBUG 16492 --- [  restartedMain] o.h.t.d.sql.spi.DdlTypeRegistry          : addDescriptor(4001, org.hibernate.type.descriptor.sql.internal.DdlTypeImpl@6d90c4e7) replaced previous registration(org.hibernate.type.descriptor.sql.internal.DdlTypeImpl@60063313)
2026-08-13T15:03:00.066+07:00 DEBUG 16492 --- [  restartedMain] o.h.t.d.sql.spi.DdlTypeRegistry          : addDescriptor(4002, org.hibernate.type.descriptor.sql.internal.DdlTypeImpl@11cc137) replaced previous registration(org.hibernate.type.descriptor.sql.internal.DdlTypeImpl@7af74bbe)
2026-08-13T15:03:00.066+07:00 DEBUG 16492 --- [  restartedMain] o.h.t.d.sql.spi.DdlTypeRegistry          : addDescriptor(2004, org.hibernate.type.descriptor.sql.internal.CapacityDependentDdlType@11ab1ffb) replaced previous registration(org.hibernate.type.descriptor.sql.internal.DdlTypeImpl@40642876)
2026-08-13T15:03:00.066+07:00 DEBUG 16492 --- [  restartedMain] o.h.t.d.sql.spi.DdlTypeRegistry          : addDescriptor(2005, org.hibernate.type.descriptor.sql.internal.CapacityDependentDdlType@27164c34) replaced previous registration(org.hibernate.type.descriptor.sql.internal.DdlTypeImpl@67fc59d3)
2026-08-13T15:03:00.067+07:00 DEBUG 16492 --- [  restartedMain] o.h.t.d.sql.spi.DdlTypeRegistry          : addDescriptor(2011, org.hibernate.type.descriptor.sql.internal.CapacityDependentDdlType@2ee1c610) replaced previous registration(org.hibernate.type.descriptor.sql.internal.DdlTypeImpl@4fa77c22)
2026-08-13T15:03:00.067+07:00 DEBUG 16492 --- [  restartedMain] o.h.t.d.jdbc.spi.JdbcTypeRegistry        : addDescriptor(NCharTypeDescriptor) replaced previous registration(CharTypeDescriptor)
2026-08-13T15:03:00.067+07:00 DEBUG 16492 --- [  restartedMain] o.h.t.d.jdbc.spi.JdbcTypeRegistry        : addDescriptor(NVarcharTypeDescriptor) replaced previous registration(VarcharTypeDescriptor)
2026-08-13T15:03:00.067+07:00 DEBUG 16492 --- [  restartedMain] o.h.t.d.jdbc.spi.JdbcTypeRegistry        : addDescriptor(LongNVarcharTypeDescriptor) replaced previous registration(LongVarcharTypeDescriptor)
2026-08-13T15:03:00.067+07:00 DEBUG 16492 --- [  restartedMain] o.h.t.d.jdbc.spi.JdbcTypeRegistry        : addDescriptor(NClobTypeDescriptor(DEFAULT)) replaced previous registration(ClobTypeDescriptor(DEFAULT))
2026-08-13T15:03:00.067+07:00 DEBUG 16492 --- [  restartedMain] org.hibernate.type.BasicTypeRegistry     : Adding type registration null -> org.hibernate.type.NullType@5a45ee0e
2026-08-13T15:03:00.067+07:00 DEBUG 16492 --- [  restartedMain] org.hibernate.type.BasicTypeRegistry     : Type registration key [null] overrode previous entry : `org.hibernate.type.NullType@36161b6b`
2026-08-13T15:03:00.068+07:00 DEBUG 16492 --- [  restartedMain] org.hibernate.type.BasicTypeRegistry     : Adding type registration org.hibernate.type.DurationType -> basicType@24(java.time.Duration,3015)
2026-08-13T15:03:00.068+07:00 DEBUG 16492 --- [  restartedMain] org.hibernate.type.BasicTypeRegistry     : Adding type registration Duration -> basicType@24(java.time.Duration,3015)
2026-08-13T15:03:00.068+07:00 DEBUG 16492 --- [  restartedMain] org.hibernate.type.BasicTypeRegistry     : Adding type registration java.time.Duration -> basicType@24(java.time.Duration,3015)
2026-08-13T15:03:00.068+07:00 DEBUG 16492 --- [  restartedMain] org.hibernate.type.BasicTypeRegistry     : Adding type registration org.hibernate.type.OffsetDateTimeType -> basicType@25(java.time.OffsetDateTime,3003)
2026-08-13T15:03:00.069+07:00 DEBUG 16492 --- [  restartedMain] org.hibernate.type.BasicTypeRegistry     : Adding type registration OffsetDateTime -> basicType@25(java.time.OffsetDateTime,3003)
2026-08-13T15:03:00.069+07:00 DEBUG 16492 --- [  restartedMain] org.hibernate.type.BasicTypeRegistry     : Adding type registration java.time.OffsetDateTime -> basicType@25(java.time.OffsetDateTime,3003)
2026-08-13T15:03:00.069+07:00 DEBUG 16492 --- [  restartedMain] org.hibernate.type.BasicTypeRegistry     : Adding type registration org.hibernate.type.ZonedDateTimeType -> basicType@26(java.time.ZonedDateTime,3003)
2026-08-13T15:03:00.069+07:00 DEBUG 16492 --- [  restartedMain] org.hibernate.type.BasicTypeRegistry     : Adding type registration ZonedDateTime -> basicType@26(java.time.ZonedDateTime,3003)
2026-08-13T15:03:00.069+07:00 DEBUG 16492 --- [  restartedMain] org.hibernate.type.BasicTypeRegistry     : Adding type registration java.time.ZonedDateTime -> basicType@26(java.time.ZonedDateTime,3003)
2026-08-13T15:03:00.069+07:00 DEBUG 16492 --- [  restartedMain] org.hibernate.type.BasicTypeRegistry     : Adding type registration org.hibernate.type.OffsetTimeType -> basicType@27(java.time.OffsetTime,3007)
2026-08-13T15:03:00.069+07:00 DEBUG 16492 --- [  restartedMain] org.hibernate.type.BasicTypeRegistry     : Adding type registration OffsetTime -> basicType@27(java.time.OffsetTime,3007)
2026-08-13T15:03:00.069+07:00 DEBUG 16492 --- [  restartedMain] org.hibernate.type.BasicTypeRegistry     : Adding type registration java.time.OffsetTime -> basicType@27(java.time.OffsetTime,3007)
2026-08-13T15:03:00.070+07:00 DEBUG 16492 --- [  restartedMain] o.h.type.spi.TypeConfiguration$Scope     : Scoping TypeConfiguration [org.hibernate.type.spi.TypeConfiguration@5ff20654] to MetadataBuildingContext [org.hibernate.boot.internal.MetadataBuildingContextRootImpl@7f039afc]
2026-08-13T15:03:00.345+07:00  INFO 16492 --- [  restartedMain] o.h.e.t.j.p.i.JtaPlatformInitiator       : HHH000489: No JTA platform available (set 'hibernate.transaction.jta.platform' to enable JTA platform integration)
2026-08-13T15:03:00.346+07:00 DEBUG 16492 --- [  restartedMain] o.h.type.spi.TypeConfiguration$Scope     : Scoping TypeConfiguration [org.hibernate.type.spi.TypeConfiguration@5ff20654] to SessionFactoryImplementor [org.hibernate.internal.SessionFactoryImpl@214ee866]
2026-08-13T15:03:00.434+07:00 TRACE 16492 --- [  restartedMain] o.h.type.spi.TypeConfiguration$Scope     : Handling #sessionFactoryCreated from [org.hibernate.internal.SessionFactoryImpl@214ee866] for TypeConfiguration
2026-08-13T15:03:00.435+07:00  INFO 16492 --- [  restartedMain] j.LocalContainerEntityManagerFactoryBean : Initialized JPA EntityManagerFactory for persistence unit 'default'
2026-08-13T15:03:00.700+07:00  WARN 16492 --- [  restartedMain] JpaBaseConfiguration$JpaWebConfiguration : spring.jpa.open-in-view is enabled by default. Therefore, database queries may be performed during view rendering. Explicitly configure spring.jpa.open-in-view to disable this warning
2026-08-13T15:03:00.709+07:00  INFO 16492 --- [  restartedMain] r$InitializeUserDetailsManagerConfigurer : Global AuthenticationManager configured with UserDetailsService bean with name customUserDetailsService
2026-08-13T15:03:00.982+07:00  INFO 16492 --- [  restartedMain] o.s.b.d.a.OptionalLiveReloadServer       : LiveReload server is running on port 35729
2026-08-13T15:03:00.999+07:00  INFO 16492 --- [  restartedMain] o.s.b.w.embedded.tomcat.TomcatWebServer  : Tomcat started on port 8080 (http) with context path '/'
2026-08-13T15:03:01.006+07:00  INFO 16492 --- [  restartedMain] com.example.kartu.KartuApplication       : Started KartuApplication in 1.831 seconds (process running for 14856.611)
[SCHEDULER] Checking pending Top Up requests...
2026-08-13T15:03:01.009+07:00 DEBUG 16492 --- [   scheduling-1] org.hibernate.SQL                        : select tu1_0.id,tu1_0.amount,tu1_0.date,tu1_0.status,tu1_0.user_id from top_up tu1_0 where tu1_0.status=?
2026-08-13T15:03:01.010+07:00 DEBUG 16492 --- [  restartedMain] org.hibernate.SQL                        : select count(*) from category c1_0
2026-08-13T15:03:01.056+07:00 DEBUG 16492 --- [  restartedMain] org.hibernate.SQL                        : select u1_0.id,u1_0.balance,u1_0.created_at,u1_0.password,u1_0.phone_number,u1_0.recovery_key,u1_0.role,u1_0.status,u1_0.username from user u1_0 where u1_0.username=?
2026-08-13T15:03:01.059+07:00 DEBUG 16492 --- [  restartedMain] org.hibernate.SQL                        : select c1_0.id,c1_0.code,c1_0.type from category c1_0 where upper(c1_0.type) like upper(?) escape '\\'
2026-08-13T15:03:01.062+07:00 DEBUG 16492 --- [  restartedMain] org.hibernate.SQL                        : select c1_0.id,c1_0.code,c1_0.type from category c1_0 where upper(c1_0.type) like upper(?) escape '\\'
2026-08-13T15:03:01.064+07:00 DEBUG 16492 --- [  restartedMain] org.hibernate.SQL                        : select c1_0.id,c1_0.code,c1_0.type from category c1_0 where upper(c1_0.type) like upper(?) escape '\\'
2026-08-13T15:03:01.068+07:00 DEBUG 16492 --- [  restartedMain] org.hibernate.SQL                        : select c1_0.id,c1_0.code,c1_0.type from category c1_0 where upper(c1_0.type) like upper(?) escape '\\'
2026-08-13T15:03:01.069+07:00 DEBUG 16492 --- [  restartedMain] org.hibernate.SQL                        : select p1_0.id,p1_0.logo,p1_0.name from provider p1_0
2026-08-13T15:03:01.158+07:00 DEBUG 16492 --- [  restartedMain] org.hibernate.SQL                        : select p1_0.id,p1_0.logo,p1_0.name,p2_0.provider_id,p2_0.id,c1_0.id,c1_0.code,c1_0.type,p2_0.description,p2_0.product_name,p2_0.price,p2_0.stock from provider p1_0 left join product p2_0 on p1_0.id=p2_0.provider_id left join category c1_0 on c1_0.id=p2_0.category_id where p1_0.id=?
2026-08-13T15:03:01.176+07:00 DEBUG 16492 --- [  restartedMain] org.hibernate.SQL                        : select p1_0.id,p1_0.logo,p1_0.name from provider p1_0
2026-08-13T15:03:01.231+07:00 DEBUG 16492 --- [  restartedMain] org.hibernate.SQL                        : select p1_0.id,p1_0.logo,p1_0.name,p2_0.provider_id,p2_0.id,c1_0.id,c1_0.code,c1_0.type,p2_0.description,p2_0.product_name,p2_0.price,p2_0.stock from provider p1_0 left join product p2_0 on p1_0.id=p2_0.provider_id left join category c1_0 on c1_0.id=p2_0.category_id where p1_0.id=?
2026-08-13T15:03:01.238+07:00 DEBUG 16492 --- [  restartedMain] org.hibernate.SQL                        : select p1_0.id,p1_0.logo,p1_0.name from provider p1_0
2026-08-13T15:03:01.288+07:00 DEBUG 16492 --- [  restartedMain] org.hibernate.SQL                        : select p1_0.id,p1_0.logo,p1_0.name,p2_0.provider_id,p2_0.id,c1_0.id,c1_0.code,c1_0.type,p2_0.description,p2_0.product_name,p2_0.price,p2_0.stock from provider p1_0 left join product p2_0 on p1_0.id=p2_0.provider_id left join category c1_0 on c1_0.id=p2_0.category_id where p1_0.id=?
2026-08-13T15:03:01.293+07:00 DEBUG 16492 --- [  restartedMain] org.hibernate.SQL                        : select p1_0.id,p1_0.logo,p1_0.name from provider p1_0
2026-08-13T15:03:01.350+07:00 DEBUG 16492 --- [  restartedMain] org.hibernate.SQL                        : select p1_0.id,p1_0.logo,p1_0.name,p2_0.provider_id,p2_0.id,c1_0.id,c1_0.code,c1_0.type,p2_0.description,p2_0.product_name,p2_0.price,p2_0.stock from provider p1_0 left join product p2_0 on p1_0.id=p2_0.provider_id left join category c1_0 on c1_0.id=p2_0.category_id where p1_0.id=?
2026-08-13T15:03:01.354+07:00 DEBUG 16492 --- [  restartedMain] org.hibernate.SQL                        : select p1_0.id,p1_0.logo,p1_0.name from provider p1_0
2026-08-13T15:03:01.741+07:00 DEBUG 16492 --- [  restartedMain] org.hibernate.SQL                        : select p1_0.id,p1_0.logo,p1_0.name,p2_0.provider_id,p2_0.id,c1_0.id,c1_0.code,c1_0.type,p2_0.description,p2_0.product_name,p2_0.price,p2_0.stock from provider p1_0 left join product p2_0 on p1_0.id=p2_0.provider_id left join category c1_0 on c1_0.id=p2_0.category_id where p1_0.id=?
2026-08-13T15:03:01.749+07:00 DEBUG 16492 --- [  restartedMain] org.hibernate.SQL                        : select p1_0.id,p1_0.logo,p1_0.name from provider p1_0
2026-08-13T15:03:01.780+07:00 DEBUG 16492 --- [  restartedMain] org.hibernate.SQL                        : select p1_0.id,p1_0.logo,p1_0.name,p2_0.provider_id,p2_0.id,c1_0.id,c1_0.code,c1_0.type,p2_0.description,p2_0.product_name,p2_0.price,p2_0.stock from provider p1_0 left join product p2_0 on p1_0.id=p2_0.provider_id left join category c1_0 on c1_0.id=p2_0.category_id where p1_0.id=?
2026-08-13T15:03:01.786+07:00 DEBUG 16492 --- [  restartedMain] org.hibernate.SQL                        : select count(*) from product p1_0
2026-08-13T15:03:01.789+07:00 DEBUG 16492 --- [  restartedMain] org.hibernate.SQL                        : select u1_0.id,u1_0.balance,u1_0.created_at,u1_0.password,u1_0.phone_number,u1_0.recovery_key,u1_0.role,u1_0.status,u1_0.username from user u1_0 where u1_0.username=?
2026-08-13T15:03:01.792+07:00 DEBUG 16492 --- [  restartedMain] org.hibernate.SQL                        : select u1_0.id,u1_0.balance,u1_0.created_at,u1_0.password,u1_0.phone_number,u1_0.recovery_key,u1_0.role,u1_0.status,u1_0.username from user u1_0 where u1_0.username=?
2026-08-13T15:03:01.793+07:00 DEBUG 16492 --- [  restartedMain] org.hibernate.SQL                        : select u1_0.id,u1_0.balance,u1_0.created_at,u1_0.password,u1_0.phone_number,u1_0.recovery_key,u1_0.role,u1_0.status,u1_0.username from user u1_0 where u1_0.username=?
2026-08-13T15:03:01.798+07:00 DEBUG 16492 --- [  restartedMain] org.hibernate.SQL                        : select u1_0.id,u1_0.balance,u1_0.created_at,u1_0.password,u1_0.phone_number,u1_0.recovery_key,u1_0.role,u1_0.status,u1_0.username from user u1_0 where u1_0.username=?
2026-08-13T15:03:01.801+07:00 DEBUG 16492 --- [  restartedMain] org.hibernate.SQL                        : select u1_0.id,u1_0.balance,u1_0.created_at,u1_0.password,u1_0.phone_number,u1_0.recovery_key,u1_0.role,u1_0.status,u1_0.username from user u1_0 where u1_0.username=?
2026-08-13T15:03:01.804+07:00 DEBUG 16492 --- [  restartedMain] org.hibernate.SQL                        : select u1_0.id,u1_0.balance,u1_0.created_at,u1_0.password,u1_0.phone_number,u1_0.recovery_key,u1_0.role,u1_0.status,u1_0.username from user u1_0 where u1_0.username=?
2026-08-13T15:03:01.807+07:00 DEBUG 16492 --- [  restartedMain] org.hibernate.SQL                        : select count(*) from voucher v1_0
2026-08-13T15:03:01.810+07:00 DEBUG 16492 --- [  restartedMain] org.hibernate.SQL                        : select count(*) from top_up tu1_0
2026-08-13T15:03:01.815+07:00 DEBUG 16492 --- [  restartedMain] org.hibernate.SQL                        : select count(*) from transaction_history th1_0
2026-08-13T15:03:01.817+07:00  INFO 16492 --- [  restartedMain] com.example.kartu.seed.DataDummy         : [DUMMY] All dummy data prepared successfully.
2026-08-13T15:03:01.821+07:00  INFO 16492 --- [  restartedMain] .ConditionEvaluationDeltaLoggingListener : Condition evaluation unchanged
[SCHEDULER] Checking pending Top Up requests...
2026-08-13T15:04:01.019+07:00 DEBUG 16492 --- [   scheduling-1] org.hibernate.SQL                        : select tu1_0.id,tu1_0.amount,tu1_0.date,tu1_0.status,tu1_0.user_id from top_up tu1_0 where tu1_0.status=?
2026-08-13T15:04:08.184+07:00  INFO 16492 --- [   File Watcher] rtingClassPathChangeChangedEventListener : Restarting due to 1 class path change (0 additions, 0 deletions, 1 modification)
2026-08-13T15:04:08.187+07:00  INFO 16492 --- [       Thread-7] o.s.b.w.e.tomcat.GracefulShutdown        : Commencing graceful shutdown. Waiting for active requests to complete
2026-08-13T15:04:08.204+07:00  INFO 16492 --- [tomcat-shutdown] o.s.b.w.e.tomcat.GracefulShutdown        : Graceful shutdown complete
2026-08-13T15:04:08.208+07:00  INFO 16492 --- [       Thread-7] j.LocalContainerEntityManagerFactoryBean : Closing JPA EntityManagerFactory for persistence unit 'default'
2026-08-13T15:04:08.208+07:00 TRACE 16492 --- [       Thread-7] o.h.type.spi.TypeConfiguration$Scope     : Handling #sessionFactoryClosed from [org.hibernate.internal.SessionFactoryImpl@214ee866] for TypeConfiguration
2026-08-13T15:04:08.208+07:00 DEBUG 16492 --- [       Thread-7] o.h.type.spi.TypeConfiguration$Scope     : Un-scoping TypeConfiguration [org.hibernate.type.spi.TypeConfiguration$Scope@1daf0a89] from SessionFactory [org.hibernate.internal.SessionFactoryImpl@214ee866]
2026-08-13T15:04:08.209+07:00  INFO 16492 --- [       Thread-7] com.zaxxer.hikari.HikariDataSource       : HikariPool-2 - Shutdown initiated...
2026-08-13T15:04:08.215+07:00  INFO 16492 --- [       Thread-7] com.zaxxer.hikari.HikariDataSource       : HikariPool-2 - Shutdown completed.

  .   ____          _            __ _ _
 /\\ / ___'_ __ _ _(_)_ __  __ _ \ \ \ \
( ( )\___ | '_ | '_| | '_ \/ _` | \ \ \ \
 \\/  ___)| |_)| | | | | || (_| |  ) ) ) )
  '  |____| .__|_| |_|_| |_\__, | / / / /
 =========|_|==============|___/=/_/_/_/

 :: Spring Boot ::                (v3.4.6)

2026-08-13T15:04:08.337+07:00  INFO 16492 --- [  restartedMain] com.example.kartu.KartuApplication       : Starting KartuApplication using Java 21.0.12 with PID 16492 (C:\Users\ThinkPad\Documents\mas hanif\Projekan_semester-pendek\target\classes started by YuuAshura in C:\Users\ThinkPad\Documents\mas hanif\Projekan_semester-pendek)
2026-08-13T15:04:08.337+07:00  INFO 16492 --- [  restartedMain] com.example.kartu.KartuApplication       : No active profile set, falling back to 1 default profile: "default"
2026-08-13T15:04:08.548+07:00  INFO 16492 --- [  restartedMain] .s.d.r.c.RepositoryConfigurationDelegate : Bootstrapping Spring Data JPA repositories in DEFAULT mode.
2026-08-13T15:04:08.580+07:00  INFO 16492 --- [  restartedMain] .s.d.r.c.RepositoryConfigurationDelegate : Finished Spring Data repository scanning in 30 ms. Found 7 JPA repository interfaces.
2026-08-13T15:04:08.678+07:00  INFO 16492 --- [  restartedMain] o.s.b.w.embedded.tomcat.TomcatWebServer  : Tomcat initialized with port 8080 (http)
2026-08-13T15:04:08.678+07:00  INFO 16492 --- [  restartedMain] o.apache.catalina.core.StandardService   : Starting service [Tomcat]
2026-08-13T15:04:08.678+07:00  INFO 16492 --- [  restartedMain] o.apache.catalina.core.StandardEngine    : Starting Servlet engine: [Apache Tomcat/10.1.41]
2026-08-13T15:04:08.704+07:00  INFO 16492 --- [  restartedMain] o.a.c.c.C.[Tomcat].[localhost].[/]       : Initializing Spring embedded WebApplicationContext
2026-08-13T15:04:08.704+07:00  INFO 16492 --- [  restartedMain] w.s.c.ServletWebServerApplicationContext : Root WebApplicationContext: initialization completed in 362 ms
2026-08-13T15:04:08.746+07:00  INFO 16492 --- [  restartedMain] o.hibernate.jpa.internal.util.LogHelper  : HHH000204: Processing PersistenceUnitInfo [name: default]
2026-08-13T15:04:08.748+07:00  INFO 16492 --- [  restartedMain] o.h.c.internal.RegionFactoryInitiator    : HHH000026: Second-level cache disabled
2026-08-13T15:04:08.748+07:00 DEBUG 16492 --- [  restartedMain] org.hibernate.type.BasicTypeRegistry     : Adding type registration boolean -> org.hibernate.type.BasicTypeReference@d3312b1
2026-08-13T15:04:08.748+07:00 DEBUG 16492 --- [  restartedMain] org.hibernate.type.BasicTypeRegistry     : Adding type registration boolean -> org.hibernate.type.BasicTypeReference@d3312b1
2026-08-13T15:04:08.752+07:00 DEBUG 16492 --- [  restartedMain] org.hibernate.type.BasicTypeRegistry     : Adding type registration java.lang.Boolean -> org.hibernate.type.BasicTypeReference@d3312b1
2026-08-13T15:04:08.752+07:00 DEBUG 16492 --- [  restartedMain] org.hibernate.type.BasicTypeRegistry     : Adding type registration numeric_boolean -> org.hibernate.type.BasicTypeReference@4aa41afd
2026-08-13T15:04:08.752+07:00 DEBUG 16492 --- [  restartedMain] org.hibernate.type.BasicTypeRegistry     : Adding type registration org.hibernate.type.NumericBooleanConverter -> org.hibernate.type.BasicTypeReference@4aa41afd
2026-08-13T15:04:08.752+07:00 DEBUG 16492 --- [  restartedMain] org.hibernate.type.BasicTypeRegistry     : Adding type registration true_false -> org.hibernate.type.BasicTypeReference@2d3a8789
2026-08-13T15:04:08.753+07:00 DEBUG 16492 --- [  restartedMain] org.hibernate.type.BasicTypeRegistry     : Adding type registration org.hibernate.type.TrueFalseConverter -> org.hibernate.type.BasicTypeReference@2d3a8789
2026-08-13T15:04:08.753+07:00 DEBUG 16492 --- [  restartedMain] org.hibernate.type.BasicTypeRegistry     : Adding type registration yes_no -> org.hibernate.type.BasicTypeReference@3454a110
2026-08-13T15:04:08.753+07:00 DEBUG 16492 --- [  restartedMain] org.hibernate.type.BasicTypeRegistry     : Adding type registration org.hibernate.type.YesNoConverter -> org.hibernate.type.BasicTypeReference@3454a110
2026-08-13T15:04:08.753+07:00 DEBUG 16492 --- [  restartedMain] org.hibernate.type.BasicTypeRegistry     : Adding type registration byte -> org.hibernate.type.BasicTypeReference@21e78bb1
2026-08-13T15:04:08.753+07:00 DEBUG 16492 --- [  restartedMain] org.hibernate.type.BasicTypeRegistry     : Adding type registration byte -> org.hibernate.type.BasicTypeReference@21e78bb1
2026-08-13T15:04:08.753+07:00 DEBUG 16492 --- [  restartedMain] org.hibernate.type.BasicTypeRegistry     : Adding type registration java.lang.Byte -> org.hibernate.type.BasicTypeReference@21e78bb1
2026-08-13T15:04:08.753+07:00 DEBUG 16492 --- [  restartedMain] org.hibernate.type.BasicTypeRegistry     : Adding type registration binary -> org.hibernate.type.BasicTypeReference@4b7e1e82
2026-08-13T15:04:08.753+07:00 DEBUG 16492 --- [  restartedMain] org.hibernate.type.BasicTypeRegistry     : Adding type registration byte[] -> org.hibernate.type.BasicTypeReference@4b7e1e82
2026-08-13T15:04:08.753+07:00 DEBUG 16492 --- [  restartedMain] org.hibernate.type.BasicTypeRegistry     : Adding type registration [B -> org.hibernate.type.BasicTypeReference@4b7e1e82
2026-08-13T15:04:08.753+07:00 DEBUG 16492 --- [  restartedMain] org.hibernate.type.BasicTypeRegistry     : Adding type registration binary_wrapper -> org.hibernate.type.BasicTypeReference@3281deab
2026-08-13T15:04:08.753+07:00 DEBUG 16492 --- [  restartedMain] org.hibernate.type.BasicTypeRegistry     : Adding type registration wrapper-binary -> org.hibernate.type.BasicTypeReference@3281deab
2026-08-13T15:04:08.753+07:00 DEBUG 16492 --- [  restartedMain] org.hibernate.type.BasicTypeRegistry     : Adding type registration image -> org.hibernate.type.BasicTypeReference@23ccb5ca
2026-08-13T15:04:08.753+07:00 DEBUG 16492 --- [  restartedMain] org.hibernate.type.BasicTypeRegistry     : Adding type registration blob -> org.hibernate.type.BasicTypeReference@3eeb1801
2026-08-13T15:04:08.753+07:00 DEBUG 16492 --- [  restartedMain] org.hibernate.type.BasicTypeRegistry     : Adding type registration java.sql.Blob -> org.hibernate.type.BasicTypeReference@3eeb1801
2026-08-13T15:04:08.753+07:00 DEBUG 16492 --- [  restartedMain] org.hibernate.type.BasicTypeRegistry     : Adding type registration materialized_blob -> org.hibernate.type.BasicTypeReference@5da9b50
2026-08-13T15:04:08.753+07:00 DEBUG 16492 --- [  restartedMain] org.hibernate.type.BasicTypeRegistry     : Adding type registration materialized_blob_wrapper -> org.hibernate.type.BasicTypeReference@391279c6
2026-08-13T15:04:08.753+07:00 DEBUG 16492 --- [  restartedMain] org.hibernate.type.BasicTypeRegistry     : Adding type registration short -> org.hibernate.type.BasicTypeReference@7fb6f9cb
2026-08-13T15:04:08.753+07:00 DEBUG 16492 --- [  restartedMain] org.hibernate.type.BasicTypeRegistry     : Adding type registration short -> org.hibernate.type.BasicTypeReference@7fb6f9cb
2026-08-13T15:04:08.753+07:00 DEBUG 16492 --- [  restartedMain] org.hibernate.type.BasicTypeRegistry     : Adding type registration java.lang.Short -> org.hibernate.type.BasicTypeReference@7fb6f9cb
2026-08-13T15:04:08.753+07:00 DEBUG 16492 --- [  restartedMain] org.hibernate.type.BasicTypeRegistry     : Adding type registration integer -> org.hibernate.type.BasicTypeReference@19fbdd2c
2026-08-13T15:04:08.753+07:00 DEBUG 16492 --- [  restartedMain] org.hibernate.type.BasicTypeRegistry     : Adding type registration int -> org.hibernate.type.BasicTypeReference@19fbdd2c
2026-08-13T15:04:08.753+07:00 DEBUG 16492 --- [  restartedMain] org.hibernate.type.BasicTypeRegistry     : Adding type registration java.lang.Integer -> org.hibernate.type.BasicTypeReference@19fbdd2c
2026-08-13T15:04:08.753+07:00 DEBUG 16492 --- [  restartedMain] org.hibernate.type.BasicTypeRegistry     : Adding type registration long -> org.hibernate.type.BasicTypeReference@48aad558
2026-08-13T15:04:08.756+07:00 DEBUG 16492 --- [  restartedMain] org.hibernate.type.BasicTypeRegistry     : Adding type registration long -> org.hibernate.type.BasicTypeReference@48aad558
2026-08-13T15:04:08.756+07:00 DEBUG 16492 --- [  restartedMain] org.hibernate.type.BasicTypeRegistry     : Adding type registration java.lang.Long -> org.hibernate.type.BasicTypeReference@48aad558
2026-08-13T15:04:08.756+07:00 DEBUG 16492 --- [  restartedMain] org.hibernate.type.BasicTypeRegistry     : Adding type registration float -> org.hibernate.type.BasicTypeReference@62dc59c2
2026-08-13T15:04:08.756+07:00 DEBUG 16492 --- [  restartedMain] org.hibernate.type.BasicTypeRegistry     : Adding type registration float -> org.hibernate.type.BasicTypeReference@62dc59c2
2026-08-13T15:04:08.756+07:00 DEBUG 16492 --- [  restartedMain] org.hibernate.type.BasicTypeRegistry     : Adding type registration java.lang.Float -> org.hibernate.type.BasicTypeReference@62dc59c2
2026-08-13T15:04:08.756+07:00 DEBUG 16492 --- [  restartedMain] org.hibernate.type.BasicTypeRegistry     : Adding type registration double -> org.hibernate.type.BasicTypeReference@2aec8cf3
2026-08-13T15:04:08.756+07:00 DEBUG 16492 --- [  restartedMain] org.hibernate.type.BasicTypeRegistry     : Adding type registration double -> org.hibernate.type.BasicTypeReference@2aec8cf3
2026-08-13T15:04:08.756+07:00 DEBUG 16492 --- [  restartedMain] org.hibernate.type.BasicTypeRegistry     : Adding type registration java.lang.Double -> org.hibernate.type.BasicTypeReference@2aec8cf3
2026-08-13T15:04:08.756+07:00 DEBUG 16492 --- [  restartedMain] org.hibernate.type.BasicTypeRegistry     : Adding type registration big_integer -> org.hibernate.type.BasicTypeReference@6db9263f
2026-08-13T15:04:08.756+07:00 DEBUG 16492 --- [  restartedMain] org.hibernate.type.BasicTypeRegistry     : Adding type registration java.math.BigInteger -> org.hibernate.type.BasicTypeReference@6db9263f
2026-08-13T15:04:08.756+07:00 DEBUG 16492 --- [  restartedMain] org.hibernate.type.BasicTypeRegistry     : Adding type registration big_decimal -> org.hibernate.type.BasicTypeReference@73273ec5
2026-08-13T15:04:08.756+07:00 DEBUG 16492 --- [  restartedMain] org.hibernate.type.BasicTypeRegistry     : Adding type registration java.math.BigDecimal -> org.hibernate.type.BasicTypeReference@73273ec5
2026-08-13T15:04:08.756+07:00 DEBUG 16492 --- [  restartedMain] org.hibernate.type.BasicTypeRegistry     : Adding type registration character -> org.hibernate.type.BasicTypeReference@73b57b2a
2026-08-13T15:04:08.756+07:00 DEBUG 16492 --- [  restartedMain] org.hibernate.type.BasicTypeRegistry     : Adding type registration char -> org.hibernate.type.BasicTypeReference@73b57b2a
2026-08-13T15:04:08.756+07:00 DEBUG 16492 --- [  restartedMain] org.hibernate.type.BasicTypeRegistry     : Adding type registration java.lang.Character -> org.hibernate.type.BasicTypeReference@73b57b2a
2026-08-13T15:04:08.756+07:00 DEBUG 16492 --- [  restartedMain] org.hibernate.type.BasicTypeRegistry     : Adding type registration character_nchar -> org.hibernate.type.BasicTypeReference@3d70eabb
2026-08-13T15:04:08.756+07:00 DEBUG 16492 --- [  restartedMain] org.hibernate.type.BasicTypeRegistry     : Adding type registration string -> org.hibernate.type.BasicTypeReference@195cbbf4
2026-08-13T15:04:08.756+07:00 DEBUG 16492 --- [  restartedMain] org.hibernate.type.BasicTypeRegistry     : Adding type registration java.lang.String -> org.hibernate.type.BasicTypeReference@195cbbf4
2026-08-13T15:04:08.756+07:00 DEBUG 16492 --- [  restartedMain] org.hibernate.type.BasicTypeRegistry     : Adding type registration nstring -> org.hibernate.type.BasicTypeReference@53476f0c
2026-08-13T15:04:08.756+07:00 DEBUG 16492 --- [  restartedMain] org.hibernate.type.BasicTypeRegistry     : Adding type registration characters -> org.hibernate.type.BasicTypeReference@bf32265
2026-08-13T15:04:08.756+07:00 DEBUG 16492 --- [  restartedMain] org.hibernate.type.BasicTypeRegistry     : Adding type registration char[] -> org.hibernate.type.BasicTypeReference@bf32265
2026-08-13T15:04:08.756+07:00 DEBUG 16492 --- [  restartedMain] org.hibernate.type.BasicTypeRegistry     : Adding type registration [C -> org.hibernate.type.BasicTypeReference@bf32265
2026-08-13T15:04:08.756+07:00 DEBUG 16492 --- [  restartedMain] org.hibernate.type.BasicTypeRegistry     : Adding type registration wrapper-characters -> org.hibernate.type.BasicTypeReference@316c2492
2026-08-13T15:04:08.756+07:00 DEBUG 16492 --- [  restartedMain] org.hibernate.type.BasicTypeRegistry     : Adding type registration text -> org.hibernate.type.BasicTypeReference@4d93ba50
2026-08-13T15:04:08.756+07:00 DEBUG 16492 --- [  restartedMain] org.hibernate.type.BasicTypeRegistry     : Adding type registration ntext -> org.hibernate.type.BasicTypeReference@25c483e1
2026-08-13T15:04:08.756+07:00 DEBUG 16492 --- [  restartedMain] org.hibernate.type.BasicTypeRegistry     : Adding type registration clob -> org.hibernate.type.BasicTypeReference@37366d36
2026-08-13T15:04:08.756+07:00 DEBUG 16492 --- [  restartedMain] org.hibernate.type.BasicTypeRegistry     : Adding type registration java.sql.Clob -> org.hibernate.type.BasicTypeReference@37366d36
2026-08-13T15:04:08.756+07:00 DEBUG 16492 --- [  restartedMain] org.hibernate.type.BasicTypeRegistry     : Adding type registration nclob -> org.hibernate.type.BasicTypeReference@672e97f6
2026-08-13T15:04:08.756+07:00 DEBUG 16492 --- [  restartedMain] org.hibernate.type.BasicTypeRegistry     : Adding type registration java.sql.NClob -> org.hibernate.type.BasicTypeReference@672e97f6
2026-08-13T15:04:08.756+07:00 DEBUG 16492 --- [  restartedMain] org.hibernate.type.BasicTypeRegistry     : Adding type registration materialized_clob -> org.hibernate.type.BasicTypeReference@37bfe079
2026-08-13T15:04:08.756+07:00 DEBUG 16492 --- [  restartedMain] org.hibernate.type.BasicTypeRegistry     : Adding type registration materialized_clob_char_array -> org.hibernate.type.BasicTypeReference@3665a6e4
2026-08-13T15:04:08.756+07:00 DEBUG 16492 --- [  restartedMain] org.hibernate.type.BasicTypeRegistry     : Adding type registration materialized_clob_character_array -> org.hibernate.type.BasicTypeReference@32be32c3
2026-08-13T15:04:08.756+07:00 DEBUG 16492 --- [  restartedMain] org.hibernate.type.BasicTypeRegistry     : Adding type registration materialized_nclob -> org.hibernate.type.BasicTypeReference@213c8245
2026-08-13T15:04:08.756+07:00 DEBUG 16492 --- [  restartedMain] org.hibernate.type.BasicTypeRegistry     : Adding type registration materialized_nclob_character_array -> org.hibernate.type.BasicTypeReference@69c81233
2026-08-13T15:04:08.756+07:00 DEBUG 16492 --- [  restartedMain] org.hibernate.type.BasicTypeRegistry     : Adding type registration materialized_nclob_char_array -> org.hibernate.type.BasicTypeReference@7201cb68
2026-08-13T15:04:08.761+07:00 DEBUG 16492 --- [  restartedMain] org.hibernate.type.BasicTypeRegistry     : Adding type registration Duration -> org.hibernate.type.BasicTypeReference@31ead7c1
2026-08-13T15:04:08.761+07:00 DEBUG 16492 --- [  restartedMain] org.hibernate.type.BasicTypeRegistry     : Adding type registration java.time.Duration -> org.hibernate.type.BasicTypeReference@31ead7c1
2026-08-13T15:04:08.761+07:00 DEBUG 16492 --- [  restartedMain] org.hibernate.type.BasicTypeRegistry     : Adding type registration LocalDateTime -> org.hibernate.type.BasicTypeReference@74015513
2026-08-13T15:04:08.761+07:00 DEBUG 16492 --- [  restartedMain] org.hibernate.type.BasicTypeRegistry     : Adding type registration java.time.LocalDateTime -> org.hibernate.type.BasicTypeReference@74015513
2026-08-13T15:04:08.761+07:00 DEBUG 16492 --- [  restartedMain] org.hibernate.type.BasicTypeRegistry     : Adding type registration LocalDate -> org.hibernate.type.BasicTypeReference@5d71982a
2026-08-13T15:04:08.761+07:00 DEBUG 16492 --- [  restartedMain] org.hibernate.type.BasicTypeRegistry     : Adding type registration java.time.LocalDate -> org.hibernate.type.BasicTypeReference@5d71982a
2026-08-13T15:04:08.761+07:00 DEBUG 16492 --- [  restartedMain] org.hibernate.type.BasicTypeRegistry     : Adding type registration LocalTime -> org.hibernate.type.BasicTypeReference@21d75267
2026-08-13T15:04:08.761+07:00 DEBUG 16492 --- [  restartedMain] org.hibernate.type.BasicTypeRegistry     : Adding type registration java.time.LocalTime -> org.hibernate.type.BasicTypeReference@21d75267
2026-08-13T15:04:08.761+07:00 DEBUG 16492 --- [  restartedMain] org.hibernate.type.BasicTypeRegistry     : Adding type registration OffsetDateTime -> org.hibernate.type.BasicTypeReference@46e4dd43
2026-08-13T15:04:08.761+07:00 DEBUG 16492 --- [  restartedMain] org.hibernate.type.BasicTypeRegistry     : Adding type registration java.time.OffsetDateTime -> org.hibernate.type.BasicTypeReference@46e4dd43
2026-08-13T15:04:08.761+07:00 DEBUG 16492 --- [  restartedMain] org.hibernate.type.BasicTypeRegistry     : Adding type registration OffsetDateTimeWithTimezone -> org.hibernate.type.BasicTypeReference@38b3b141
2026-08-13T15:04:08.761+07:00 DEBUG 16492 --- [  restartedMain] org.hibernate.type.BasicTypeRegistry     : Adding type registration OffsetDateTimeWithoutTimezone -> org.hibernate.type.BasicTypeReference@6952deb5
2026-08-13T15:04:08.761+07:00 DEBUG 16492 --- [  restartedMain] org.hibernate.type.BasicTypeRegistry     : Adding type registration OffsetTime -> org.hibernate.type.BasicTypeReference@728ded92
2026-08-13T15:04:08.761+07:00 DEBUG 16492 --- [  restartedMain] org.hibernate.type.BasicTypeRegistry     : Adding type registration java.time.OffsetTime -> org.hibernate.type.BasicTypeReference@728ded92
2026-08-13T15:04:08.761+07:00 DEBUG 16492 --- [  restartedMain] org.hibernate.type.BasicTypeRegistry     : Adding type registration OffsetTimeUtc -> org.hibernate.type.BasicTypeReference@12e32845
2026-08-13T15:04:08.761+07:00 DEBUG 16492 --- [  restartedMain] org.hibernate.type.BasicTypeRegistry     : Adding type registration OffsetTimeWithTimezone -> org.hibernate.type.BasicTypeReference@37ffaae1
2026-08-13T15:04:08.761+07:00 DEBUG 16492 --- [  restartedMain] org.hibernate.type.BasicTypeRegistry     : Adding type registration OffsetTimeWithoutTimezone -> org.hibernate.type.BasicTypeReference@48277ddd
2026-08-13T15:04:08.761+07:00 DEBUG 16492 --- [  restartedMain] org.hibernate.type.BasicTypeRegistry     : Adding type registration ZonedDateTime -> org.hibernate.type.BasicTypeReference@55dbe836
2026-08-13T15:04:08.761+07:00 DEBUG 16492 --- [  restartedMain] org.hibernate.type.BasicTypeRegistry     : Adding type registration java.time.ZonedDateTime -> org.hibernate.type.BasicTypeReference@55dbe836
2026-08-13T15:04:08.761+07:00 DEBUG 16492 --- [  restartedMain] org.hibernate.type.BasicTypeRegistry     : Adding type registration ZonedDateTimeWithTimezone -> org.hibernate.type.BasicTypeReference@5e7143c8
2026-08-13T15:04:08.761+07:00 DEBUG 16492 --- [  restartedMain] org.hibernate.type.BasicTypeRegistry     : Adding type registration ZonedDateTimeWithoutTimezone -> org.hibernate.type.BasicTypeReference@14134245
2026-08-13T15:04:08.761+07:00 DEBUG 16492 --- [  restartedMain] org.hibernate.type.BasicTypeRegistry     : Adding type registration date -> org.hibernate.type.BasicTypeReference@67a90c8f
2026-08-13T15:04:08.761+07:00 DEBUG 16492 --- [  restartedMain] org.hibernate.type.BasicTypeRegistry     : Adding type registration java.sql.Date -> org.hibernate.type.BasicTypeReference@67a90c8f
2026-08-13T15:04:08.761+07:00 DEBUG 16492 --- [  restartedMain] org.hibernate.type.BasicTypeRegistry     : Adding type registration time -> org.hibernate.type.BasicTypeReference@6db9d214
2026-08-13T15:04:08.761+07:00 DEBUG 16492 --- [  restartedMain] org.hibernate.type.BasicTypeRegistry     : Adding type registration java.sql.Time -> org.hibernate.type.BasicTypeReference@6db9d214
2026-08-13T15:04:08.761+07:00 DEBUG 16492 --- [  restartedMain] org.hibernate.type.BasicTypeRegistry     : Adding type registration timestamp -> org.hibernate.type.BasicTypeReference@3902b368
2026-08-13T15:04:08.761+07:00 DEBUG 16492 --- [  restartedMain] org.hibernate.type.BasicTypeRegistry     : Adding type registration java.sql.Timestamp -> org.hibernate.type.BasicTypeReference@3902b368
2026-08-13T15:04:08.761+07:00 DEBUG 16492 --- [  restartedMain] org.hibernate.type.BasicTypeRegistry     : Adding type registration java.util.Date -> org.hibernate.type.BasicTypeReference@3902b368
2026-08-13T15:04:08.761+07:00 DEBUG 16492 --- [  restartedMain] org.hibernate.type.BasicTypeRegistry     : Adding type registration calendar -> org.hibernate.type.BasicTypeReference@370dcf67
2026-08-13T15:04:08.761+07:00 DEBUG 16492 --- [  restartedMain] org.hibernate.type.BasicTypeRegistry     : Adding type registration java.util.Calendar -> org.hibernate.type.BasicTypeReference@370dcf67
2026-08-13T15:04:08.761+07:00 DEBUG 16492 --- [  restartedMain] org.hibernate.type.BasicTypeRegistry     : Adding type registration java.util.GregorianCalendar -> org.hibernate.type.BasicTypeReference@370dcf67
2026-08-13T15:04:08.761+07:00 DEBUG 16492 --- [  restartedMain] org.hibernate.type.BasicTypeRegistry     : Adding type registration calendar_date -> org.hibernate.type.BasicTypeReference@186f607d
2026-08-13T15:04:08.761+07:00 DEBUG 16492 --- [  restartedMain] org.hibernate.type.BasicTypeRegistry     : Adding type registration calendar_time -> org.hibernate.type.BasicTypeReference@3be53816
2026-08-13T15:04:08.761+07:00 DEBUG 16492 --- [  restartedMain] org.hibernate.type.BasicTypeRegistry     : Adding type registration instant -> org.hibernate.type.BasicTypeReference@17d045f1
2026-08-13T15:04:08.761+07:00 DEBUG 16492 --- [  restartedMain] org.hibernate.type.BasicTypeRegistry     : Adding type registration java.time.Instant -> org.hibernate.type.BasicTypeReference@17d045f1
2026-08-13T15:04:08.761+07:00 DEBUG 16492 --- [  restartedMain] org.hibernate.type.BasicTypeRegistry     : Adding type registration uuid -> org.hibernate.type.BasicTypeReference@4e7fc69b
2026-08-13T15:04:08.761+07:00 DEBUG 16492 --- [  restartedMain] org.hibernate.type.BasicTypeRegistry     : Adding type registration java.util.UUID -> org.hibernate.type.BasicTypeReference@4e7fc69b
2026-08-13T15:04:08.761+07:00 DEBUG 16492 --- [  restartedMain] org.hibernate.type.BasicTypeRegistry     : Adding type registration pg-uuid -> org.hibernate.type.BasicTypeReference@4e7fc69b
2026-08-13T15:04:08.761+07:00 DEBUG 16492 --- [  restartedMain] org.hibernate.type.BasicTypeRegistry     : Adding type registration uuid-binary -> org.hibernate.type.BasicTypeReference@2d703ba1
2026-08-13T15:04:08.761+07:00 DEBUG 16492 --- [  restartedMain] org.hibernate.type.BasicTypeRegistry     : Adding type registration uuid-char -> org.hibernate.type.BasicTypeReference@3fc78391
2026-08-13T15:04:08.761+07:00 DEBUG 16492 --- [  restartedMain] org.hibernate.type.BasicTypeRegistry     : Adding type registration class -> org.hibernate.type.BasicTypeReference@2aadb655
2026-08-13T15:04:08.761+07:00 DEBUG 16492 --- [  restartedMain] org.hibernate.type.BasicTypeRegistry     : Adding type registration java.lang.Class -> org.hibernate.type.BasicTypeReference@2aadb655
2026-08-13T15:04:08.761+07:00 DEBUG 16492 --- [  restartedMain] org.hibernate.type.BasicTypeRegistry     : Adding type registration currency -> org.hibernate.type.BasicTypeReference@1ad6f685
2026-08-13T15:04:08.761+07:00 DEBUG 16492 --- [  restartedMain] org.hibernate.type.BasicTypeRegistry     : Adding type registration Currency -> org.hibernate.type.BasicTypeReference@1ad6f685
2026-08-13T15:04:08.761+07:00 DEBUG 16492 --- [  restartedMain] org.hibernate.type.BasicTypeRegistry     : Adding type registration java.util.Currency -> org.hibernate.type.BasicTypeReference@1ad6f685
2026-08-13T15:04:08.761+07:00 DEBUG 16492 --- [  restartedMain] org.hibernate.type.BasicTypeRegistry     : Adding type registration locale -> org.hibernate.type.BasicTypeReference@36577b4d
2026-08-13T15:04:08.761+07:00 DEBUG 16492 --- [  restartedMain] org.hibernate.type.BasicTypeRegistry     : Adding type registration java.util.Locale -> org.hibernate.type.BasicTypeReference@36577b4d
2026-08-13T15:04:08.761+07:00 DEBUG 16492 --- [  restartedMain] org.hibernate.type.BasicTypeRegistry     : Adding type registration serializable -> org.hibernate.type.BasicTypeReference@358fbd1d
2026-08-13T15:04:08.761+07:00 DEBUG 16492 --- [  restartedMain] org.hibernate.type.BasicTypeRegistry     : Adding type registration java.io.Serializable -> org.hibernate.type.BasicTypeReference@358fbd1d
2026-08-13T15:04:08.761+07:00 DEBUG 16492 --- [  restartedMain] org.hibernate.type.BasicTypeRegistry     : Adding type registration timezone -> org.hibernate.type.BasicTypeReference@7257aae7
2026-08-13T15:04:08.761+07:00 DEBUG 16492 --- [  restartedMain] org.hibernate.type.BasicTypeRegistry     : Adding type registration java.util.TimeZone -> org.hibernate.type.BasicTypeReference@7257aae7
2026-08-13T15:04:08.761+07:00 DEBUG 16492 --- [  restartedMain] org.hibernate.type.BasicTypeRegistry     : Adding type registration ZoneOffset -> org.hibernate.type.BasicTypeReference@5f1818f6
2026-08-13T15:04:08.761+07:00 DEBUG 16492 --- [  restartedMain] org.hibernate.type.BasicTypeRegistry     : Adding type registration java.time.ZoneOffset -> org.hibernate.type.BasicTypeReference@5f1818f6
2026-08-13T15:04:08.761+07:00 DEBUG 16492 --- [  restartedMain] org.hibernate.type.BasicTypeRegistry     : Adding type registration url -> org.hibernate.type.BasicTypeReference@52988d4b
2026-08-13T15:04:08.761+07:00 DEBUG 16492 --- [  restartedMain] org.hibernate.type.BasicTypeRegistry     : Adding type registration java.net.URL -> org.hibernate.type.BasicTypeReference@52988d4b
2026-08-13T15:04:08.761+07:00 DEBUG 16492 --- [  restartedMain] org.hibernate.type.BasicTypeRegistry     : Adding type registration vector -> org.hibernate.type.BasicTypeReference@1a37b550
2026-08-13T15:04:08.761+07:00 DEBUG 16492 --- [  restartedMain] org.hibernate.type.BasicTypeRegistry     : Adding type registration float_vector -> org.hibernate.type.BasicTypeReference@55f83463
2026-08-13T15:04:08.761+07:00 DEBUG 16492 --- [  restartedMain] org.hibernate.type.BasicTypeRegistry     : Adding type registration double_vector -> org.hibernate.type.BasicTypeReference@4ab84982
2026-08-13T15:04:08.761+07:00 DEBUG 16492 --- [  restartedMain] org.hibernate.type.BasicTypeRegistry     : Adding type registration byte_vector -> org.hibernate.type.BasicTypeReference@5cdc774b
2026-08-13T15:04:08.761+07:00 DEBUG 16492 --- [  restartedMain] org.hibernate.type.BasicTypeRegistry     : Adding type registration row_version -> org.hibernate.type.BasicTypeReference@7b66d4b5
2026-08-13T15:04:08.761+07:00 DEBUG 16492 --- [  restartedMain] org.hibernate.type.BasicTypeRegistry     : Adding type registration object -> org.hibernate.type.JavaObjectType@52e90333
2026-08-13T15:04:08.761+07:00 DEBUG 16492 --- [  restartedMain] org.hibernate.type.BasicTypeRegistry     : Adding type registration java.lang.Object -> org.hibernate.type.JavaObjectType@52e90333
2026-08-13T15:04:08.761+07:00 DEBUG 16492 --- [  restartedMain] org.hibernate.type.BasicTypeRegistry     : Adding type registration null -> org.hibernate.type.NullType@36161b6b
2026-08-13T15:04:08.761+07:00 DEBUG 16492 --- [  restartedMain] org.hibernate.type.BasicTypeRegistry     : Adding type registration imm_date -> org.hibernate.type.BasicTypeReference@36e72361
2026-08-13T15:04:08.769+07:00 DEBUG 16492 --- [  restartedMain] org.hibernate.type.BasicTypeRegistry     : Adding type registration imm_time -> org.hibernate.type.BasicTypeReference@3f9fd8e
2026-08-13T15:04:08.769+07:00 DEBUG 16492 --- [  restartedMain] org.hibernate.type.BasicTypeRegistry     : Adding type registration imm_timestamp -> org.hibernate.type.BasicTypeReference@704ec615
2026-08-13T15:04:08.769+07:00 DEBUG 16492 --- [  restartedMain] org.hibernate.type.BasicTypeRegistry     : Adding type registration imm_calendar -> org.hibernate.type.BasicTypeReference@2b6b5088
2026-08-13T15:04:08.769+07:00 DEBUG 16492 --- [  restartedMain] org.hibernate.type.BasicTypeRegistry     : Adding type registration imm_calendar_date -> org.hibernate.type.BasicTypeReference@249892af
2026-08-13T15:04:08.769+07:00 DEBUG 16492 --- [  restartedMain] org.hibernate.type.BasicTypeRegistry     : Adding type registration imm_calendar_time -> org.hibernate.type.BasicTypeReference@68c11e3f
2026-08-13T15:04:08.769+07:00 DEBUG 16492 --- [  restartedMain] org.hibernate.type.BasicTypeRegistry     : Adding type registration imm_binary -> org.hibernate.type.BasicTypeReference@6e39135c
2026-08-13T15:04:08.769+07:00 DEBUG 16492 --- [  restartedMain] org.hibernate.type.BasicTypeRegistry     : Adding type registration imm_serializable -> org.hibernate.type.BasicTypeReference@1f27e103
2026-08-13T15:04:08.777+07:00  INFO 16492 --- [  restartedMain] o.s.o.j.p.SpringPersistenceUnitInfo      : No LoadTimeWeaver setup: ignoring JPA class transformer
2026-08-13T15:04:08.777+07:00  INFO 16492 --- [  restartedMain] com.zaxxer.hikari.HikariDataSource       : HikariPool-3 - Starting...
2026-08-13T15:04:08.777+07:00  INFO 16492 --- [  restartedMain] com.zaxxer.hikari.pool.HikariPool        : HikariPool-3 - Added connection com.mysql.cj.jdbc.ConnectionImpl@3beef6e8
2026-08-13T15:04:08.785+07:00  INFO 16492 --- [  restartedMain] com.zaxxer.hikari.HikariDataSource       : HikariPool-3 - Start completed.
2026-08-13T15:04:08.785+07:00  WARN 16492 --- [  restartedMain] org.hibernate.dialect.Dialect            : HHH000511: The 5.5.5 version for [org.hibernate.dialect.MySQLDialect] is no longer supported, hence certain features may not work properly. The minimum supported version is 8.0.0. Check the community dialects project for available legacy versions.
2026-08-13T15:04:08.785+07:00  WARN 16492 --- [  restartedMain] org.hibernate.orm.deprecation            : HHH90000025: MySQLDialect does not need to be specified explicitly using 'hibernate.dialect' (remove the property setting and it will be selected by default)
2026-08-13T15:04:08.785+07:00  INFO 16492 --- [  restartedMain] org.hibernate.orm.connections.pooling    : HHH10001005: Database info:
	Database JDBC URL [Connecting through datasource 'HikariDataSource (HikariPool-3)']
	Database driver: undefined/unknown
	Database version: 5.5.5
	Autocommit mode: undefined/unknown
	Isolation level: undefined/unknown
	Minimum pool size: undefined/unknown
	Maximum pool size: undefined/unknown
2026-08-13T15:04:08.785+07:00 DEBUG 16492 --- [  restartedMain] o.h.t.d.sql.spi.DdlTypeRegistry          : addDescriptor(12, org.hibernate.type.descriptor.sql.internal.CapacityDependentDdlType@2ef2babe) replaced previous registration(org.hibernate.type.descriptor.sql.internal.CapacityDependentDdlType@51ee92fc)
2026-08-13T15:04:08.785+07:00 DEBUG 16492 --- [  restartedMain] o.h.t.d.sql.spi.DdlTypeRegistry          : addDescriptor(-9, org.hibernate.type.descriptor.sql.internal.CapacityDependentDdlType@4d0b3ea0) replaced previous registration(org.hibernate.type.descriptor.sql.internal.CapacityDependentDdlType@1670763d)
2026-08-13T15:04:08.785+07:00 DEBUG 16492 --- [  restartedMain] o.h.t.d.sql.spi.DdlTypeRegistry          : addDescriptor(-3, org.hibernate.type.descriptor.sql.internal.CapacityDependentDdlType@2dec0907) replaced previous registration(org.hibernate.type.descriptor.sql.internal.CapacityDependentDdlType@8300734)
2026-08-13T15:04:08.785+07:00 DEBUG 16492 --- [  restartedMain] o.h.t.d.sql.spi.DdlTypeRegistry          : addDescriptor(4003, org.hibernate.type.descriptor.sql.internal.DdlTypeImpl@1cdad6ac) replaced previous registration(org.hibernate.type.descriptor.sql.internal.DdlTypeImpl@90e9a94)
2026-08-13T15:04:08.785+07:00 DEBUG 16492 --- [  restartedMain] o.h.t.d.sql.spi.DdlTypeRegistry          : addDescriptor(4001, org.hibernate.type.descriptor.sql.internal.DdlTypeImpl@44e71e83) replaced previous registration(org.hibernate.type.descriptor.sql.internal.DdlTypeImpl@4ce6a88c)
2026-08-13T15:04:08.785+07:00 DEBUG 16492 --- [  restartedMain] o.h.t.d.sql.spi.DdlTypeRegistry          : addDescriptor(4002, org.hibernate.type.descriptor.sql.internal.DdlTypeImpl@6c3680a) replaced previous registration(org.hibernate.type.descriptor.sql.internal.DdlTypeImpl@7be4987c)
2026-08-13T15:04:08.785+07:00 DEBUG 16492 --- [  restartedMain] o.h.t.d.sql.spi.DdlTypeRegistry          : addDescriptor(2004, org.hibernate.type.descriptor.sql.internal.CapacityDependentDdlType@70b8285) replaced previous registration(org.hibernate.type.descriptor.sql.internal.DdlTypeImpl@7e50f820)
2026-08-13T15:04:08.785+07:00 DEBUG 16492 --- [  restartedMain] o.h.t.d.sql.spi.DdlTypeRegistry          : addDescriptor(2005, org.hibernate.type.descriptor.sql.internal.CapacityDependentDdlType@634e4cd8) replaced previous registration(org.hibernate.type.descriptor.sql.internal.DdlTypeImpl@3c360fb5)
2026-08-13T15:04:08.785+07:00 DEBUG 16492 --- [  restartedMain] o.h.t.d.sql.spi.DdlTypeRegistry          : addDescriptor(2011, org.hibernate.type.descriptor.sql.internal.CapacityDependentDdlType@67f2ad1c) replaced previous registration(org.hibernate.type.descriptor.sql.internal.DdlTypeImpl@1e9ac83a)
2026-08-13T15:04:08.785+07:00 DEBUG 16492 --- [  restartedMain] o.h.t.d.jdbc.spi.JdbcTypeRegistry        : addDescriptor(NCharTypeDescriptor) replaced previous registration(CharTypeDescriptor)
2026-08-13T15:04:08.785+07:00 DEBUG 16492 --- [  restartedMain] o.h.t.d.jdbc.spi.JdbcTypeRegistry        : addDescriptor(NVarcharTypeDescriptor) replaced previous registration(VarcharTypeDescriptor)
2026-08-13T15:04:08.785+07:00 DEBUG 16492 --- [  restartedMain] o.h.t.d.jdbc.spi.JdbcTypeRegistry        : addDescriptor(LongNVarcharTypeDescriptor) replaced previous registration(LongVarcharTypeDescriptor)
2026-08-13T15:04:08.785+07:00 DEBUG 16492 --- [  restartedMain] o.h.t.d.jdbc.spi.JdbcTypeRegistry        : addDescriptor(NClobTypeDescriptor(DEFAULT)) replaced previous registration(ClobTypeDescriptor(DEFAULT))
2026-08-13T15:04:08.785+07:00 DEBUG 16492 --- [  restartedMain] org.hibernate.type.BasicTypeRegistry     : Adding type registration null -> org.hibernate.type.NullType@f237fbd
2026-08-13T15:04:08.785+07:00 DEBUG 16492 --- [  restartedMain] org.hibernate.type.BasicTypeRegistry     : Type registration key [null] overrode previous entry : `org.hibernate.type.NullType@36161b6b`
2026-08-13T15:04:08.785+07:00 DEBUG 16492 --- [  restartedMain] org.hibernate.type.BasicTypeRegistry     : Adding type registration org.hibernate.type.DurationType -> basicType@46(java.time.Duration,3015)
2026-08-13T15:04:08.785+07:00 DEBUG 16492 --- [  restartedMain] org.hibernate.type.BasicTypeRegistry     : Adding type registration Duration -> basicType@46(java.time.Duration,3015)
2026-08-13T15:04:08.785+07:00 DEBUG 16492 --- [  restartedMain] org.hibernate.type.BasicTypeRegistry     : Adding type registration java.time.Duration -> basicType@46(java.time.Duration,3015)
2026-08-13T15:04:08.785+07:00 DEBUG 16492 --- [  restartedMain] org.hibernate.type.BasicTypeRegistry     : Adding type registration org.hibernate.type.OffsetDateTimeType -> basicType@47(java.time.OffsetDateTime,3003)
2026-08-13T15:04:08.785+07:00 DEBUG 16492 --- [  restartedMain] org.hibernate.type.BasicTypeRegistry     : Adding type registration OffsetDateTime -> basicType@47(java.time.OffsetDateTime,3003)
2026-08-13T15:04:08.785+07:00 DEBUG 16492 --- [  restartedMain] org.hibernate.type.BasicTypeRegistry     : Adding type registration java.time.OffsetDateTime -> basicType@47(java.time.OffsetDateTime,3003)
2026-08-13T15:04:08.785+07:00 DEBUG 16492 --- [  restartedMain] org.hibernate.type.BasicTypeRegistry     : Adding type registration org.hibernate.type.ZonedDateTimeType -> basicType@48(java.time.ZonedDateTime,3003)
2026-08-13T15:04:08.785+07:00 DEBUG 16492 --- [  restartedMain] org.hibernate.type.BasicTypeRegistry     : Adding type registration ZonedDateTime -> basicType@48(java.time.ZonedDateTime,3003)
2026-08-13T15:04:08.785+07:00 DEBUG 16492 --- [  restartedMain] org.hibernate.type.BasicTypeRegistry     : Adding type registration java.time.ZonedDateTime -> basicType@48(java.time.ZonedDateTime,3003)
2026-08-13T15:04:08.785+07:00 DEBUG 16492 --- [  restartedMain] org.hibernate.type.BasicTypeRegistry     : Adding type registration org.hibernate.type.OffsetTimeType -> basicType@49(java.time.OffsetTime,3007)
2026-08-13T15:04:08.785+07:00 DEBUG 16492 --- [  restartedMain] org.hibernate.type.BasicTypeRegistry     : Adding type registration OffsetTime -> basicType@49(java.time.OffsetTime,3007)
2026-08-13T15:04:08.785+07:00 DEBUG 16492 --- [  restartedMain] org.hibernate.type.BasicTypeRegistry     : Adding type registration java.time.OffsetTime -> basicType@49(java.time.OffsetTime,3007)
2026-08-13T15:04:08.785+07:00 DEBUG 16492 --- [  restartedMain] o.h.type.spi.TypeConfiguration$Scope     : Scoping TypeConfiguration [org.hibernate.type.spi.TypeConfiguration@364924b] to MetadataBuildingContext [org.hibernate.boot.internal.MetadataBuildingContextRootImpl@710c4576]
2026-08-13T15:04:08.910+07:00  INFO 16492 --- [  restartedMain] o.h.e.t.j.p.i.JtaPlatformInitiator       : HHH000489: No JTA platform available (set 'hibernate.transaction.jta.platform' to enable JTA platform integration)
2026-08-13T15:04:08.916+07:00 DEBUG 16492 --- [  restartedMain] o.h.type.spi.TypeConfiguration$Scope     : Scoping TypeConfiguration [org.hibernate.type.spi.TypeConfiguration@364924b] to SessionFactoryImplementor [org.hibernate.internal.SessionFactoryImpl@3e7511d]
2026-08-13T15:04:08.968+07:00 TRACE 16492 --- [  restartedMain] o.h.type.spi.TypeConfiguration$Scope     : Handling #sessionFactoryCreated from [org.hibernate.internal.SessionFactoryImpl@3e7511d] for TypeConfiguration
2026-08-13T15:04:08.968+07:00  INFO 16492 --- [  restartedMain] j.LocalContainerEntityManagerFactoryBean : Initialized JPA EntityManagerFactory for persistence unit 'default'
2026-08-13T15:04:09.157+07:00  WARN 16492 --- [  restartedMain] JpaBaseConfiguration$JpaWebConfiguration : spring.jpa.open-in-view is enabled by default. Therefore, database queries may be performed during view rendering. Explicitly configure spring.jpa.open-in-view to disable this warning
2026-08-13T15:04:09.166+07:00  INFO 16492 --- [  restartedMain] r$InitializeUserDetailsManagerConfigurer : Global AuthenticationManager configured with UserDetailsService bean with name customUserDetailsService
2026-08-13T15:04:09.357+07:00  INFO 16492 --- [  restartedMain] o.s.b.d.a.OptionalLiveReloadServer       : LiveReload server is running on port 35729
2026-08-13T15:04:09.363+07:00  INFO 16492 --- [  restartedMain] o.s.b.w.embedded.tomcat.TomcatWebServer  : Tomcat started on port 8080 (http) with context path '/'
2026-08-13T15:04:09.371+07:00  INFO 16492 --- [  restartedMain] com.example.kartu.KartuApplication       : Started KartuApplication in 1.077 seconds (process running for 14924.978)
[SCHEDULER] Checking pending Top Up requests...
2026-08-13T15:04:09.371+07:00 DEBUG 16492 --- [   scheduling-1] org.hibernate.SQL                        : select tu1_0.id,tu1_0.amount,tu1_0.date,tu1_0.status,tu1_0.user_id from top_up tu1_0 where tu1_0.status=?
2026-08-13T15:04:09.371+07:00 DEBUG 16492 --- [  restartedMain] org.hibernate.SQL                        : select count(*) from category c1_0
2026-08-13T15:04:09.407+07:00 DEBUG 16492 --- [  restartedMain] org.hibernate.SQL                        : select u1_0.id,u1_0.balance,u1_0.created_at,u1_0.password,u1_0.phone_number,u1_0.recovery_key,u1_0.role,u1_0.status,u1_0.username from user u1_0 where u1_0.username=?
2026-08-13T15:04:09.409+07:00 DEBUG 16492 --- [  restartedMain] org.hibernate.SQL                        : select c1_0.id,c1_0.code,c1_0.type from category c1_0 where upper(c1_0.type) like upper(?) escape '\\'
2026-08-13T15:04:09.416+07:00 DEBUG 16492 --- [  restartedMain] org.hibernate.SQL                        : select c1_0.id,c1_0.code,c1_0.type from category c1_0 where upper(c1_0.type) like upper(?) escape '\\'
2026-08-13T15:04:09.416+07:00 DEBUG 16492 --- [  restartedMain] org.hibernate.SQL                        : select c1_0.id,c1_0.code,c1_0.type from category c1_0 where upper(c1_0.type) like upper(?) escape '\\'
2026-08-13T15:04:09.416+07:00 DEBUG 16492 --- [  restartedMain] org.hibernate.SQL                        : select c1_0.id,c1_0.code,c1_0.type from category c1_0 where upper(c1_0.type) like upper(?) escape '\\'
2026-08-13T15:04:09.421+07:00 DEBUG 16492 --- [  restartedMain] org.hibernate.SQL                        : select p1_0.id,p1_0.logo,p1_0.name from provider p1_0
2026-08-13T15:04:09.500+07:00 DEBUG 16492 --- [  restartedMain] org.hibernate.SQL                        : select p1_0.id,p1_0.logo,p1_0.name,p2_0.provider_id,p2_0.id,c1_0.id,c1_0.code,c1_0.type,p2_0.description,p2_0.product_name,p2_0.price,p2_0.stock from provider p1_0 left join product p2_0 on p1_0.id=p2_0.provider_id left join category c1_0 on c1_0.id=p2_0.category_id where p1_0.id=?
2026-08-13T15:04:09.503+07:00 DEBUG 16492 --- [  restartedMain] org.hibernate.SQL                        : select p1_0.id,p1_0.logo,p1_0.name from provider p1_0
2026-08-13T15:04:09.539+07:00 DEBUG 16492 --- [  restartedMain] org.hibernate.SQL                        : select p1_0.id,p1_0.logo,p1_0.name,p2_0.provider_id,p2_0.id,c1_0.id,c1_0.code,c1_0.type,p2_0.description,p2_0.product_name,p2_0.price,p2_0.stock from provider p1_0 left join product p2_0 on p1_0.id=p2_0.provider_id left join category c1_0 on c1_0.id=p2_0.category_id where p1_0.id=?
2026-08-13T15:04:09.543+07:00 DEBUG 16492 --- [  restartedMain] org.hibernate.SQL                        : select p1_0.id,p1_0.logo,p1_0.name from provider p1_0
2026-08-13T15:04:09.577+07:00 DEBUG 16492 --- [  restartedMain] org.hibernate.SQL                        : select p1_0.id,p1_0.logo,p1_0.name,p2_0.provider_id,p2_0.id,c1_0.id,c1_0.code,c1_0.type,p2_0.description,p2_0.product_name,p2_0.price,p2_0.stock from provider p1_0 left join product p2_0 on p1_0.id=p2_0.provider_id left join category c1_0 on c1_0.id=p2_0.category_id where p1_0.id=?
2026-08-13T15:04:09.586+07:00 DEBUG 16492 --- [  restartedMain] org.hibernate.SQL                        : select p1_0.id,p1_0.logo,p1_0.name from provider p1_0
2026-08-13T15:04:09.634+07:00 DEBUG 16492 --- [  restartedMain] org.hibernate.SQL                        : select p1_0.id,p1_0.logo,p1_0.name,p2_0.provider_id,p2_0.id,c1_0.id,c1_0.code,c1_0.type,p2_0.description,p2_0.product_name,p2_0.price,p2_0.stock from provider p1_0 left join product p2_0 on p1_0.id=p2_0.provider_id left join category c1_0 on c1_0.id=p2_0.category_id where p1_0.id=?
2026-08-13T15:04:09.642+07:00 DEBUG 16492 --- [  restartedMain] org.hibernate.SQL                        : select p1_0.id,p1_0.logo,p1_0.name from provider p1_0
2026-08-13T15:04:09.848+07:00 DEBUG 16492 --- [  restartedMain] org.hibernate.SQL                        : select p1_0.id,p1_0.logo,p1_0.name,p2_0.provider_id,p2_0.id,c1_0.id,c1_0.code,c1_0.type,p2_0.description,p2_0.product_name,p2_0.price,p2_0.stock from provider p1_0 left join product p2_0 on p1_0.id=p2_0.provider_id left join category c1_0 on c1_0.id=p2_0.category_id where p1_0.id=?
2026-08-13T15:04:09.848+07:00 DEBUG 16492 --- [  restartedMain] org.hibernate.SQL                        : select p1_0.id,p1_0.logo,p1_0.name from provider p1_0
2026-08-13T15:04:09.873+07:00 DEBUG 16492 --- [  restartedMain] org.hibernate.SQL                        : select p1_0.id,p1_0.logo,p1_0.name,p2_0.provider_id,p2_0.id,c1_0.id,c1_0.code,c1_0.type,p2_0.description,p2_0.product_name,p2_0.price,p2_0.stock from provider p1_0 left join product p2_0 on p1_0.id=p2_0.provider_id left join category c1_0 on c1_0.id=p2_0.category_id where p1_0.id=?
2026-08-13T15:04:09.873+07:00 DEBUG 16492 --- [  restartedMain] org.hibernate.SQL                        : select count(*) from product p1_0
2026-08-13T15:04:09.873+07:00 DEBUG 16492 --- [  restartedMain] org.hibernate.SQL                        : select u1_0.id,u1_0.balance,u1_0.created_at,u1_0.password,u1_0.phone_number,u1_0.recovery_key,u1_0.role,u1_0.status,u1_0.username from user u1_0 where u1_0.username=?
2026-08-13T15:04:09.882+07:00 DEBUG 16492 --- [  restartedMain] org.hibernate.SQL                        : select u1_0.id,u1_0.balance,u1_0.created_at,u1_0.password,u1_0.phone_number,u1_0.recovery_key,u1_0.role,u1_0.status,u1_0.username from user u1_0 where u1_0.username=?
2026-08-13T15:04:09.882+07:00 DEBUG 16492 --- [  restartedMain] org.hibernate.SQL                        : select u1_0.id,u1_0.balance,u1_0.created_at,u1_0.password,u1_0.phone_number,u1_0.recovery_key,u1_0.role,u1_0.status,u1_0.username from user u1_0 where u1_0.username=?
2026-08-13T15:04:09.882+07:00 DEBUG 16492 --- [  restartedMain] org.hibernate.SQL                        : select u1_0.id,u1_0.balance,u1_0.created_at,u1_0.password,u1_0.phone_number,u1_0.recovery_key,u1_0.role,u1_0.status,u1_0.username from user u1_0 where u1_0.username=?
2026-08-13T15:04:09.882+07:00 DEBUG 16492 --- [  restartedMain] org.hibernate.SQL                        : select u1_0.id,u1_0.balance,u1_0.created_at,u1_0.password,u1_0.phone_number,u1_0.recovery_key,u1_0.role,u1_0.status,u1_0.username from user u1_0 where u1_0.username=?
2026-08-13T15:04:09.882+07:00 DEBUG 16492 --- [  restartedMain] org.hibernate.SQL                        : select u1_0.id,u1_0.balance,u1_0.created_at,u1_0.password,u1_0.phone_number,u1_0.recovery_key,u1_0.role,u1_0.status,u1_0.username from user u1_0 where u1_0.username=?
2026-08-13T15:04:09.890+07:00 DEBUG 16492 --- [  restartedMain] org.hibernate.SQL                        : select count(*) from voucher v1_0
2026-08-13T15:04:09.890+07:00 DEBUG 16492 --- [  restartedMain] org.hibernate.SQL                        : select count(*) from top_up tu1_0
2026-08-13T15:04:09.890+07:00 DEBUG 16492 --- [  restartedMain] org.hibernate.SQL                        : select count(*) from transaction_history th1_0
2026-08-13T15:04:09.898+07:00  INFO 16492 --- [  restartedMain] com.example.kartu.seed.DataDummy         : [DUMMY] All dummy data prepared successfully.
2026-08-13T15:04:09.898+07:00  INFO 16492 --- [  restartedMain] .ConditionEvaluationDeltaLoggingListener : Condition evaluation unchanged
2026-08-13T15:04:30.814+07:00  INFO 16492 --- [nio-8080-exec-1] o.a.c.c.C.[Tomcat].[localhost].[/]       : Initializing Spring DispatcherServlet 'dispatcherServlet'
2026-08-13T15:04:30.816+07:00  INFO 16492 --- [nio-8080-exec-1] o.s.web.servlet.DispatcherServlet        : Initializing Servlet 'dispatcherServlet'
2026-08-13T15:04:30.818+07:00  INFO 16492 --- [nio-8080-exec-1] o.s.web.servlet.DispatcherServlet        : Completed initialization in 0 ms
2026-08-13T15:04:30.904+07:00 DEBUG 16492 --- [nio-8080-exec-1] org.hibernate.SQL                        : select p1_0.id,p1_0.category_id,p1_0.description,p1_0.product_name,p1_0.price,p1_0.provider_id,p1_0.stock from product p1_0
2026-08-13T15:04:30.905+07:00 DEBUG 16492 --- [nio-8080-exec-1] org.hibernate.SQL                        : select c1_0.id,c1_0.code,c1_0.type from category c1_0 where c1_0.id=?
2026-08-13T15:04:30.907+07:00 DEBUG 16492 --- [nio-8080-exec-1] org.hibernate.SQL                        : select p1_0.id,p1_0.logo,p1_0.name from provider p1_0 where p1_0.id=?
2026-08-13T15:04:30.907+07:00 DEBUG 16492 --- [nio-8080-exec-1] org.hibernate.SQL                        : select p1_0.id,p1_0.logo,p1_0.name from provider p1_0 where p1_0.id=?
2026-08-13T15:04:30.909+07:00 DEBUG 16492 --- [nio-8080-exec-1] org.hibernate.SQL                        : select p1_0.id,p1_0.logo,p1_0.name from provider p1_0 where p1_0.id=?
2026-08-13T15:04:30.911+07:00 DEBUG 16492 --- [nio-8080-exec-1] org.hibernate.SQL                        : select p1_0.id,p1_0.logo,p1_0.name from provider p1_0 where p1_0.id=?
2026-08-13T15:04:30.911+07:00 DEBUG 16492 --- [nio-8080-exec-1] org.hibernate.SQL                        : select p1_0.id,p1_0.logo,p1_0.name from provider p1_0 where p1_0.id=?
2026-08-13T15:04:30.911+07:00 DEBUG 16492 --- [nio-8080-exec-1] org.hibernate.SQL                        : select p1_0.id,p1_0.logo,p1_0.name from provider p1_0 where p1_0.id=?
2026-08-13T15:04:30.911+07:00 DEBUG 16492 --- [nio-8080-exec-1] org.hibernate.SQL                        : select c1_0.id,c1_0.code,c1_0.type from category c1_0 where c1_0.id=?
2026-08-13T15:04:30.911+07:00 DEBUG 16492 --- [nio-8080-exec-1] org.hibernate.SQL                        : select c1_0.id,c1_0.code,c1_0.type from category c1_0 where c1_0.id=?
2026-08-13T15:04:31.558+07:00  WARN 16492 --- [nio-8080-exec-4] .w.s.m.s.DefaultHandlerExceptionResolver : Resolved [org.springframework.web.bind.MissingServletRequestParameterException: Required request parameter 'param' for method parameter type String is not present]
[SCHEDULER] Checking pending Top Up requests...
2026-08-13T15:05:09.391+07:00 DEBUG 16492 --- [   scheduling-1] org.hibernate.SQL                        : select tu1_0.id,tu1_0.amount,tu1_0.date,tu1_0.status,tu1_0.user_id from top_up tu1_0 where tu1_0.status=?
[SCHEDULER] Checking pending Top Up requests...
2026-08-13T15:06:09.387+07:00 DEBUG 16492 --- [   scheduling-1] org.hibernate.SQL                        : select tu1_0.id,tu1_0.amount,tu1_0.date,tu1_0.status,tu1_0.user_id from top_up tu1_0 where tu1_0.status=?
[SCHEDULER] Checking pending Top Up requests...
2026-08-13T15:07:09.388+07:00 DEBUG 16492 --- [   scheduling-1] org.hibernate.SQL                        : select tu1_0.id,tu1_0.amount,tu1_0.date,tu1_0.status,tu1_0.user_id from top_up tu1_0 where tu1_0.status=?
[SCHEDULER] Checking pending Top Up requests...
2026-08-13T15:08:09.377+07:00 DEBUG 16492 --- [   scheduling-1] org.hibernate.SQL                        : select tu1_0.id,tu1_0.amount,tu1_0.date,tu1_0.status,tu1_0.user_id from top_up tu1_0 where tu1_0.status=?
[SCHEDULER] Checking pending Top Up requests...
2026-08-13T15:09:09.384+07:00 DEBUG 16492 --- [   scheduling-1] org.hibernate.SQL                        : select tu1_0.id,tu1_0.amount,tu1_0.date,tu1_0.status,tu1_0.user_id from top_up tu1_0 where tu1_0.status=?
[SCHEDULER] Checking pending Top Up requests...
2026-08-13T15:10:09.391+07:00 DEBUG 16492 --- [   scheduling-1] org.hibernate.SQL                        : select tu1_0.id,tu1_0.amount,tu1_0.date,tu1_0.status,tu1_0.user_id from top_up tu1_0 where tu1_0.status=?
[SCHEDULER] Checking pending Top Up requests...
2026-08-13T15:11:09.387+07:00 DEBUG 16492 --- [   scheduling-1] org.hibernate.SQL                        : select tu1_0.id,tu1_0.amount,tu1_0.date,tu1_0.status,tu1_0.user_id from top_up tu1_0 where tu1_0.status=?
[SCHEDULER] Checking pending Top Up requests...
2026-08-13T15:12:09.383+07:00 DEBUG 16492 --- [   scheduling-1] org.hibernate.SQL                        : select tu1_0.id,tu1_0.amount,tu1_0.date,tu1_0.status,tu1_0.user_id from top_up tu1_0 where tu1_0.status=?
[SCHEDULER] Checking pending Top Up requests...
2026-08-13T15:13:09.390+07:00 DEBUG 16492 --- [   scheduling-1] org.hibernate.SQL                        : select tu1_0.id,tu1_0.amount,tu1_0.date,tu1_0.status,tu1_0.user_id from top_up tu1_0 where tu1_0.status=?
[SCHEDULER] Checking pending Top Up requests...
2026-08-13T15:14:09.382+07:00 DEBUG 16492 --- [   scheduling-1] org.hibernate.SQL                        : select tu1_0.id,tu1_0.amount,tu1_0.date,tu1_0.status,tu1_0.user_id from top_up tu1_0 where tu1_0.status=?
[SCHEDULER] Checking pending Top Up requests...
2026-08-13T15:15:09.392+07:00 DEBUG 16492 --- [   scheduling-1] org.hibernate.SQL                        : select tu1_0.id,tu1_0.amount,tu1_0.date,tu1_0.status,tu1_0.user_id from top_up tu1_0 where tu1_0.status=?
[SCHEDULER] Checking pending Top Up requests...
2026-08-13T15:16:09.391+07:00 DEBUG 16492 --- [   scheduling-1] org.hibernate.SQL                        : select tu1_0.id,tu1_0.amount,tu1_0.date,tu1_0.status,tu1_0.user_id from top_up tu1_0 where tu1_0.status=?
[SCHEDULER] Checking pending Top Up requests...
2026-08-13T15:17:09.381+07:00 DEBUG 16492 --- [   scheduling-1] org.hibernate.SQL                        : select tu1_0.id,tu1_0.amount,tu1_0.date,tu1_0.status,tu1_0.user_id from top_up tu1_0 where tu1_0.status=?
[SCHEDULER] Checking pending Top Up requests...
2026-08-13T15:18:09.380+07:00 DEBUG 16492 --- [   scheduling-1] org.hibernate.SQL                        : select tu1_0.id,tu1_0.amount,tu1_0.date,tu1_0.status,tu1_0.user_id from top_up tu1_0 where tu1_0.status=?
[SCHEDULER] Checking pending Top Up requests...
2026-08-13T15:19:09.378+07:00 DEBUG 16492 --- [   scheduling-1] org.hibernate.SQL                        : select tu1_0.id,tu1_0.amount,tu1_0.date,tu1_0.status,tu1_0.user_id from top_up tu1_0 where tu1_0.status=?
[SCHEDULER] Checking pending Top Up requests...
2026-08-13T15:20:09.391+07:00 DEBUG 16492 --- [   scheduling-1] org.hibernate.SQL                        : select tu1_0.id,tu1_0.amount,tu1_0.date,tu1_0.status,tu1_0.user_id from top_up tu1_0 where tu1_0.status=?
[SCHEDULER] Checking pending Top Up requests...
2026-08-13T15:21:09.378+07:00 DEBUG 16492 --- [   scheduling-1] org.hibernate.SQL                        : select tu1_0.id,tu1_0.amount,tu1_0.date,tu1_0.status,tu1_0.user_id from top_up tu1_0 where tu1_0.status=?
[SCHEDULER] Checking pending Top Up requests...
2026-08-13T15:22:09.390+07:00 DEBUG 16492 --- [   scheduling-1] org.hibernate.SQL                        : select tu1_0.id,tu1_0.amount,tu1_0.date,tu1_0.status,tu1_0.user_id from top_up tu1_0 where tu1_0.status=?
[SCHEDULER] Checking pending Top Up requests...
2026-08-13T15:23:09.378+07:00 DEBUG 16492 --- [   scheduling-1] org.hibernate.SQL                        : select tu1_0.id,tu1_0.amount,tu1_0.date,tu1_0.status,tu1_0.user_id from top_up tu1_0 where tu1_0.status=?
[SCHEDULER] Checking pending Top Up requests...
2026-08-13T15:24:09.389+07:00 DEBUG 16492 --- [   scheduling-1] org.hibernate.SQL                        : select tu1_0.id,tu1_0.amount,tu1_0.date,tu1_0.status,tu1_0.user_id from top_up tu1_0 where tu1_0.status=?
[SCHEDULER] Checking pending Top Up requests...
2026-08-13T15:25:09.391+07:00 DEBUG 16492 --- [   scheduling-1] org.hibernate.SQL                        : select tu1_0.id,tu1_0.amount,tu1_0.date,tu1_0.status,tu1_0.user_id from top_up tu1_0 where tu1_0.status=?
[SCHEDULER] Checking pending Top Up requests...
2026-08-13T15:26:09.387+07:00 DEBUG 16492 --- [   scheduling-1] org.hibernate.SQL                        : select tu1_0.id,tu1_0.amount,tu1_0.date,tu1_0.status,tu1_0.user_id from top_up tu1_0 where tu1_0.status=?
2026-08-13T15:26:59.603+07:00 DEBUG 16492 --- [io-8080-exec-10] org.hibernate.SQL                        : select u1_0.id,u1_0.balance,u1_0.created_at,u1_0.password,u1_0.phone_number,u1_0.recovery_key,u1_0.role,u1_0.status,u1_0.username from user u1_0 where u1_0.username=?
2026-08-13T15:26:59.724+07:00 DEBUG 16492 --- [nio-8080-exec-5] org.hibernate.SQL                        : select p1_0.id,p1_0.category_id,p1_0.description,p1_0.product_name,p1_0.price,p1_0.provider_id,p1_0.stock from product p1_0
2026-08-13T15:26:59.729+07:00 DEBUG 16492 --- [nio-8080-exec-5] org.hibernate.SQL                        : select c1_0.id,c1_0.code,c1_0.type from category c1_0 where c1_0.id=?
2026-08-13T15:26:59.730+07:00 DEBUG 16492 --- [nio-8080-exec-5] org.hibernate.SQL                        : select p1_0.id,p1_0.logo,p1_0.name from provider p1_0 where p1_0.id=?
2026-08-13T15:26:59.731+07:00 DEBUG 16492 --- [nio-8080-exec-5] org.hibernate.SQL                        : select p1_0.id,p1_0.logo,p1_0.name from provider p1_0 where p1_0.id=?
2026-08-13T15:26:59.732+07:00 DEBUG 16492 --- [nio-8080-exec-5] org.hibernate.SQL                        : select p1_0.id,p1_0.logo,p1_0.name from provider p1_0 where p1_0.id=?
2026-08-13T15:26:59.733+07:00 DEBUG 16492 --- [nio-8080-exec-5] org.hibernate.SQL                        : select p1_0.id,p1_0.logo,p1_0.name from provider p1_0 where p1_0.id=?
2026-08-13T15:26:59.734+07:00 DEBUG 16492 --- [nio-8080-exec-5] org.hibernate.SQL                        : select p1_0.id,p1_0.logo,p1_0.name from provider p1_0 where p1_0.id=?
2026-08-13T15:26:59.735+07:00 DEBUG 16492 --- [nio-8080-exec-5] org.hibernate.SQL                        : select p1_0.id,p1_0.logo,p1_0.name from provider p1_0 where p1_0.id=?
2026-08-13T15:26:59.735+07:00 DEBUG 16492 --- [nio-8080-exec-5] org.hibernate.SQL                        : select c1_0.id,c1_0.code,c1_0.type from category c1_0 where c1_0.id=?
2026-08-13T15:26:59.737+07:00 DEBUG 16492 --- [nio-8080-exec-5] org.hibernate.SQL                        : select c1_0.id,c1_0.code,c1_0.type from category c1_0 where c1_0.id=?
2026-08-13T15:27:01.311+07:00 DEBUG 16492 --- [nio-8080-exec-3] org.hibernate.SQL                        : select p1_0.id,p1_0.category_id,p1_0.description,p1_0.product_name,p1_0.price,p1_0.provider_id,p1_0.stock from product p1_0
2026-08-13T15:27:01.313+07:00 DEBUG 16492 --- [nio-8080-exec-3] org.hibernate.SQL                        : select c1_0.id,c1_0.code,c1_0.type from category c1_0 where c1_0.id=?
2026-08-13T15:27:01.314+07:00 DEBUG 16492 --- [nio-8080-exec-3] org.hibernate.SQL                        : select p1_0.id,p1_0.logo,p1_0.name from provider p1_0 where p1_0.id=?
2026-08-13T15:27:01.314+07:00 DEBUG 16492 --- [nio-8080-exec-3] org.hibernate.SQL                        : select p1_0.id,p1_0.logo,p1_0.name from provider p1_0 where p1_0.id=?
2026-08-13T15:27:01.315+07:00 DEBUG 16492 --- [nio-8080-exec-3] org.hibernate.SQL                        : select p1_0.id,p1_0.logo,p1_0.name from provider p1_0 where p1_0.id=?
2026-08-13T15:27:01.316+07:00 DEBUG 16492 --- [nio-8080-exec-3] org.hibernate.SQL                        : select p1_0.id,p1_0.logo,p1_0.name from provider p1_0 where p1_0.id=?
2026-08-13T15:27:01.317+07:00 DEBUG 16492 --- [nio-8080-exec-3] org.hibernate.SQL                        : select p1_0.id,p1_0.logo,p1_0.name from provider p1_0 where p1_0.id=?
2026-08-13T15:27:01.318+07:00 DEBUG 16492 --- [nio-8080-exec-3] org.hibernate.SQL                        : select p1_0.id,p1_0.logo,p1_0.name from provider p1_0 where p1_0.id=?
2026-08-13T15:27:01.319+07:00 DEBUG 16492 --- [nio-8080-exec-3] org.hibernate.SQL                        : select c1_0.id,c1_0.code,c1_0.type from category c1_0 where c1_0.id=?
2026-08-13T15:27:01.321+07:00 DEBUG 16492 --- [nio-8080-exec-3] org.hibernate.SQL                        : select c1_0.id,c1_0.code,c1_0.type from category c1_0 where c1_0.id=?
2026-08-13T15:27:05.509+07:00 DEBUG 16492 --- [nio-8080-exec-7] org.hibernate.SQL                        : select u1_0.id,u1_0.balance,u1_0.created_at,u1_0.password,u1_0.phone_number,u1_0.recovery_key,u1_0.role,u1_0.status,u1_0.username from user u1_0
2026-08-13T15:27:06.938+07:00 DEBUG 16492 --- [nio-8080-exec-9] org.hibernate.SQL                        : select c1_0.id,c1_0.code,c1_0.type from category c1_0
2026-08-13T15:27:08.346+07:00 DEBUG 16492 --- [nio-8080-exec-1] org.hibernate.SQL                        : select tu1_0.id,tu1_0.amount,tu1_0.date,tu1_0.status,tu1_0.user_id from top_up tu1_0 order by tu1_0.date desc
2026-08-13T15:27:08.351+07:00 DEBUG 16492 --- [nio-8080-exec-1] org.hibernate.SQL                        : select u1_0.id,u1_0.balance,u1_0.created_at,u1_0.password,u1_0.phone_number,u1_0.recovery_key,u1_0.role,u1_0.status,u1_0.username from user u1_0 where u1_0.id=?
2026-08-13T15:27:08.352+07:00 DEBUG 16492 --- [nio-8080-exec-1] org.hibernate.SQL                        : select u1_0.id,u1_0.balance,u1_0.created_at,u1_0.password,u1_0.phone_number,u1_0.recovery_key,u1_0.role,u1_0.status,u1_0.username from user u1_0 where u1_0.id=?
2026-08-13T15:27:08.354+07:00 DEBUG 16492 --- [nio-8080-exec-1] org.hibernate.SQL                        : select u1_0.id,u1_0.balance,u1_0.created_at,u1_0.password,u1_0.phone_number,u1_0.recovery_key,u1_0.role,u1_0.status,u1_0.username from user u1_0 where u1_0.id=?
2026-08-13T15:27:08.355+07:00 DEBUG 16492 --- [nio-8080-exec-1] org.hibernate.SQL                        : select u1_0.id,u1_0.balance,u1_0.created_at,u1_0.password,u1_0.phone_number,u1_0.recovery_key,u1_0.role,u1_0.status,u1_0.username from user u1_0 where u1_0.id=?
2026-08-13T15:27:08.356+07:00 DEBUG 16492 --- [nio-8080-exec-1] org.hibernate.SQL                        : select u1_0.id,u1_0.balance,u1_0.created_at,u1_0.password,u1_0.phone_number,u1_0.recovery_key,u1_0.role,u1_0.status,u1_0.username from user u1_0 where u1_0.id=?
[SCHEDULER] Checking pending Top Up requests...
2026-08-13T15:27:09.391+07:00 DEBUG 16492 --- [   scheduling-1] org.hibernate.SQL                        : select tu1_0.id,tu1_0.amount,tu1_0.date,tu1_0.status,tu1_0.user_id from top_up tu1_0 where tu1_0.status=?
2026-08-13T15:27:09.777+07:00 DEBUG 16492 --- [nio-8080-exec-2] org.hibernate.SQL                        : select p1_0.id,p1_0.logo,p1_0.name from provider p1_0
2026-08-13T15:27:11.192+07:00 DEBUG 16492 --- [nio-8080-exec-6] org.hibernate.SQL                        : select th1_0.id,th1_0.amount_paid,th1_0.customer,th1_0.customer_number,th1_0.product_id,th1_0.serial_number,th1_0.status,th1_0.timestamp,th1_0.transaction_id,th1_0.purchaser from transaction_history th1_0 order by th1_0.timestamp desc
2026-08-13T15:27:11.196+07:00 DEBUG 16492 --- [nio-8080-exec-6] org.hibernate.SQL                        : select p1_0.id,c1_0.id,c1_0.code,c1_0.type,p1_0.description,p1_0.product_name,p1_0.price,p2_0.id,p2_0.logo,p2_0.name,p1_0.stock from product p1_0 left join category c1_0 on c1_0.id=p1_0.category_id left join provider p2_0 on p2_0.id=p1_0.provider_id where p1_0.id=?
2026-08-13T15:27:11.197+07:00 DEBUG 16492 --- [nio-8080-exec-6] org.hibernate.SQL                        : select u1_0.id,u1_0.balance,u1_0.created_at,u1_0.password,u1_0.phone_number,u1_0.recovery_key,u1_0.role,u1_0.status,u1_0.username from user u1_0 where u1_0.id=?
2026-08-13T15:27:11.198+07:00 DEBUG 16492 --- [nio-8080-exec-6] org.hibernate.SQL                        : select u1_0.id,u1_0.balance,u1_0.created_at,u1_0.password,u1_0.phone_number,u1_0.recovery_key,u1_0.role,u1_0.status,u1_0.username from user u1_0 where u1_0.id=?
2026-08-13T15:27:11.199+07:00 DEBUG 16492 --- [nio-8080-exec-6] org.hibernate.SQL                        : select p1_0.id,c1_0.id,c1_0.code,c1_0.type,p1_0.description,p1_0.product_name,p1_0.price,p2_0.id,p2_0.logo,p2_0.name,p1_0.stock from product p1_0 left join category c1_0 on c1_0.id=p1_0.category_id left join provider p2_0 on p2_0.id=p1_0.provider_id where p1_0.id=?
2026-08-13T15:27:11.200+07:00 DEBUG 16492 --- [nio-8080-exec-6] org.hibernate.SQL                        : select p1_0.id,c1_0.id,c1_0.code,c1_0.type,p1_0.description,p1_0.product_name,p1_0.price,p2_0.id,p2_0.logo,p2_0.name,p1_0.stock from product p1_0 left join category c1_0 on c1_0.id=p1_0.category_id left join provider p2_0 on p2_0.id=p1_0.provider_id where p1_0.id=?
2026-08-13T15:27:11.201+07:00 DEBUG 16492 --- [nio-8080-exec-6] org.hibernate.SQL                        : select u1_0.id,u1_0.balance,u1_0.created_at,u1_0.password,u1_0.phone_number,u1_0.recovery_key,u1_0.role,u1_0.status,u1_0.username from user u1_0 where u1_0.id=?
2026-08-13T15:27:11.202+07:00 DEBUG 16492 --- [nio-8080-exec-6] org.hibernate.SQL                        : select p1_0.id,c1_0.id,c1_0.code,c1_0.type,p1_0.description,p1_0.product_name,p1_0.price,p2_0.id,p2_0.logo,p2_0.name,p1_0.stock from product p1_0 left join category c1_0 on c1_0.id=p1_0.category_id left join provider p2_0 on p2_0.id=p1_0.provider_id where p1_0.id=?
2026-08-13T15:27:11.202+07:00 DEBUG 16492 --- [nio-8080-exec-6] org.hibernate.SQL                        : select p1_0.id,c1_0.id,c1_0.code,c1_0.type,p1_0.description,p1_0.product_name,p1_0.price,p2_0.id,p2_0.logo,p2_0.name,p1_0.stock from product p1_0 left join category c1_0 on c1_0.id=p1_0.category_id left join provider p2_0 on p2_0.id=p1_0.provider_id where p1_0.id=?
2026-08-13T15:27:11.204+07:00 DEBUG 16492 --- [nio-8080-exec-6] org.hibernate.SQL                        : select p1_0.id,c1_0.id,c1_0.code,c1_0.type,p1_0.description,p1_0.product_name,p1_0.price,p2_0.id,p2_0.logo,p2_0.name,p1_0.stock from product p1_0 left join category c1_0 on c1_0.id=p1_0.category_id left join provider p2_0 on p2_0.id=p1_0.provider_id where p1_0.id=?
2026-08-13T15:27:11.206+07:00 DEBUG 16492 --- [nio-8080-exec-6] org.hibernate.SQL                        : select u1_0.id,u1_0.balance,u1_0.created_at,u1_0.password,u1_0.phone_number,u1_0.recovery_key,u1_0.role,u1_0.status,u1_0.username from user u1_0 where u1_0.id=?
2026-08-13T15:27:11.206+07:00 DEBUG 16492 --- [nio-8080-exec-6] org.hibernate.SQL                        : select p1_0.id,c1_0.id,c1_0.code,c1_0.type,p1_0.description,p1_0.product_name,p1_0.price,p2_0.id,p2_0.logo,p2_0.name,p1_0.stock from product p1_0 left join category c1_0 on c1_0.id=p1_0.category_id left join provider p2_0 on p2_0.id=p1_0.provider_id where p1_0.id=?
2026-08-13T15:27:11.207+07:00 DEBUG 16492 --- [nio-8080-exec-6] org.hibernate.SQL                        : select p1_0.id,c1_0.id,c1_0.code,c1_0.type,p1_0.description,p1_0.product_name,p1_0.price,p2_0.id,p2_0.logo,p2_0.name,p1_0.stock from product p1_0 left join category c1_0 on c1_0.id=p1_0.category_id left join provider p2_0 on p2_0.id=p1_0.provider_id where p1_0.id=?
2026-08-13T15:27:11.208+07:00 DEBUG 16492 --- [nio-8080-exec-6] org.hibernate.SQL                        : select p1_0.id,c1_0.id,c1_0.code,c1_0.type,p1_0.description,p1_0.product_name,p1_0.price,p2_0.id,p2_0.logo,p2_0.name,p1_0.stock from product p1_0 left join category c1_0 on c1_0.id=p1_0.category_id left join provider p2_0 on p2_0.id=p1_0.provider_id where p1_0.id=?
2026-08-13T15:27:11.223+07:00 ERROR 16492 --- [nio-8080-exec-6] org.thymeleaf.TemplateEngine             : [THYMELEAF][http-nio-8080-exec-6] Exception processing template "admin_sales_report": An error happened during template parsing (template: "class path resource [templates/admin_sales_report.html]")

org.thymeleaf.exceptions.TemplateInputException: An error happened during template parsing (template: "class path resource [templates/admin_sales_report.html]")
	at org.thymeleaf.templateparser.markup.AbstractMarkupTemplateParser.parse(AbstractMarkupTemplateParser.java:241) ~[thymeleaf-3.1.3.RELEASE.jar:3.1.3.RELEASE]
	at org.thymeleaf.templateparser.markup.AbstractMarkupTemplateParser.parseStandalone(AbstractMarkupTemplateParser.java:100) ~[thymeleaf-3.1.3.RELEASE.jar:3.1.3.RELEASE]
	at org.thymeleaf.engine.TemplateManager.parseAndProcess(TemplateManager.java:666) ~[thymeleaf-3.1.3.RELEASE.jar:3.1.3.RELEASE]
	at org.thymeleaf.TemplateEngine.process(TemplateEngine.java:1103) ~[thymeleaf-3.1.3.RELEASE.jar:3.1.3.RELEASE]
	at org.thymeleaf.TemplateEngine.process(TemplateEngine.java:1077) ~[thymeleaf-3.1.3.RELEASE.jar:3.1.3.RELEASE]
	at org.thymeleaf.spring6.view.ThymeleafView.renderFragment(ThymeleafView.java:372) ~[thymeleaf-spring6-3.1.3.RELEASE.jar:3.1.3.RELEASE]
	at org.thymeleaf.spring6.view.ThymeleafView.render(ThymeleafView.java:192) ~[thymeleaf-spring6-3.1.3.RELEASE.jar:3.1.3.RELEASE]
	at org.springframework.web.servlet.DispatcherServlet.render(DispatcherServlet.java:1437) ~[spring-webmvc-6.2.7.jar:6.2.7]
	at org.springframework.web.servlet.DispatcherServlet.processDispatchResult(DispatcherServlet.java:1168) ~[spring-webmvc-6.2.7.jar:6.2.7]
	at org.springframework.web.servlet.DispatcherServlet.doDispatch(DispatcherServlet.java:1106) ~[spring-webmvc-6.2.7.jar:6.2.7]
	at org.springframework.web.servlet.DispatcherServlet.doService(DispatcherServlet.java:979) ~[spring-webmvc-6.2.7.jar:6.2.7]
	at org.springframework.web.servlet.FrameworkServlet.processRequest(FrameworkServlet.java:1014) ~[spring-webmvc-6.2.7.jar:6.2.7]
	at org.springframework.web.servlet.FrameworkServlet.doGet(FrameworkServlet.java:903) ~[spring-webmvc-6.2.7.jar:6.2.7]
	at jakarta.servlet.http.HttpServlet.service(HttpServlet.java:564) ~[tomcat-embed-core-10.1.41.jar:6.0]
	at org.springframework.web.servlet.FrameworkServlet.service(FrameworkServlet.java:885) ~[spring-webmvc-6.2.7.jar:6.2.7]
	at jakarta.servlet.http.HttpServlet.service(HttpServlet.java:658) ~[tomcat-embed-core-10.1.41.jar:6.0]
	at org.apache.catalina.core.ApplicationFilterChain.internalDoFilter(ApplicationFilterChain.java:195) ~[tomcat-embed-core-10.1.41.jar:10.1.41]
	at org.apache.catalina.core.ApplicationFilterChain.doFilter(ApplicationFilterChain.java:140) ~[tomcat-embed-core-10.1.41.jar:10.1.41]
	at org.apache.tomcat.websocket.server.WsFilter.doFilter(WsFilter.java:51) ~[tomcat-embed-websocket-10.1.41.jar:10.1.41]
	at org.apache.catalina.core.ApplicationFilterChain.internalDoFilter(ApplicationFilterChain.java:164) ~[tomcat-embed-core-10.1.41.jar:10.1.41]
	at org.apache.catalina.core.ApplicationFilterChain.doFilter(ApplicationFilterChain.java:140) ~[tomcat-embed-core-10.1.41.jar:10.1.41]
	at org.springframework.web.filter.CompositeFilter$VirtualFilterChain.doFilter(CompositeFilter.java:108) ~[spring-web-6.2.7.jar:6.2.7]
	at org.springframework.security.web.FilterChainProxy.lambda$doFilterInternal$3(FilterChainProxy.java:231) ~[spring-security-web-6.4.6.jar:6.4.6]
	at org.springframework.security.web.FilterChainProxy$VirtualFilterChain.doFilter(FilterChainProxy.java:365) ~[spring-security-web-6.4.6.jar:6.4.6]
	at org.springframework.security.web.access.intercept.AuthorizationFilter.doFilter(AuthorizationFilter.java:101) ~[spring-security-web-6.4.6.jar:6.4.6]
	at org.springframework.security.web.FilterChainProxy$VirtualFilterChain.doFilter(FilterChainProxy.java:374) ~[spring-security-web-6.4.6.jar:6.4.6]
	at org.springframework.security.web.access.ExceptionTranslationFilter.doFilter(ExceptionTranslationFilter.java:126) ~[spring-security-web-6.4.6.jar:6.4.6]
	at org.springframework.security.web.access.ExceptionTranslationFilter.doFilter(ExceptionTranslationFilter.java:120) ~[spring-security-web-6.4.6.jar:6.4.6]
	at org.springframework.security.web.FilterChainProxy$VirtualFilterChain.doFilter(FilterChainProxy.java:374) ~[spring-security-web-6.4.6.jar:6.4.6]
	at org.springframework.security.web.authentication.AnonymousAuthenticationFilter.doFilter(AnonymousAuthenticationFilter.java:100) ~[spring-security-web-6.4.6.jar:6.4.6]
	at org.springframework.security.web.FilterChainProxy$VirtualFilterChain.doFilter(FilterChainProxy.java:374) ~[spring-security-web-6.4.6.jar:6.4.6]
	at org.springframework.security.web.servletapi.SecurityContextHolderAwareRequestFilter.doFilter(SecurityContextHolderAwareRequestFilter.java:179) ~[spring-security-web-6.4.6.jar:6.4.6]
	at org.springframework.security.web.FilterChainProxy$VirtualFilterChain.doFilter(FilterChainProxy.java:374) ~[spring-security-web-6.4.6.jar:6.4.6]
	at org.springframework.security.web.savedrequest.RequestCacheAwareFilter.doFilter(RequestCacheAwareFilter.java:63) ~[spring-security-web-6.4.6.jar:6.4.6]
	at org.springframework.security.web.FilterChainProxy$VirtualFilterChain.doFilter(FilterChainProxy.java:374) ~[spring-security-web-6.4.6.jar:6.4.6]
	at org.springframework.security.web.authentication.AbstractAuthenticationProcessingFilter.doFilter(AbstractAuthenticationProcessingFilter.java:227) ~[spring-security-web-6.4.6.jar:6.4.6]
	at org.springframework.security.web.authentication.AbstractAuthenticationProcessingFilter.doFilter(AbstractAuthenticationProcessingFilter.java:221) ~[spring-security-web-6.4.6.jar:6.4.6]
	at org.springframework.security.web.FilterChainProxy$VirtualFilterChain.doFilter(FilterChainProxy.java:374) ~[spring-security-web-6.4.6.jar:6.4.6]
	at org.springframework.security.web.authentication.logout.LogoutFilter.doFilter(LogoutFilter.java:107) ~[spring-security-web-6.4.6.jar:6.4.6]
	at org.springframework.security.web.authentication.logout.LogoutFilter.doFilter(LogoutFilter.java:93) ~[spring-security-web-6.4.6.jar:6.4.6]
	at org.springframework.security.web.FilterChainProxy$VirtualFilterChain.doFilter(FilterChainProxy.java:374) ~[spring-security-web-6.4.6.jar:6.4.6]
	at org.springframework.security.web.csrf.CsrfFilter.doFilterInternal(CsrfFilter.java:117) ~[spring-security-web-6.4.6.jar:6.4.6]
	at org.springframework.web.filter.OncePerRequestFilter.doFilter(OncePerRequestFilter.java:116) ~[spring-web-6.2.7.jar:6.2.7]
	at org.springframework.security.web.FilterChainProxy$VirtualFilterChain.doFilter(FilterChainProxy.java:374) ~[spring-security-web-6.4.6.jar:6.4.6]
	at org.springframework.security.web.header.HeaderWriterFilter.doHeadersAfter(HeaderWriterFilter.java:90) ~[spring-security-web-6.4.6.jar:6.4.6]
	at org.springframework.security.web.header.HeaderWriterFilter.doFilterInternal(HeaderWriterFilter.java:75) ~[spring-security-web-6.4.6.jar:6.4.6]
	at org.springframework.web.filter.OncePerRequestFilter.doFilter(OncePerRequestFilter.java:116) ~[spring-web-6.2.7.jar:6.2.7]
	at org.springframework.security.web.FilterChainProxy$VirtualFilterChain.doFilter(FilterChainProxy.java:374) ~[spring-security-web-6.4.6.jar:6.4.6]
	at org.springframework.security.web.context.SecurityContextHolderFilter.doFilter(SecurityContextHolderFilter.java:82) ~[spring-security-web-6.4.6.jar:6.4.6]
	at org.springframework.security.web.context.SecurityContextHolderFilter.doFilter(SecurityContextHolderFilter.java:69) ~[spring-security-web-6.4.6.jar:6.4.6]
	at org.springframework.security.web.FilterChainProxy$VirtualFilterChain.doFilter(FilterChainProxy.java:374) ~[spring-security-web-6.4.6.jar:6.4.6]
	at org.springframework.security.web.context.request.async.WebAsyncManagerIntegrationFilter.doFilterInternal(WebAsyncManagerIntegrationFilter.java:62) ~[spring-security-web-6.4.6.jar:6.4.6]
	at org.springframework.web.filter.OncePerRequestFilter.doFilter(OncePerRequestFilter.java:116) ~[spring-web-6.2.7.jar:6.2.7]
	at org.springframework.security.web.FilterChainProxy$VirtualFilterChain.doFilter(FilterChainProxy.java:374) ~[spring-security-web-6.4.6.jar:6.4.6]
	at org.springframework.security.web.session.DisableEncodeUrlFilter.doFilterInternal(DisableEncodeUrlFilter.java:42) ~[spring-security-web-6.4.6.jar:6.4.6]
	at org.springframework.web.filter.OncePerRequestFilter.doFilter(OncePerRequestFilter.java:116) ~[spring-web-6.2.7.jar:6.2.7]
	at org.springframework.security.web.FilterChainProxy$VirtualFilterChain.doFilter(FilterChainProxy.java:374) ~[spring-security-web-6.4.6.jar:6.4.6]
	at org.springframework.security.web.FilterChainProxy.doFilterInternal(FilterChainProxy.java:233) ~[spring-security-web-6.4.6.jar:6.4.6]
	at org.springframework.security.web.FilterChainProxy.doFilter(FilterChainProxy.java:191) ~[spring-security-web-6.4.6.jar:6.4.6]
	at org.springframework.web.filter.CompositeFilter$VirtualFilterChain.doFilter(CompositeFilter.java:113) ~[spring-web-6.2.7.jar:6.2.7]
	at org.springframework.web.servlet.handler.HandlerMappingIntrospector.lambda$createCacheFilter$3(HandlerMappingIntrospector.java:243) ~[spring-webmvc-6.2.7.jar:6.2.7]
	at org.springframework.web.filter.CompositeFilter$VirtualFilterChain.doFilter(CompositeFilter.java:113) ~[spring-web-6.2.7.jar:6.2.7]
	at org.springframework.web.filter.CompositeFilter.doFilter(CompositeFilter.java:74) ~[spring-web-6.2.7.jar:6.2.7]
	at org.springframework.security.config.annotation.web.configuration.WebMvcSecurityConfiguration$CompositeFilterChainProxy.doFilter(WebMvcSecurityConfiguration.java:238) ~[spring-security-config-6.4.6.jar:6.4.6]
	at org.springframework.web.filter.DelegatingFilterProxy.invokeDelegate(DelegatingFilterProxy.java:362) ~[spring-web-6.2.7.jar:6.2.7]
	at org.springframework.web.filter.DelegatingFilterProxy.doFilter(DelegatingFilterProxy.java:278) ~[spring-web-6.2.7.jar:6.2.7]
	at org.apache.catalina.core.ApplicationFilterChain.internalDoFilter(ApplicationFilterChain.java:164) ~[tomcat-embed-core-10.1.41.jar:10.1.41]
	at org.apache.catalina.core.ApplicationFilterChain.doFilter(ApplicationFilterChain.java:140) ~[tomcat-embed-core-10.1.41.jar:10.1.41]
	at org.springframework.web.filter.RequestContextFilter.doFilterInternal(RequestContextFilter.java:100) ~[spring-web-6.2.7.jar:6.2.7]
	at org.springframework.web.filter.OncePerRequestFilter.doFilter(OncePerRequestFilter.java:116) ~[spring-web-6.2.7.jar:6.2.7]
	at org.apache.catalina.core.ApplicationFilterChain.internalDoFilter(ApplicationFilterChain.java:164) ~[tomcat-embed-core-10.1.41.jar:10.1.41]
	at org.apache.catalina.core.ApplicationFilterChain.doFilter(ApplicationFilterChain.java:140) ~[tomcat-embed-core-10.1.41.jar:10.1.41]
	at org.springframework.web.filter.FormContentFilter.doFilterInternal(FormContentFilter.java:93) ~[spring-web-6.2.7.jar:6.2.7]
	at org.springframework.web.filter.OncePerRequestFilter.doFilter(OncePerRequestFilter.java:116) ~[spring-web-6.2.7.jar:6.2.7]
	at org.apache.catalina.core.ApplicationFilterChain.internalDoFilter(ApplicationFilterChain.java:164) ~[tomcat-embed-core-10.1.41.jar:10.1.41]
	at org.apache.catalina.core.ApplicationFilterChain.doFilter(ApplicationFilterChain.java:140) ~[tomcat-embed-core-10.1.41.jar:10.1.41]
	at org.springframework.web.filter.CharacterEncodingFilter.doFilterInternal(CharacterEncodingFilter.java:201) ~[spring-web-6.2.7.jar:6.2.7]
	at org.springframework.web.filter.OncePerRequestFilter.doFilter(OncePerRequestFilter.java:116) ~[spring-web-6.2.7.jar:6.2.7]
	at org.apache.catalina.core.ApplicationFilterChain.internalDoFilter(ApplicationFilterChain.java:164) ~[tomcat-embed-core-10.1.41.jar:10.1.41]
	at org.apache.catalina.core.ApplicationFilterChain.doFilter(ApplicationFilterChain.java:140) ~[tomcat-embed-core-10.1.41.jar:10.1.41]
	at org.apache.catalina.core.StandardWrapperValve.invoke(StandardWrapperValve.java:167) ~[tomcat-embed-core-10.1.41.jar:10.1.41]
	at org.apache.catalina.core.StandardContextValve.invoke(StandardContextValve.java:90) ~[tomcat-embed-core-10.1.41.jar:10.1.41]
	at org.apache.catalina.authenticator.AuthenticatorBase.invoke(AuthenticatorBase.java:483) ~[tomcat-embed-core-10.1.41.jar:10.1.41]
	at org.apache.catalina.core.StandardHostValve.invoke(StandardHostValve.java:116) ~[tomcat-embed-core-10.1.41.jar:10.1.41]
	at org.apache.catalina.valves.ErrorReportValve.invoke(ErrorReportValve.java:93) ~[tomcat-embed-core-10.1.41.jar:10.1.41]
	at org.apache.catalina.core.StandardEngineValve.invoke(StandardEngineValve.java:74) ~[tomcat-embed-core-10.1.41.jar:10.1.41]
	at org.apache.catalina.connector.CoyoteAdapter.service(CoyoteAdapter.java:344) ~[tomcat-embed-core-10.1.41.jar:10.1.41]
	at org.apache.coyote.http11.Http11Processor.service(Http11Processor.java:398) ~[tomcat-embed-core-10.1.41.jar:10.1.41]
	at org.apache.coyote.AbstractProcessorLight.process(AbstractProcessorLight.java:63) ~[tomcat-embed-core-10.1.41.jar:10.1.41]
	at org.apache.coyote.AbstractProtocol$ConnectionHandler.process(AbstractProtocol.java:903) ~[tomcat-embed-core-10.1.41.jar:10.1.41]
	at org.apache.tomcat.util.net.NioEndpoint$SocketProcessor.doRun(NioEndpoint.java:1740) ~[tomcat-embed-core-10.1.41.jar:10.1.41]
	at org.apache.tomcat.util.net.SocketProcessorBase.run(SocketProcessorBase.java:52) ~[tomcat-embed-core-10.1.41.jar:10.1.41]
	at org.apache.tomcat.util.threads.ThreadPoolExecutor.runWorker(ThreadPoolExecutor.java:1189) ~[tomcat-embed-core-10.1.41.jar:10.1.41]
	at org.apache.tomcat.util.threads.ThreadPoolExecutor$Worker.run(ThreadPoolExecutor.java:658) ~[tomcat-embed-core-10.1.41.jar:10.1.41]
	at org.apache.tomcat.util.threads.TaskThread$WrappingRunnable.run(TaskThread.java:63) ~[tomcat-embed-core-10.1.41.jar:10.1.41]
	at java.base/java.lang.Thread.run(Thread.java:1583) ~[na:na]
Caused by: org.attoparser.ParseException: Exception evaluating SpringEL expression: "tx.product.provider.name" (template: "admin_sales_report" - line 86, col 43)
	at org.attoparser.MarkupParser.parseDocument(MarkupParser.java:393) ~[attoparser-2.0.7.RELEASE.jar:2.0.7.RELEASE]
	at org.attoparser.MarkupParser.parse(MarkupParser.java:257) ~[attoparser-2.0.7.RELEASE.jar:2.0.7.RELEASE]
	at org.thymeleaf.templateparser.markup.AbstractMarkupTemplateParser.parse(AbstractMarkupTemplateParser.java:230) ~[thymeleaf-3.1.3.RELEASE.jar:3.1.3.RELEASE]
	... 95 common frames omitted
Caused by: org.thymeleaf.exceptions.TemplateProcessingException: Exception evaluating SpringEL expression: "tx.product.provider.name" (template: "admin_sales_report" - line 86, col 43)
	at org.thymeleaf.spring6.expression.SPELVariableExpressionEvaluator.evaluate(SPELVariableExpressionEvaluator.java:292) ~[thymeleaf-spring6-3.1.3.RELEASE.jar:3.1.3.RELEASE]
	at org.thymeleaf.standard.expression.VariableExpression.executeVariableExpression(VariableExpression.java:166) ~[thymeleaf-3.1.3.RELEASE.jar:3.1.3.RELEASE]
	at org.thymeleaf.standard.expression.SimpleExpression.executeSimple(SimpleExpression.java:66) ~[thymeleaf-3.1.3.RELEASE.jar:3.1.3.RELEASE]
	at org.thymeleaf.standard.expression.Expression.execute(Expression.java:109) ~[thymeleaf-3.1.3.RELEASE.jar:3.1.3.RELEASE]
	at org.thymeleaf.standard.expression.Expression.execute(Expression.java:138) ~[thymeleaf-3.1.3.RELEASE.jar:3.1.3.RELEASE]
	at org.thymeleaf.standard.processor.AbstractStandardExpressionAttributeTagProcessor.doProcess(AbstractStandardExpressionAttributeTagProcessor.java:144) ~[thymeleaf-3.1.3.RELEASE.jar:3.1.3.RELEASE]
	at org.thymeleaf.processor.element.AbstractAttributeTagProcessor.doProcess(AbstractAttributeTagProcessor.java:74) ~[thymeleaf-3.1.3.RELEASE.jar:3.1.3.RELEASE]
	at org.thymeleaf.processor.element.AbstractElementTagProcessor.process(AbstractElementTagProcessor.java:95) ~[thymeleaf-3.1.3.RELEASE.jar:3.1.3.RELEASE]
	at org.thymeleaf.util.ProcessorConfigurationUtils$ElementTagProcessorWrapper.process(ProcessorConfigurationUtils.java:633) ~[thymeleaf-3.1.3.RELEASE.jar:3.1.3.RELEASE]
	at org.thymeleaf.engine.ProcessorTemplateHandler.handleOpenElement(ProcessorTemplateHandler.java:1314) ~[thymeleaf-3.1.3.RELEASE.jar:3.1.3.RELEASE]
	at org.thymeleaf.engine.OpenElementTag.beHandled(OpenElementTag.java:205) ~[thymeleaf-3.1.3.RELEASE.jar:3.1.3.RELEASE]
	at org.thymeleaf.engine.Model.process(Model.java:282) ~[thymeleaf-3.1.3.RELEASE.jar:3.1.3.RELEASE]
	at org.thymeleaf.engine.Model.process(Model.java:290) ~[thymeleaf-3.1.3.RELEASE.jar:3.1.3.RELEASE]
	at org.thymeleaf.engine.IteratedGatheringModelProcessable.processIterationModel(IteratedGatheringModelProcessable.java:368) ~[thymeleaf-3.1.3.RELEASE.jar:3.1.3.RELEASE]
	at org.thymeleaf.engine.IteratedGatheringModelProcessable.process(IteratedGatheringModelProcessable.java:294) ~[thymeleaf-3.1.3.RELEASE.jar:3.1.3.RELEASE]
	at org.thymeleaf.engine.ProcessorTemplateHandler.handleCloseElement(ProcessorTemplateHandler.java:1640) ~[thymeleaf-3.1.3.RELEASE.jar:3.1.3.RELEASE]
	at org.thymeleaf.engine.TemplateHandlerAdapterMarkupHandler.handleCloseElementEnd(TemplateHandlerAdapterMarkupHandler.java:388) ~[thymeleaf-3.1.3.RELEASE.jar:3.1.3.RELEASE]
	at org.thymeleaf.templateparser.markup.InlinedOutputExpressionMarkupHandler$InlineMarkupAdapterPreProcessorHandler.handleCloseElementEnd(InlinedOutputExpressionMarkupHandler.java:322) ~[thymeleaf-3.1.3.RELEASE.jar:3.1.3.RELEASE]
	at org.thymeleaf.standard.inline.OutputExpressionInlinePreProcessorHandler.handleCloseElementEnd(OutputExpressionInlinePreProcessorHandler.java:220) ~[thymeleaf-3.1.3.RELEASE.jar:3.1.3.RELEASE]
	at org.thymeleaf.templateparser.markup.InlinedOutputExpressionMarkupHandler.handleCloseElementEnd(InlinedOutputExpressionMarkupHandler.java:164) ~[thymeleaf-3.1.3.RELEASE.jar:3.1.3.RELEASE]
	at org.attoparser.HtmlElement.handleCloseElementEnd(HtmlElement.java:169) ~[attoparser-2.0.7.RELEASE.jar:2.0.7.RELEASE]
	at org.attoparser.HtmlMarkupHandler.handleCloseElementEnd(HtmlMarkupHandler.java:412) ~[attoparser-2.0.7.RELEASE.jar:2.0.7.RELEASE]
	at org.attoparser.MarkupEventProcessorHandler.handleCloseElementEnd(MarkupEventProcessorHandler.java:473) ~[attoparser-2.0.7.RELEASE.jar:2.0.7.RELEASE]
	at org.attoparser.ParsingElementMarkupUtil.parseCloseElement(ParsingElementMarkupUtil.java:201) ~[attoparser-2.0.7.RELEASE.jar:2.0.7.RELEASE]
	at org.attoparser.MarkupParser.parseBuffer(MarkupParser.java:725) ~[attoparser-2.0.7.RELEASE.jar:2.0.7.RELEASE]
	at org.attoparser.MarkupParser.parseDocument(MarkupParser.java:301) ~[attoparser-2.0.7.RELEASE.jar:2.0.7.RELEASE]
	... 97 common frames omitted
Caused by: org.springframework.expression.spel.SpelEvaluationException: EL1007E: Property or field 'name' cannot be found on null
	at org.springframework.expression.spel.ast.PropertyOrFieldReference.readProperty(PropertyOrFieldReference.java:225) ~[spring-expression-6.2.7.jar:6.2.7]
	at org.springframework.expression.spel.ast.PropertyOrFieldReference.getValueInternal(PropertyOrFieldReference.java:112) ~[spring-expression-6.2.7.jar:6.2.7]
	at org.springframework.expression.spel.ast.PropertyOrFieldReference$AccessorValueRef.getValue(PropertyOrFieldReference.java:376) ~[spring-expression-6.2.7.jar:6.2.7]
	at org.springframework.expression.spel.ast.CompoundExpression.getValueInternal(CompoundExpression.java:97) ~[spring-expression-6.2.7.jar:6.2.7]
	at org.springframework.expression.spel.ast.SpelNodeImpl.getValue(SpelNodeImpl.java:116) ~[spring-expression-6.2.7.jar:6.2.7]
	at org.springframework.expression.spel.standard.SpelExpression.getValue(SpelExpression.java:338) ~[spring-expression-6.2.7.jar:6.2.7]
	at org.thymeleaf.spring6.expression.SPELVariableExpressionEvaluator.evaluate(SPELVariableExpressionEvaluator.java:265) ~[thymeleaf-spring6-3.1.3.RELEASE.jar:3.1.3.RELEASE]
	... 122 common frames omitted

2026-08-13T15:27:11.235+07:00 ERROR 16492 --- [nio-8080-exec-6] o.a.c.c.C.[.[.[/].[dispatcherServlet]    : Servlet.service() for servlet [dispatcherServlet] in context with path [] threw exception [Request processing failed: org.thymeleaf.exceptions.TemplateInputException: An error happened during template parsing (template: "class path resource [templates/admin_sales_report.html]")] with root cause

org.springframework.expression.spel.SpelEvaluationException: EL1007E: Property or field 'name' cannot be found on null
	at org.springframework.expression.spel.ast.PropertyOrFieldReference.readProperty(PropertyOrFieldReference.java:225) ~[spring-expression-6.2.7.jar:6.2.7]
	at org.springframework.expression.spel.ast.PropertyOrFieldReference.getValueInternal(PropertyOrFieldReference.java:112) ~[spring-expression-6.2.7.jar:6.2.7]
	at org.springframework.expression.spel.ast.PropertyOrFieldReference$AccessorValueRef.getValue(PropertyOrFieldReference.java:376) ~[spring-expression-6.2.7.jar:6.2.7]
	at org.springframework.expression.spel.ast.CompoundExpression.getValueInternal(CompoundExpression.java:97) ~[spring-expression-6.2.7.jar:6.2.7]
	at org.springframework.expression.spel.ast.SpelNodeImpl.getValue(SpelNodeImpl.java:116) ~[spring-expression-6.2.7.jar:6.2.7]
	at org.springframework.expression.spel.standard.SpelExpression.getValue(SpelExpression.java:338) ~[spring-expression-6.2.7.jar:6.2.7]
	at org.thymeleaf.spring6.expression.SPELVariableExpressionEvaluator.evaluate(SPELVariableExpressionEvaluator.java:265) ~[thymeleaf-spring6-3.1.3.RELEASE.jar:3.1.3.RELEASE]
	at org.thymeleaf.standard.expression.VariableExpression.executeVariableExpression(VariableExpression.java:166) ~[thymeleaf-3.1.3.RELEASE.jar:3.1.3.RELEASE]
	at org.thymeleaf.standard.expression.SimpleExpression.executeSimple(SimpleExpression.java:66) ~[thymeleaf-3.1.3.RELEASE.jar:3.1.3.RELEASE]
	at org.thymeleaf.standard.expression.Expression.execute(Expression.java:109) ~[thymeleaf-3.1.3.RELEASE.jar:3.1.3.RELEASE]
	at org.thymeleaf.standard.expression.Expression.execute(Expression.java:138) ~[thymeleaf-3.1.3.RELEASE.jar:3.1.3.RELEASE]
	at org.thymeleaf.standard.processor.AbstractStandardExpressionAttributeTagProcessor.doProcess(AbstractStandardExpressionAttributeTagProcessor.java:144) ~[thymeleaf-3.1.3.RELEASE.jar:3.1.3.RELEASE]
	at org.thymeleaf.processor.element.AbstractAttributeTagProcessor.doProcess(AbstractAttributeTagProcessor.java:74) ~[thymeleaf-3.1.3.RELEASE.jar:3.1.3.RELEASE]
	at org.thymeleaf.processor.element.AbstractElementTagProcessor.process(AbstractElementTagProcessor.java:95) ~[thymeleaf-3.1.3.RELEASE.jar:3.1.3.RELEASE]
	at org.thymeleaf.util.ProcessorConfigurationUtils$ElementTagProcessorWrapper.process(ProcessorConfigurationUtils.java:633) ~[thymeleaf-3.1.3.RELEASE.jar:3.1.3.RELEASE]
	at org.thymeleaf.engine.ProcessorTemplateHandler.handleOpenElement(ProcessorTemplateHandler.java:1314) ~[thymeleaf-3.1.3.RELEASE.jar:3.1.3.RELEASE]
	at org.thymeleaf.engine.OpenElementTag.beHandled(OpenElementTag.java:205) ~[thymeleaf-3.1.3.RELEASE.jar:3.1.3.RELEASE]
	at org.thymeleaf.engine.Model.process(Model.java:282) ~[thymeleaf-3.1.3.RELEASE.jar:3.1.3.RELEASE]
	at org.thymeleaf.engine.Model.process(Model.java:290) ~[thymeleaf-3.1.3.RELEASE.jar:3.1.3.RELEASE]
	at org.thymeleaf.engine.IteratedGatheringModelProcessable.processIterationModel(IteratedGatheringModelProcessable.java:368) ~[thymeleaf-3.1.3.RELEASE.jar:3.1.3.RELEASE]
	at org.thymeleaf.engine.IteratedGatheringModelProcessable.process(IteratedGatheringModelProcessable.java:294) ~[thymeleaf-3.1.3.RELEASE.jar:3.1.3.RELEASE]
	at org.thymeleaf.engine.ProcessorTemplateHandler.handleCloseElement(ProcessorTemplateHandler.java:1640) ~[thymeleaf-3.1.3.RELEASE.jar:3.1.3.RELEASE]
	at org.thymeleaf.engine.TemplateHandlerAdapterMarkupHandler.handleCloseElementEnd(TemplateHandlerAdapterMarkupHandler.java:388) ~[thymeleaf-3.1.3.RELEASE.jar:3.1.3.RELEASE]
	at org.thymeleaf.templateparser.markup.InlinedOutputExpressionMarkupHandler$InlineMarkupAdapterPreProcessorHandler.handleCloseElementEnd(InlinedOutputExpressionMarkupHandler.java:322) ~[thymeleaf-3.1.3.RELEASE.jar:3.1.3.RELEASE]
	at org.thymeleaf.standard.inline.OutputExpressionInlinePreProcessorHandler.handleCloseElementEnd(OutputExpressionInlinePreProcessorHandler.java:220) ~[thymeleaf-3.1.3.RELEASE.jar:3.1.3.RELEASE]
	at org.thymeleaf.templateparser.markup.InlinedOutputExpressionMarkupHandler.handleCloseElementEnd(InlinedOutputExpressionMarkupHandler.java:164) ~[thymeleaf-3.1.3.RELEASE.jar:3.1.3.RELEASE]
	at org.attoparser.HtmlElement.handleCloseElementEnd(HtmlElement.java:169) ~[attoparser-2.0.7.RELEASE.jar:2.0.7.RELEASE]
	at org.attoparser.HtmlMarkupHandler.handleCloseElementEnd(HtmlMarkupHandler.java:412) ~[attoparser-2.0.7.RELEASE.jar:2.0.7.RELEASE]
	at org.attoparser.MarkupEventProcessorHandler.handleCloseElementEnd(MarkupEventProcessorHandler.java:473) ~[attoparser-2.0.7.RELEASE.jar:2.0.7.RELEASE]
	at org.attoparser.ParsingElementMarkupUtil.parseCloseElement(ParsingElementMarkupUtil.java:201) ~[attoparser-2.0.7.RELEASE.jar:2.0.7.RELEASE]
	at org.attoparser.MarkupParser.parseBuffer(MarkupParser.java:725) ~[attoparser-2.0.7.RELEASE.jar:2.0.7.RELEASE]
	at org.attoparser.MarkupParser.parseDocument(MarkupParser.java:301) ~[attoparser-2.0.7.RELEASE.jar:2.0.7.RELEASE]
	at org.attoparser.MarkupParser.parse(MarkupParser.java:257) ~[attoparser-2.0.7.RELEASE.jar:2.0.7.RELEASE]
	at org.thymeleaf.templateparser.markup.AbstractMarkupTemplateParser.parse(AbstractMarkupTemplateParser.java:230) ~[thymeleaf-3.1.3.RELEASE.jar:3.1.3.RELEASE]
	at org.thymeleaf.templateparser.markup.AbstractMarkupTemplateParser.parseStandalone(AbstractMarkupTemplateParser.java:100) ~[thymeleaf-3.1.3.RELEASE.jar:3.1.3.RELEASE]
	at org.thymeleaf.engine.TemplateManager.parseAndProcess(TemplateManager.java:666) ~[thymeleaf-3.1.3.RELEASE.jar:3.1.3.RELEASE]
	at org.thymeleaf.TemplateEngine.process(TemplateEngine.java:1103) ~[thymeleaf-3.1.3.RELEASE.jar:3.1.3.RELEASE]
	at org.thymeleaf.TemplateEngine.process(TemplateEngine.java:1077) ~[thymeleaf-3.1.3.RELEASE.jar:3.1.3.RELEASE]
	at org.thymeleaf.spring6.view.ThymeleafView.renderFragment(ThymeleafView.java:372) ~[thymeleaf-spring6-3.1.3.RELEASE.jar:3.1.3.RELEASE]
	at org.thymeleaf.spring6.view.ThymeleafView.render(ThymeleafView.java:192) ~[thymeleaf-spring6-3.1.3.RELEASE.jar:3.1.3.RELEASE]
	at org.springframework.web.servlet.DispatcherServlet.render(DispatcherServlet.java:1437) ~[spring-webmvc-6.2.7.jar:6.2.7]
	at org.springframework.web.servlet.DispatcherServlet.processDispatchResult(DispatcherServlet.java:1168) ~[spring-webmvc-6.2.7.jar:6.2.7]
	at org.springframework.web.servlet.DispatcherServlet.doDispatch(DispatcherServlet.java:1106) ~[spring-webmvc-6.2.7.jar:6.2.7]
	at org.springframework.web.servlet.DispatcherServlet.doService(DispatcherServlet.java:979) ~[spring-webmvc-6.2.7.jar:6.2.7]
	at org.springframework.web.servlet.FrameworkServlet.processRequest(FrameworkServlet.java:1014) ~[spring-webmvc-6.2.7.jar:6.2.7]
	at org.springframework.web.servlet.FrameworkServlet.doGet(FrameworkServlet.java:903) ~[spring-webmvc-6.2.7.jar:6.2.7]
	at jakarta.servlet.http.HttpServlet.service(HttpServlet.java:564) ~[tomcat-embed-core-10.1.41.jar:6.0]
	at org.springframework.web.servlet.FrameworkServlet.service(FrameworkServlet.java:885) ~[spring-webmvc-6.2.7.jar:6.2.7]
	at jakarta.servlet.http.HttpServlet.service(HttpServlet.java:658) ~[tomcat-embed-core-10.1.41.jar:6.0]
	at org.apache.catalina.core.ApplicationFilterChain.internalDoFilter(ApplicationFilterChain.java:195) ~[tomcat-embed-core-10.1.41.jar:10.1.41]
	at org.apache.catalina.core.ApplicationFilterChain.doFilter(ApplicationFilterChain.java:140) ~[tomcat-embed-core-10.1.41.jar:10.1.41]
	at org.apache.tomcat.websocket.server.WsFilter.doFilter(WsFilter.java:51) ~[tomcat-embed-websocket-10.1.41.jar:10.1.41]
	at org.apache.catalina.core.ApplicationFilterChain.internalDoFilter(ApplicationFilterChain.java:164) ~[tomcat-embed-core-10.1.41.jar:10.1.41]
	at org.apache.catalina.core.ApplicationFilterChain.doFilter(ApplicationFilterChain.java:140) ~[tomcat-embed-core-10.1.41.jar:10.1.41]
	at org.springframework.web.filter.CompositeFilter$VirtualFilterChain.doFilter(CompositeFilter.java:108) ~[spring-web-6.2.7.jar:6.2.7]
	at org.springframework.security.web.FilterChainProxy.lambda$doFilterInternal$3(FilterChainProxy.java:231) ~[spring-security-web-6.4.6.jar:6.4.6]
	at org.springframework.security.web.FilterChainProxy$VirtualFilterChain.doFilter(FilterChainProxy.java:365) ~[spring-security-web-6.4.6.jar:6.4.6]
	at org.springframework.security.web.access.intercept.AuthorizationFilter.doFilter(AuthorizationFilter.java:101) ~[spring-security-web-6.4.6.jar:6.4.6]
	at org.springframework.security.web.FilterChainProxy$VirtualFilterChain.doFilter(FilterChainProxy.java:374) ~[spring-security-web-6.4.6.jar:6.4.6]
	at org.springframework.security.web.access.ExceptionTranslationFilter.doFilter(ExceptionTranslationFilter.java:126) ~[spring-security-web-6.4.6.jar:6.4.6]
	at org.springframework.security.web.access.ExceptionTranslationFilter.doFilter(ExceptionTranslationFilter.java:120) ~[spring-security-web-6.4.6.jar:6.4.6]
	at org.springframework.security.web.FilterChainProxy$VirtualFilterChain.doFilter(FilterChainProxy.java:374) ~[spring-security-web-6.4.6.jar:6.4.6]
	at org.springframework.security.web.authentication.AnonymousAuthenticationFilter.doFilter(AnonymousAuthenticationFilter.java:100) ~[spring-security-web-6.4.6.jar:6.4.6]
	at org.springframework.security.web.FilterChainProxy$VirtualFilterChain.doFilter(FilterChainProxy.java:374) ~[spring-security-web-6.4.6.jar:6.4.6]
	at org.springframework.security.web.servletapi.SecurityContextHolderAwareRequestFilter.doFilter(SecurityContextHolderAwareRequestFilter.java:179) ~[spring-security-web-6.4.6.jar:6.4.6]
	at org.springframework.security.web.FilterChainProxy$VirtualFilterChain.doFilter(FilterChainProxy.java:374) ~[spring-security-web-6.4.6.jar:6.4.6]
	at org.springframework.security.web.savedrequest.RequestCacheAwareFilter.doFilter(RequestCacheAwareFilter.java:63) ~[spring-security-web-6.4.6.jar:6.4.6]
	at org.springframework.security.web.FilterChainProxy$VirtualFilterChain.doFilter(FilterChainProxy.java:374) ~[spring-security-web-6.4.6.jar:6.4.6]
	at org.springframework.security.web.authentication.AbstractAuthenticationProcessingFilter.doFilter(AbstractAuthenticationProcessingFilter.java:227) ~[spring-security-web-6.4.6.jar:6.4.6]
	at org.springframework.security.web.authentication.AbstractAuthenticationProcessingFilter.doFilter(AbstractAuthenticationProcessingFilter.java:221) ~[spring-security-web-6.4.6.jar:6.4.6]
	at org.springframework.security.web.FilterChainProxy$VirtualFilterChain.doFilter(FilterChainProxy.java:374) ~[spring-security-web-6.4.6.jar:6.4.6]
	at org.springframework.security.web.authentication.logout.LogoutFilter.doFilter(LogoutFilter.java:107) ~[spring-security-web-6.4.6.jar:6.4.6]
	at org.springframework.security.web.authentication.logout.LogoutFilter.doFilter(LogoutFilter.java:93) ~[spring-security-web-6.4.6.jar:6.4.6]
	at org.springframework.security.web.FilterChainProxy$VirtualFilterChain.doFilter(FilterChainProxy.java:374) ~[spring-security-web-6.4.6.jar:6.4.6]
	at org.springframework.security.web.csrf.CsrfFilter.doFilterInternal(CsrfFilter.java:117) ~[spring-security-web-6.4.6.jar:6.4.6]
	at org.springframework.web.filter.OncePerRequestFilter.doFilter(OncePerRequestFilter.java:116) ~[spring-web-6.2.7.jar:6.2.7]
	at org.springframework.security.web.FilterChainProxy$VirtualFilterChain.doFilter(FilterChainProxy.java:374) ~[spring-security-web-6.4.6.jar:6.4.6]
	at org.springframework.security.web.header.HeaderWriterFilter.doHeadersAfter(HeaderWriterFilter.java:90) ~[spring-security-web-6.4.6.jar:6.4.6]
	at org.springframework.security.web.header.HeaderWriterFilter.doFilterInternal(HeaderWriterFilter.java:75) ~[spring-security-web-6.4.6.jar:6.4.6]
	at org.springframework.web.filter.OncePerRequestFilter.doFilter(OncePerRequestFilter.java:116) ~[spring-web-6.2.7.jar:6.2.7]
	at org.springframework.security.web.FilterChainProxy$VirtualFilterChain.doFilter(FilterChainProxy.java:374) ~[spring-security-web-6.4.6.jar:6.4.6]
	at org.springframework.security.web.context.SecurityContextHolderFilter.doFilter(SecurityContextHolderFilter.java:82) ~[spring-security-web-6.4.6.jar:6.4.6]
	at org.springframework.security.web.context.SecurityContextHolderFilter.doFilter(SecurityContextHolderFilter.java:69) ~[spring-security-web-6.4.6.jar:6.4.6]
	at org.springframework.security.web.FilterChainProxy$VirtualFilterChain.doFilter(FilterChainProxy.java:374) ~[spring-security-web-6.4.6.jar:6.4.6]
	at org.springframework.security.web.context.request.async.WebAsyncManagerIntegrationFilter.doFilterInternal(WebAsyncManagerIntegrationFilter.java:62) ~[spring-security-web-6.4.6.jar:6.4.6]
	at org.springframework.web.filter.OncePerRequestFilter.doFilter(OncePerRequestFilter.java:116) ~[spring-web-6.2.7.jar:6.2.7]
	at org.springframework.security.web.FilterChainProxy$VirtualFilterChain.doFilter(FilterChainProxy.java:374) ~[spring-security-web-6.4.6.jar:6.4.6]
	at org.springframework.security.web.session.DisableEncodeUrlFilter.doFilterInternal(DisableEncodeUrlFilter.java:42) ~[spring-security-web-6.4.6.jar:6.4.6]
	at org.springframework.web.filter.OncePerRequestFilter.doFilter(OncePerRequestFilter.java:116) ~[spring-web-6.2.7.jar:6.2.7]
	at org.springframework.security.web.FilterChainProxy$VirtualFilterChain.doFilter(FilterChainProxy.java:374) ~[spring-security-web-6.4.6.jar:6.4.6]
	at org.springframework.security.web.FilterChainProxy.doFilterInternal(FilterChainProxy.java:233) ~[spring-security-web-6.4.6.jar:6.4.6]
	at org.springframework.security.web.FilterChainProxy.doFilter(FilterChainProxy.java:191) ~[spring-security-web-6.4.6.jar:6.4.6]
	at org.springframework.web.filter.CompositeFilter$VirtualFilterChain.doFilter(CompositeFilter.java:113) ~[spring-web-6.2.7.jar:6.2.7]
	at org.springframework.web.servlet.handler.HandlerMappingIntrospector.lambda$createCacheFilter$3(HandlerMappingIntrospector.java:243) ~[spring-webmvc-6.2.7.jar:6.2.7]
	at org.springframework.web.filter.CompositeFilter$VirtualFilterChain.doFilter(CompositeFilter.java:113) ~[spring-web-6.2.7.jar:6.2.7]
	at org.springframework.web.filter.CompositeFilter.doFilter(CompositeFilter.java:74) ~[spring-web-6.2.7.jar:6.2.7]
	at org.springframework.security.config.annotation.web.configuration.WebMvcSecurityConfiguration$CompositeFilterChainProxy.doFilter(WebMvcSecurityConfiguration.java:238) ~[spring-security-config-6.4.6.jar:6.4.6]
	at org.springframework.web.filter.DelegatingFilterProxy.invokeDelegate(DelegatingFilterProxy.java:362) ~[spring-web-6.2.7.jar:6.2.7]
	at org.springframework.web.filter.DelegatingFilterProxy.doFilter(DelegatingFilterProxy.java:278) ~[spring-web-6.2.7.jar:6.2.7]
	at org.apache.catalina.core.ApplicationFilterChain.internalDoFilter(ApplicationFilterChain.java:164) ~[tomcat-embed-core-10.1.41.jar:10.1.41]
	at org.apache.catalina.core.ApplicationFilterChain.doFilter(ApplicationFilterChain.java:140) ~[tomcat-embed-core-10.1.41.jar:10.1.41]
	at org.springframework.web.filter.RequestContextFilter.doFilterInternal(RequestContextFilter.java:100) ~[spring-web-6.2.7.jar:6.2.7]
	at org.springframework.web.filter.OncePerRequestFilter.doFilter(OncePerRequestFilter.java:116) ~[spring-web-6.2.7.jar:6.2.7]
	at org.apache.catalina.core.ApplicationFilterChain.internalDoFilter(ApplicationFilterChain.java:164) ~[tomcat-embed-core-10.1.41.jar:10.1.41]
	at org.apache.catalina.core.ApplicationFilterChain.doFilter(ApplicationFilterChain.java:140) ~[tomcat-embed-core-10.1.41.jar:10.1.41]
	at org.springframework.web.filter.FormContentFilter.doFilterInternal(FormContentFilter.java:93) ~[spring-web-6.2.7.jar:6.2.7]
	at org.springframework.web.filter.OncePerRequestFilter.doFilter(OncePerRequestFilter.java:116) ~[spring-web-6.2.7.jar:6.2.7]
	at org.apache.catalina.core.ApplicationFilterChain.internalDoFilter(ApplicationFilterChain.java:164) ~[tomcat-embed-core-10.1.41.jar:10.1.41]
	at org.apache.catalina.core.ApplicationFilterChain.doFilter(ApplicationFilterChain.java:140) ~[tomcat-embed-core-10.1.41.jar:10.1.41]
	at org.springframework.web.filter.CharacterEncodingFilter.doFilterInternal(CharacterEncodingFilter.java:201) ~[spring-web-6.2.7.jar:6.2.7]
	at org.springframework.web.filter.OncePerRequestFilter.doFilter(OncePerRequestFilter.java:116) ~[spring-web-6.2.7.jar:6.2.7]
	at org.apache.catalina.core.ApplicationFilterChain.internalDoFilter(ApplicationFilterChain.java:164) ~[tomcat-embed-core-10.1.41.jar:10.1.41]
	at org.apache.catalina.core.ApplicationFilterChain.doFilter(ApplicationFilterChain.java:140) ~[tomcat-embed-core-10.1.41.jar:10.1.41]
	at org.apache.catalina.core.StandardWrapperValve.invoke(StandardWrapperValve.java:167) ~[tomcat-embed-core-10.1.41.jar:10.1.41]
	at org.apache.catalina.core.StandardContextValve.invoke(StandardContextValve.java:90) ~[tomcat-embed-core-10.1.41.jar:10.1.41]
	at org.apache.catalina.authenticator.AuthenticatorBase.invoke(AuthenticatorBase.java:483) ~[tomcat-embed-core-10.1.41.jar:10.1.41]
	at org.apache.catalina.core.StandardHostValve.invoke(StandardHostValve.java:116) ~[tomcat-embed-core-10.1.41.jar:10.1.41]
	at org.apache.catalina.valves.ErrorReportValve.invoke(ErrorReportValve.java:93) ~[tomcat-embed-core-10.1.41.jar:10.1.41]
	at org.apache.catalina.core.StandardEngineValve.invoke(StandardEngineValve.java:74) ~[tomcat-embed-core-10.1.41.jar:10.1.41]
	at org.apache.catalina.connector.CoyoteAdapter.service(CoyoteAdapter.java:344) ~[tomcat-embed-core-10.1.41.jar:10.1.41]
	at org.apache.coyote.http11.Http11Processor.service(Http11Processor.java:398) ~[tomcat-embed-core-10.1.41.jar:10.1.41]
	at org.apache.coyote.AbstractProcessorLight.process(AbstractProcessorLight.java:63) ~[tomcat-embed-core-10.1.41.jar:10.1.41]
	at org.apache.coyote.AbstractProtocol$ConnectionHandler.process(AbstractProtocol.java:903) ~[tomcat-embed-core-10.1.41.jar:10.1.41]
	at org.apache.tomcat.util.net.NioEndpoint$SocketProcessor.doRun(NioEndpoint.java:1740) ~[tomcat-embed-core-10.1.41.jar:10.1.41]
	at org.apache.tomcat.util.net.SocketProcessorBase.run(SocketProcessorBase.java:52) ~[tomcat-embed-core-10.1.41.jar:10.1.41]
	at org.apache.tomcat.util.threads.ThreadPoolExecutor.runWorker(ThreadPoolExecutor.java:1189) ~[tomcat-embed-core-10.1.41.jar:10.1.41]
	at org.apache.tomcat.util.threads.ThreadPoolExecutor$Worker.run(ThreadPoolExecutor.java:658) ~[tomcat-embed-core-10.1.41.jar:10.1.41]
	at org.apache.tomcat.util.threads.TaskThread$WrappingRunnable.run(TaskThread.java:63) ~[tomcat-embed-core-10.1.41.jar:10.1.41]
	at java.base/java.lang.Thread.run(Thread.java:1583) ~[na:na]

2026-08-13T15:27:11.241+07:00  WARN 16492 --- [nio-8080-exec-6] .w.s.m.s.DefaultHandlerExceptionResolver : Ignoring exception, response committed already: org.springframework.web.bind.MissingServletRequestParameterException: Required request parameter 'param' for method parameter type String is not present
2026-08-13T15:27:11.242+07:00  WARN 16492 --- [nio-8080-exec-6] .w.s.m.s.DefaultHandlerExceptionResolver : Resolved [org.springframework.web.bind.MissingServletRequestParameterException: Required request parameter 'param' for method parameter type String is not present]
2026-08-13T15:27:12.624+07:00 DEBUG 16492 --- [nio-8080-exec-4] org.hibernate.SQL                        : select v1_0.id,v1_0.code,v1_0.discount_amount,v1_0.is_active,v1_0.stock from voucher v1_0
2026-08-13T15:27:15.064+07:00 DEBUG 16492 --- [nio-8080-exec-6] org.hibernate.SQL                        : select u1_0.id,u1_0.balance,u1_0.created_at,u1_0.password,u1_0.phone_number,u1_0.recovery_key,u1_0.role,u1_0.status,u1_0.username from user u1_0 where u1_0.username=?
2026-08-13T15:27:15.168+07:00 DEBUG 16492 --- [nio-8080-exec-7] org.hibernate.SQL                        : select p1_0.id,p1_0.category_id,p1_0.description,p1_0.product_name,p1_0.price,p1_0.provider_id,p1_0.stock from product p1_0 limit ?,?
2026-08-13T15:27:15.170+07:00 DEBUG 16492 --- [nio-8080-exec-7] org.hibernate.SQL                        : select c1_0.id,c1_0.code,c1_0.type from category c1_0 where c1_0.id=?
2026-08-13T15:27:15.171+07:00 DEBUG 16492 --- [nio-8080-exec-7] org.hibernate.SQL                        : select p1_0.id,p1_0.logo,p1_0.name from provider p1_0 where p1_0.id=?
2026-08-13T15:27:15.173+07:00 DEBUG 16492 --- [nio-8080-exec-7] org.hibernate.SQL                        : select p1_0.id,p1_0.logo,p1_0.name from provider p1_0 where p1_0.id=?
2026-08-13T15:27:15.175+07:00 DEBUG 16492 --- [nio-8080-exec-7] org.hibernate.SQL                        : select p1_0.id,p1_0.logo,p1_0.name from provider p1_0 where p1_0.id=?
2026-08-13T15:27:15.176+07:00 DEBUG 16492 --- [nio-8080-exec-7] org.hibernate.SQL                        : select p1_0.id,p1_0.logo,p1_0.name from provider p1_0 where p1_0.id=?
2026-08-13T15:27:15.176+07:00 DEBUG 16492 --- [nio-8080-exec-7] org.hibernate.SQL                        : select p1_0.id,p1_0.logo,p1_0.name from provider p1_0 where p1_0.id=?
2026-08-13T15:27:15.177+07:00 DEBUG 16492 --- [nio-8080-exec-7] org.hibernate.SQL                        : select p1_0.id,p1_0.logo,p1_0.name from provider p1_0 where p1_0.id=?
2026-08-13T15:27:15.178+07:00 DEBUG 16492 --- [nio-8080-exec-7] org.hibernate.SQL                        : select c1_0.id,c1_0.code,c1_0.type from category c1_0 where c1_0.id=?
2026-08-13T15:27:15.179+07:00 DEBUG 16492 --- [nio-8080-exec-7] org.hibernate.SQL                        : select c1_0.id,c1_0.code,c1_0.type from category c1_0 where c1_0.id=?
2026-08-13T15:27:15.185+07:00 DEBUG 16492 --- [nio-8080-exec-7] org.hibernate.SQL                        : select c1_0.id,c1_0.code,c1_0.type from category c1_0
2026-08-13T15:27:15.231+07:00  WARN 16492 --- [io-8080-exec-10] .w.s.m.s.DefaultHandlerExceptionResolver : Resolved [org.springframework.web.bind.MissingServletRequestParameterException: Required request parameter 'param' for method parameter type String is not present]
2026-08-13T15:27:16.721+07:00 DEBUG 16492 --- [nio-8080-exec-5] org.hibernate.SQL                        : select u1_0.id,u1_0.balance,u1_0.created_at,u1_0.password,u1_0.phone_number,u1_0.recovery_key,u1_0.role,u1_0.status,u1_0.username from user u1_0 where u1_0.username=?
2026-08-13T15:27:18.124+07:00 DEBUG 16492 --- [nio-8080-exec-3] org.hibernate.SQL                        : select p1_0.id,p1_0.category_id,p1_0.description,p1_0.product_name,p1_0.price,p1_0.provider_id,p1_0.stock from product p1_0 limit ?,?
2026-08-13T15:27:18.145+07:00 DEBUG 16492 --- [nio-8080-exec-3] org.hibernate.SQL                        : select c1_0.id,c1_0.code,c1_0.type from category c1_0 where c1_0.id=?
2026-08-13T15:27:18.166+07:00 DEBUG 16492 --- [nio-8080-exec-3] org.hibernate.SQL                        : select p1_0.id,p1_0.logo,p1_0.name from provider p1_0 where p1_0.id=?
2026-08-13T15:27:18.187+07:00 DEBUG 16492 --- [nio-8080-exec-3] org.hibernate.SQL                        : select p1_0.id,p1_0.logo,p1_0.name from provider p1_0 where p1_0.id=?
2026-08-13T15:27:18.208+07:00 DEBUG 16492 --- [nio-8080-exec-3] org.hibernate.SQL                        : select p1_0.id,p1_0.logo,p1_0.name from provider p1_0 where p1_0.id=?
2026-08-13T15:27:18.229+07:00 DEBUG 16492 --- [nio-8080-exec-3] org.hibernate.SQL                        : select p1_0.id,p1_0.logo,p1_0.name from provider p1_0 where p1_0.id=?
2026-08-13T15:27:18.250+07:00 DEBUG 16492 --- [nio-8080-exec-3] org.hibernate.SQL                        : select p1_0.id,p1_0.logo,p1_0.name from provider p1_0 where p1_0.id=?
2026-08-13T15:27:18.272+07:00 DEBUG 16492 --- [nio-8080-exec-3] org.hibernate.SQL                        : select p1_0.id,p1_0.logo,p1_0.name from provider p1_0 where p1_0.id=?
2026-08-13T15:27:18.301+07:00 DEBUG 16492 --- [nio-8080-exec-3] org.hibernate.SQL                        : select c1_0.id,c1_0.code,c1_0.type from category c1_0 where c1_0.id=?
2026-08-13T15:27:18.322+07:00 DEBUG 16492 --- [nio-8080-exec-3] org.hibernate.SQL                        : select c1_0.id,c1_0.code,c1_0.type from category c1_0 where c1_0.id=?
2026-08-13T15:27:18.344+07:00 DEBUG 16492 --- [nio-8080-exec-3] org.hibernate.SQL                        : select c1_0.id,c1_0.code,c1_0.type from category c1_0
2026-08-13T15:27:18.395+07:00  WARN 16492 --- [nio-8080-exec-8] .w.s.m.s.DefaultHandlerExceptionResolver : Resolved [org.springframework.web.bind.MissingServletRequestParameterException: Required request parameter 'param' for method parameter type String is not present]
2026-08-13T15:27:19.854+07:00 DEBUG 16492 --- [nio-8080-exec-9] org.hibernate.SQL                        : select p1_0.id,c1_0.id,c1_0.code,c1_0.type,p1_0.description,p1_0.product_name,p1_0.price,p2_0.id,p2_0.logo,p2_0.name,p1_0.stock from product p1_0 left join category c1_0 on c1_0.id=p1_0.category_id left join provider p2_0 on p2_0.id=p1_0.provider_id where p1_0.id=?
2026-08-13T15:27:19.858+07:00 DEBUG 16492 --- [nio-8080-exec-9] org.hibernate.SQL                        : select u1_0.id,u1_0.balance,u1_0.created_at,u1_0.password,u1_0.phone_number,u1_0.recovery_key,u1_0.role,u1_0.status,u1_0.username from user u1_0 where u1_0.username=?
2026-08-13T15:27:21.270+07:00 DEBUG 16492 --- [nio-8080-exec-1] org.hibernate.SQL                        : select u1_0.id,u1_0.balance,u1_0.created_at,u1_0.password,u1_0.phone_number,u1_0.recovery_key,u1_0.role,u1_0.status,u1_0.username from user u1_0 where u1_0.username=?
2026-08-13T15:27:21.275+07:00 DEBUG 16492 --- [nio-8080-exec-1] org.hibernate.SQL                        : select th1_0.id,th1_0.amount_paid,th1_0.customer,th1_0.customer_number,th1_0.product_id,th1_0.serial_number,th1_0.status,th1_0.timestamp,th1_0.transaction_id,th1_0.purchaser from transaction_history th1_0 left join user u1_0 on u1_0.id=th1_0.purchaser where u1_0.id=? order by th1_0.timestamp desc
2026-08-13T15:27:21.277+07:00 DEBUG 16492 --- [nio-8080-exec-1] org.hibernate.SQL                        : select p1_0.id,c1_0.id,c1_0.code,c1_0.type,p1_0.description,p1_0.product_name,p1_0.price,p2_0.id,p2_0.logo,p2_0.name,p1_0.stock from product p1_0 left join category c1_0 on c1_0.id=p1_0.category_id left join provider p2_0 on p2_0.id=p1_0.provider_id where p1_0.id=?
2026-08-13T15:27:21.278+07:00 DEBUG 16492 --- [nio-8080-exec-1] org.hibernate.SQL                        : select p1_0.id,c1_0.id,c1_0.code,c1_0.type,p1_0.description,p1_0.product_name,p1_0.price,p2_0.id,p2_0.logo,p2_0.name,p1_0.stock from product p1_0 left join category c1_0 on c1_0.id=p1_0.category_id left join provider p2_0 on p2_0.id=p1_0.provider_id where p1_0.id=?
2026-08-13T15:27:21.280+07:00 DEBUG 16492 --- [nio-8080-exec-1] org.hibernate.SQL                        : select tu1_0.id,tu1_0.amount,tu1_0.date,tu1_0.status,tu1_0.user_id from top_up tu1_0 left join user u1_0 on u1_0.id=tu1_0.user_id where u1_0.id=? order by tu1_0.date desc
2026-08-13T15:27:22.740+07:00 DEBUG 16492 --- [nio-8080-exec-4] org.hibernate.SQL                        : select u1_0.id,u1_0.balance,u1_0.created_at,u1_0.password,u1_0.phone_number,u1_0.recovery_key,u1_0.role,u1_0.status,u1_0.username from user u1_0 where u1_0.username=?
[SCHEDULER] Checking pending Top Up requests...
2026-08-13T15:28:09.381+07:00 DEBUG 16492 --- [   scheduling-1] org.hibernate.SQL                        : select tu1_0.id,tu1_0.amount,tu1_0.date,tu1_0.status,tu1_0.user_id from top_up tu1_0 where tu1_0.status=?
[SCHEDULER] Checking pending Top Up requests...
2026-08-13T15:29:09.383+07:00 DEBUG 16492 --- [   scheduling-1] org.hibernate.SQL                        : select tu1_0.id,tu1_0.amount,tu1_0.date,tu1_0.status,tu1_0.user_id from top_up tu1_0 where tu1_0.status=?
[SCHEDULER] Checking pending Top Up requests...
2026-08-13T15:30:09.387+07:00 DEBUG 16492 --- [   scheduling-1] org.hibernate.SQL                        : select tu1_0.id,tu1_0.amount,tu1_0.date,tu1_0.status,tu1_0.user_id from top_up tu1_0 where tu1_0.status=?
[SCHEDULER] Checking pending Top Up requests...
2026-08-13T15:31:09.383+07:00 DEBUG 16492 --- [   scheduling-1] org.hibernate.SQL                        : select tu1_0.id,tu1_0.amount,tu1_0.date,tu1_0.status,tu1_0.user_id from top_up tu1_0 where tu1_0.status=?
[SCHEDULER] Checking pending Top Up requests...
2026-08-13T15:32:09.390+07:00 DEBUG 16492 --- [   scheduling-1] org.hibernate.SQL                        : select tu1_0.id,tu1_0.amount,tu1_0.date,tu1_0.status,tu1_0.user_id from top_up tu1_0 where tu1_0.status=?
[SCHEDULER] Checking pending Top Up requests...
2026-08-13T15:33:09.380+07:00 DEBUG 16492 --- [   scheduling-1] org.hibernate.SQL                        : select tu1_0.id,tu1_0.amount,tu1_0.date,tu1_0.status,tu1_0.user_id from top_up tu1_0 where tu1_0.status=?
[SCHEDULER] Checking pending Top Up requests...
2026-08-13T15:34:09.382+07:00 DEBUG 16492 --- [   scheduling-1] org.hibernate.SQL                        : select tu1_0.id,tu1_0.amount,tu1_0.date,tu1_0.status,tu1_0.user_id from top_up tu1_0 where tu1_0.status=?
[SCHEDULER] Checking pending Top Up requests...
2026-08-13T15:35:09.379+07:00 DEBUG 16492 --- [   scheduling-1] org.hibernate.SQL                        : select tu1_0.id,tu1_0.amount,tu1_0.date,tu1_0.status,tu1_0.user_id from top_up tu1_0 where tu1_0.status=?
[SCHEDULER] Checking pending Top Up requests...
2026-08-13T15:36:09.384+07:00 DEBUG 16492 --- [   scheduling-1] org.hibernate.SQL                        : select tu1_0.id,tu1_0.amount,tu1_0.date,tu1_0.status,tu1_0.user_id from top_up tu1_0 where tu1_0.status=?
[SCHEDULER] Checking pending Top Up requests...
2026-08-13T15:37:09.389+07:00 DEBUG 16492 --- [   scheduling-1] org.hibernate.SQL                        : select tu1_0.id,tu1_0.amount,tu1_0.date,tu1_0.status,tu1_0.user_id from top_up tu1_0 where tu1_0.status=?
[SCHEDULER] Checking pending Top Up requests...
2026-08-13T15:38:09.380+07:00 DEBUG 16492 --- [   scheduling-1] org.hibernate.SQL                        : select tu1_0.id,tu1_0.amount,tu1_0.date,tu1_0.status,tu1_0.user_id from top_up tu1_0 where tu1_0.status=?
[SCHEDULER] Checking pending Top Up requests...
2026-08-13T15:39:09.379+07:00 DEBUG 16492 --- [   scheduling-1] org.hibernate.SQL                        : select tu1_0.id,tu1_0.amount,tu1_0.date,tu1_0.status,tu1_0.user_id from top_up tu1_0 where tu1_0.status=?
[SCHEDULER] Checking pending Top Up requests...
2026-08-13T15:40:09.390+07:00 DEBUG 16492 --- [   scheduling-1] org.hibernate.SQL                        : select tu1_0.id,tu1_0.amount,tu1_0.date,tu1_0.status,tu1_0.user_id from top_up tu1_0 where tu1_0.status=?
[SCHEDULER] Checking pending Top Up requests...
2026-08-13T15:41:09.377+07:00 DEBUG 16492 --- [   scheduling-1] org.hibernate.SQL                        : select tu1_0.id,tu1_0.amount,tu1_0.date,tu1_0.status,tu1_0.user_id from top_up tu1_0 where tu1_0.status=?
[SCHEDULER] Checking pending Top Up requests...
2026-08-13T15:42:09.380+07:00 DEBUG 16492 --- [   scheduling-1] org.hibernate.SQL                        : select tu1_0.id,tu1_0.amount,tu1_0.date,tu1_0.status,tu1_0.user_id from top_up tu1_0 where tu1_0.status=?
[SCHEDULER] Checking pending Top Up requests...
2026-08-13T15:43:09.380+07:00 DEBUG 16492 --- [   scheduling-1] org.hibernate.SQL                        : select tu1_0.id,tu1_0.amount,tu1_0.date,tu1_0.status,tu1_0.user_id from top_up tu1_0 where tu1_0.status=?
[SCHEDULER] Checking pending Top Up requests...
2026-08-13T15:44:09.378+07:00 DEBUG 16492 --- [   scheduling-1] org.hibernate.SQL                        : select tu1_0.id,tu1_0.amount,tu1_0.date,tu1_0.status,tu1_0.user_id from top_up tu1_0 where tu1_0.status=?
[SCHEDULER] Checking pending Top Up requests...
2026-08-13T15:45:09.382+07:00 DEBUG 16492 --- [   scheduling-1] org.hibernate.SQL                        : select tu1_0.id,tu1_0.amount,tu1_0.date,tu1_0.status,tu1_0.user_id from top_up tu1_0 where tu1_0.status=?
[SCHEDULER] Checking pending Top Up requests...
2026-08-13T15:46:09.381+07:00 DEBUG 16492 --- [   scheduling-1] org.hibernate.SQL                        : select tu1_0.id,tu1_0.amount,tu1_0.date,tu1_0.status,tu1_0.user_id from top_up tu1_0 where tu1_0.status=?
[SCHEDULER] Checking pending Top Up requests...
2026-08-13T15:47:09.379+07:00 DEBUG 16492 --- [   scheduling-1] org.hibernate.SQL                        : select tu1_0.id,tu1_0.amount,tu1_0.date,tu1_0.status,tu1_0.user_id from top_up tu1_0 where tu1_0.status=?
[SCHEDULER] Checking pending Top Up requests...
2026-08-13T15:48:09.378+07:00 DEBUG 16492 --- [   scheduling-1] org.hibernate.SQL                        : select tu1_0.id,tu1_0.amount,tu1_0.date,tu1_0.status,tu1_0.user_id from top_up tu1_0 where tu1_0.status=?
[SCHEDULER] Checking pending Top Up requests...
2026-08-13T17:19:32.579+07:00 DEBUG 16492 --- [   scheduling-1] org.hibernate.SQL                        : select tu1_0.id,tu1_0.amount,tu1_0.date,tu1_0.status,tu1_0.user_id from top_up tu1_0 where tu1_0.status=?
[SCHEDULER] Checking pending Top Up requests...
2026-08-13T17:19:32.583+07:00 DEBUG 16492 --- [   scheduling-1] org.hibernate.SQL                        : select tu1_0.id,tu1_0.amount,tu1_0.date,tu1_0.status,tu1_0.user_id from top_up tu1_0 where tu1_0.status=?
[SCHEDULER] Checking pending Top Up requests...
2026-08-13T17:19:32.586+07:00 DEBUG 16492 --- [   scheduling-1] org.hibernate.SQL                        : select tu1_0.id,tu1_0.amount,tu1_0.date,tu1_0.status,tu1_0.user_id from top_up tu1_0 where tu1_0.status=?
[SCHEDULER] Checking pending Top Up requests...
2026-08-13T17:19:32.589+07:00 DEBUG 16492 --- [   scheduling-1] org.hibernate.SQL                        : select tu1_0.id,tu1_0.amount,tu1_0.date,tu1_0.status,tu1_0.user_id from top_up tu1_0 where tu1_0.status=?
[SCHEDULER] Checking pending Top Up requests...
2026-08-13T17:19:32.592+07:00 DEBUG 16492 --- [   scheduling-1] org.hibernate.SQL                        : select tu1_0.id,tu1_0.amount,tu1_0.date,tu1_0.status,tu1_0.user_id from top_up tu1_0 where tu1_0.status=?
[SCHEDULER] Checking pending Top Up requests...
2026-08-13T17:19:32.593+07:00 DEBUG 16492 --- [   scheduling-1] org.hibernate.SQL                        : select tu1_0.id,tu1_0.amount,tu1_0.date,tu1_0.status,tu1_0.user_id from top_up tu1_0 where tu1_0.status=?
[SCHEDULER] Checking pending Top Up requests...
2026-08-13T17:19:32.598+07:00 DEBUG 16492 --- [   scheduling-1] org.hibernate.SQL                        : select tu1_0.id,tu1_0.amount,tu1_0.date,tu1_0.status,tu1_0.user_id from top_up tu1_0 where tu1_0.status=?
[SCHEDULER] Checking pending Top Up requests...
2026-08-13T17:19:32.598+07:00 DEBUG 16492 --- [   scheduling-1] org.hibernate.SQL                        : select tu1_0.id,tu1_0.amount,tu1_0.date,tu1_0.status,tu1_0.user_id from top_up tu1_0 where tu1_0.status=?
[SCHEDULER] Checking pending Top Up requests...
2026-08-13T17:19:32.601+07:00 DEBUG 16492 --- [   scheduling-1] org.hibernate.SQL                        : select tu1_0.id,tu1_0.amount,tu1_0.date,tu1_0.status,tu1_0.user_id from top_up tu1_0 where tu1_0.status=?
[SCHEDULER] Checking pending Top Up requests...
2026-08-13T17:19:32.601+07:00 DEBUG 16492 --- [   scheduling-1] org.hibernate.SQL                        : select tu1_0.id,tu1_0.amount,tu1_0.date,tu1_0.status,tu1_0.user_id from top_up tu1_0 where tu1_0.status=?
[SCHEDULER] Checking pending Top Up requests...
2026-08-13T17:19:32.601+07:00 DEBUG 16492 --- [   scheduling-1] org.hibernate.SQL                        : select tu1_0.id,tu1_0.amount,tu1_0.date,tu1_0.status,tu1_0.user_id from top_up tu1_0 where tu1_0.status=?
[SCHEDULER] Checking pending Top Up requests...
2026-08-13T17:19:32.601+07:00 DEBUG 16492 --- [   scheduling-1] org.hibernate.SQL                        : select tu1_0.id,tu1_0.amount,tu1_0.date,tu1_0.status,tu1_0.user_id from top_up tu1_0 where tu1_0.status=?
[SCHEDULER] Checking pending Top Up requests...
2026-08-13T17:19:32.609+07:00 DEBUG 16492 --- [   scheduling-1] org.hibernate.SQL                        : select tu1_0.id,tu1_0.amount,tu1_0.date,tu1_0.status,tu1_0.user_id from top_up tu1_0 where tu1_0.status=?
[SCHEDULER] Checking pending Top Up requests...
2026-08-13T17:19:32.609+07:00 DEBUG 16492 --- [   scheduling-1] org.hibernate.SQL                        : select tu1_0.id,tu1_0.amount,tu1_0.date,tu1_0.status,tu1_0.user_id from top_up tu1_0 where tu1_0.status=?
[SCHEDULER] Checking pending Top Up requests...
2026-08-13T17:19:32.609+07:00 DEBUG 16492 --- [   scheduling-1] org.hibernate.SQL                        : select tu1_0.id,tu1_0.amount,tu1_0.date,tu1_0.status,tu1_0.user_id from top_up tu1_0 where tu1_0.status=?
[SCHEDULER] Checking pending Top Up requests...
2026-08-13T17:19:32.617+07:00 DEBUG 16492 --- [   scheduling-1] org.hibernate.SQL                        : select tu1_0.id,tu1_0.amount,tu1_0.date,tu1_0.status,tu1_0.user_id from top_up tu1_0 where tu1_0.status=?
[SCHEDULER] Checking pending Top Up requests...
2026-08-13T17:19:32.617+07:00 DEBUG 16492 --- [   scheduling-1] org.hibernate.SQL                        : select tu1_0.id,tu1_0.amount,tu1_0.date,tu1_0.status,tu1_0.user_id from top_up tu1_0 where tu1_0.status=?
[SCHEDULER] Checking pending Top Up requests...
2026-08-13T17:19:32.625+07:00 DEBUG 16492 --- [   scheduling-1] org.hibernate.SQL                        : select tu1_0.id,tu1_0.amount,tu1_0.date,tu1_0.status,tu1_0.user_id from top_up tu1_0 where tu1_0.status=?
[SCHEDULER] Checking pending Top Up requests...
2026-08-13T17:19:32.632+07:00 DEBUG 16492 --- [   scheduling-1] org.hibernate.SQL                        : select tu1_0.id,tu1_0.amount,tu1_0.date,tu1_0.status,tu1_0.user_id from top_up tu1_0 where tu1_0.status=?
[SCHEDULER] Checking pending Top Up requests...
2026-08-13T17:19:32.640+07:00 DEBUG 16492 --- [   scheduling-1] org.hibernate.SQL                        : select tu1_0.id,tu1_0.amount,tu1_0.date,tu1_0.status,tu1_0.user_id from top_up tu1_0 where tu1_0.status=?
[SCHEDULER] Checking pending Top Up requests...
2026-08-13T17:19:32.642+07:00 DEBUG 16492 --- [   scheduling-1] org.hibernate.SQL                        : select tu1_0.id,tu1_0.amount,tu1_0.date,tu1_0.status,tu1_0.user_id from top_up tu1_0 where tu1_0.status=?
[SCHEDULER] Checking pending Top Up requests...
2026-08-13T17:19:32.644+07:00 DEBUG 16492 --- [   scheduling-1] org.hibernate.SQL                        : select tu1_0.id,tu1_0.amount,tu1_0.date,tu1_0.status,tu1_0.user_id from top_up tu1_0 where tu1_0.status=?
[SCHEDULER] Checking pending Top Up requests...
2026-08-13T17:19:32.648+07:00 DEBUG 16492 --- [   scheduling-1] org.hibernate.SQL                        : select tu1_0.id,tu1_0.amount,tu1_0.date,tu1_0.status,tu1_0.user_id from top_up tu1_0 where tu1_0.status=?
[SCHEDULER] Checking pending Top Up requests...
2026-08-13T17:19:32.650+07:00 DEBUG 16492 --- [   scheduling-1] org.hibernate.SQL                        : select tu1_0.id,tu1_0.amount,tu1_0.date,tu1_0.status,tu1_0.user_id from top_up tu1_0 where tu1_0.status=?
[SCHEDULER] Checking pending Top Up requests...
2026-08-13T17:19:32.652+07:00 DEBUG 16492 --- [   scheduling-1] org.hibernate.SQL                        : select tu1_0.id,tu1_0.amount,tu1_0.date,tu1_0.status,tu1_0.user_id from top_up tu1_0 where tu1_0.status=?
[SCHEDULER] Checking pending Top Up requests...
2026-08-13T17:19:32.658+07:00 DEBUG 16492 --- [   scheduling-1] org.hibernate.SQL                        : select tu1_0.id,tu1_0.amount,tu1_0.date,tu1_0.status,tu1_0.user_id from top_up tu1_0 where tu1_0.status=?
[SCHEDULER] Checking pending Top Up requests...
2026-08-13T17:19:32.660+07:00 DEBUG 16492 --- [   scheduling-1] org.hibernate.SQL                        : select tu1_0.id,tu1_0.amount,tu1_0.date,tu1_0.status,tu1_0.user_id from top_up tu1_0 where tu1_0.status=?
[SCHEDULER] Checking pending Top Up requests...
2026-08-13T17:19:32.660+07:00 DEBUG 16492 --- [   scheduling-1] org.hibernate.SQL                        : select tu1_0.id,tu1_0.amount,tu1_0.date,tu1_0.status,tu1_0.user_id from top_up tu1_0 where tu1_0.status=?
[SCHEDULER] Checking pending Top Up requests...
2026-08-13T17:19:32.660+07:00 DEBUG 16492 --- [   scheduling-1] org.hibernate.SQL                        : select tu1_0.id,tu1_0.amount,tu1_0.date,tu1_0.status,tu1_0.user_id from top_up tu1_0 where tu1_0.status=?
[SCHEDULER] Checking pending Top Up requests...
2026-08-13T17:19:32.666+07:00 DEBUG 16492 --- [   scheduling-1] org.hibernate.SQL                        : select tu1_0.id,tu1_0.amount,tu1_0.date,tu1_0.status,tu1_0.user_id from top_up tu1_0 where tu1_0.status=?
[SCHEDULER] Checking pending Top Up requests...
2026-08-13T17:19:32.666+07:00 DEBUG 16492 --- [   scheduling-1] org.hibernate.SQL                        : select tu1_0.id,tu1_0.amount,tu1_0.date,tu1_0.status,tu1_0.user_id from top_up tu1_0 where tu1_0.status=?
[SCHEDULER] Checking pending Top Up requests...
2026-08-13T17:19:32.675+07:00 DEBUG 16492 --- [   scheduling-1] org.hibernate.SQL                        : select tu1_0.id,tu1_0.amount,tu1_0.date,tu1_0.status,tu1_0.user_id from top_up tu1_0 where tu1_0.status=?
[SCHEDULER] Checking pending Top Up requests...
2026-08-13T17:19:32.677+07:00 DEBUG 16492 --- [   scheduling-1] org.hibernate.SQL                        : select tu1_0.id,tu1_0.amount,tu1_0.date,tu1_0.status,tu1_0.user_id from top_up tu1_0 where tu1_0.status=?
[SCHEDULER] Checking pending Top Up requests...
2026-08-13T17:19:32.679+07:00 DEBUG 16492 --- [   scheduling-1] org.hibernate.SQL                        : select tu1_0.id,tu1_0.amount,tu1_0.date,tu1_0.status,tu1_0.user_id from top_up tu1_0 where tu1_0.status=?
[SCHEDULER] Checking pending Top Up requests...
2026-08-13T17:19:32.683+07:00 DEBUG 16492 --- [   scheduling-1] org.hibernate.SQL                        : select tu1_0.id,tu1_0.amount,tu1_0.date,tu1_0.status,tu1_0.user_id from top_up tu1_0 where tu1_0.status=?
[SCHEDULER] Checking pending Top Up requests...
2026-08-13T17:19:32.685+07:00 DEBUG 16492 --- [   scheduling-1] org.hibernate.SQL                        : select tu1_0.id,tu1_0.amount,tu1_0.date,tu1_0.status,tu1_0.user_id from top_up tu1_0 where tu1_0.status=?
[SCHEDULER] Checking pending Top Up requests...
2026-08-13T17:19:32.689+07:00 DEBUG 16492 --- [   scheduling-1] org.hibernate.SQL                        : select tu1_0.id,tu1_0.amount,tu1_0.date,tu1_0.status,tu1_0.user_id from top_up tu1_0 where tu1_0.status=?
[SCHEDULER] Checking pending Top Up requests...
2026-08-13T17:19:32.691+07:00 DEBUG 16492 --- [   scheduling-1] org.hibernate.SQL                        : select tu1_0.id,tu1_0.amount,tu1_0.date,tu1_0.status,tu1_0.user_id from top_up tu1_0 where tu1_0.status=?
[SCHEDULER] Checking pending Top Up requests...
2026-08-13T17:19:32.695+07:00 DEBUG 16492 --- [   scheduling-1] org.hibernate.SQL                        : select tu1_0.id,tu1_0.amount,tu1_0.date,tu1_0.status,tu1_0.user_id from top_up tu1_0 where tu1_0.status=?
[SCHEDULER] Checking pending Top Up requests...
2026-08-13T17:19:32.699+07:00 DEBUG 16492 --- [   scheduling-1] org.hibernate.SQL                        : select tu1_0.id,tu1_0.amount,tu1_0.date,tu1_0.status,tu1_0.user_id from top_up tu1_0 where tu1_0.status=?
[SCHEDULER] Checking pending Top Up requests...
2026-08-13T17:19:32.701+07:00 DEBUG 16492 --- [   scheduling-1] org.hibernate.SQL                        : select tu1_0.id,tu1_0.amount,tu1_0.date,tu1_0.status,tu1_0.user_id from top_up tu1_0 where tu1_0.status=?
[SCHEDULER] Checking pending Top Up requests...
2026-08-13T17:19:32.703+07:00 DEBUG 16492 --- [   scheduling-1] org.hibernate.SQL                        : select tu1_0.id,tu1_0.amount,tu1_0.date,tu1_0.status,tu1_0.user_id from top_up tu1_0 where tu1_0.status=?
[SCHEDULER] Checking pending Top Up requests...
2026-08-13T17:19:32.705+07:00 DEBUG 16492 --- [   scheduling-1] org.hibernate.SQL                        : select tu1_0.id,tu1_0.amount,tu1_0.date,tu1_0.status,tu1_0.user_id from top_up tu1_0 where tu1_0.status=?
[SCHEDULER] Checking pending Top Up requests...
2026-08-13T17:19:32.707+07:00 DEBUG 16492 --- [   scheduling-1] org.hibernate.SQL                        : select tu1_0.id,tu1_0.amount,tu1_0.date,tu1_0.status,tu1_0.user_id from top_up tu1_0 where tu1_0.status=?
[SCHEDULER] Checking pending Top Up requests...
2026-08-13T17:19:32.711+07:00 DEBUG 16492 --- [   scheduling-1] org.hibernate.SQL                        : select tu1_0.id,tu1_0.amount,tu1_0.date,tu1_0.status,tu1_0.user_id from top_up tu1_0 where tu1_0.status=?
[SCHEDULER] Checking pending Top Up requests...
2026-08-13T17:19:32.712+07:00 DEBUG 16492 --- [   scheduling-1] org.hibernate.SQL                        : select tu1_0.id,tu1_0.amount,tu1_0.date,tu1_0.status,tu1_0.user_id from top_up tu1_0 where tu1_0.status=?
[SCHEDULER] Checking pending Top Up requests...
2026-08-13T17:19:32.716+07:00 DEBUG 16492 --- [   scheduling-1] org.hibernate.SQL                        : select tu1_0.id,tu1_0.amount,tu1_0.date,tu1_0.status,tu1_0.user_id from top_up tu1_0 where tu1_0.status=?
[SCHEDULER] Checking pending Top Up requests...
2026-08-13T17:19:32.716+07:00 DEBUG 16492 --- [   scheduling-1] org.hibernate.SQL                        : select tu1_0.id,tu1_0.amount,tu1_0.date,tu1_0.status,tu1_0.user_id from top_up tu1_0 where tu1_0.status=?
[SCHEDULER] Checking pending Top Up requests...
2026-08-13T17:19:32.716+07:00 DEBUG 16492 --- [   scheduling-1] org.hibernate.SQL                        : select tu1_0.id,tu1_0.amount,tu1_0.date,tu1_0.status,tu1_0.user_id from top_up tu1_0 where tu1_0.status=?
[SCHEDULER] Checking pending Top Up requests...
2026-08-13T17:19:32.724+07:00 DEBUG 16492 --- [   scheduling-1] org.hibernate.SQL                        : select tu1_0.id,tu1_0.amount,tu1_0.date,tu1_0.status,tu1_0.user_id from top_up tu1_0 where tu1_0.status=?
[SCHEDULER] Checking pending Top Up requests...
2026-08-13T17:19:32.724+07:00 DEBUG 16492 --- [   scheduling-1] org.hibernate.SQL                        : select tu1_0.id,tu1_0.amount,tu1_0.date,tu1_0.status,tu1_0.user_id from top_up tu1_0 where tu1_0.status=?
[SCHEDULER] Checking pending Top Up requests...
2026-08-13T17:19:32.724+07:00 DEBUG 16492 --- [   scheduling-1] org.hibernate.SQL                        : select tu1_0.id,tu1_0.amount,tu1_0.date,tu1_0.status,tu1_0.user_id from top_up tu1_0 where tu1_0.status=?
[SCHEDULER] Checking pending Top Up requests...
2026-08-13T17:19:32.724+07:00 DEBUG 16492 --- [   scheduling-1] org.hibernate.SQL                        : select tu1_0.id,tu1_0.amount,tu1_0.date,tu1_0.status,tu1_0.user_id from top_up tu1_0 where tu1_0.status=?
2026-08-13T17:19:32.732+07:00  WARN 16492 --- [l-3 housekeeper] com.zaxxer.hikari.pool.HikariPool        : HikariPool-3 - Thread starvation or clock leap detected (housekeeper delta=1h30m53s198ms5µs900ns).
[SCHEDULER] Checking pending Top Up requests...
2026-08-13T17:19:32.732+07:00 DEBUG 16492 --- [   scheduling-1] org.hibernate.SQL                        : select tu1_0.id,tu1_0.amount,tu1_0.date,tu1_0.status,tu1_0.user_id from top_up tu1_0 where tu1_0.status=?
[SCHEDULER] Checking pending Top Up requests...
2026-08-13T17:19:32.740+07:00 DEBUG 16492 --- [   scheduling-1] org.hibernate.SQL                        : select tu1_0.id,tu1_0.amount,tu1_0.date,tu1_0.status,tu1_0.user_id from top_up tu1_0 where tu1_0.status=?
[SCHEDULER] Checking pending Top Up requests...
2026-08-13T17:19:32.740+07:00 DEBUG 16492 --- [   scheduling-1] org.hibernate.SQL                        : select tu1_0.id,tu1_0.amount,tu1_0.date,tu1_0.status,tu1_0.user_id from top_up tu1_0 where tu1_0.status=?
[SCHEDULER] Checking pending Top Up requests...
2026-08-13T17:19:32.740+07:00 DEBUG 16492 --- [   scheduling-1] org.hibernate.SQL                        : select tu1_0.id,tu1_0.amount,tu1_0.date,tu1_0.status,tu1_0.user_id from top_up tu1_0 where tu1_0.status=?
[SCHEDULER] Checking pending Top Up requests...
2026-08-13T17:19:32.740+07:00 DEBUG 16492 --- [   scheduling-1] org.hibernate.SQL                        : select tu1_0.id,tu1_0.amount,tu1_0.date,tu1_0.status,tu1_0.user_id from top_up tu1_0 where tu1_0.status=?
[SCHEDULER] Checking pending Top Up requests...
2026-08-13T17:19:32.749+07:00 DEBUG 16492 --- [   scheduling-1] org.hibernate.SQL                        : select tu1_0.id,tu1_0.amount,tu1_0.date,tu1_0.status,tu1_0.user_id from top_up tu1_0 where tu1_0.status=?
[SCHEDULER] Checking pending Top Up requests...
2026-08-13T17:19:32.752+07:00 DEBUG 16492 --- [   scheduling-1] org.hibernate.SQL                        : select tu1_0.id,tu1_0.amount,tu1_0.date,tu1_0.status,tu1_0.user_id from top_up tu1_0 where tu1_0.status=?
[SCHEDULER] Checking pending Top Up requests...
2026-08-13T17:19:32.752+07:00 DEBUG 16492 --- [   scheduling-1] org.hibernate.SQL                        : select tu1_0.id,tu1_0.amount,tu1_0.date,tu1_0.status,tu1_0.user_id from top_up tu1_0 where tu1_0.status=?
[SCHEDULER] Checking pending Top Up requests...
2026-08-13T17:19:32.752+07:00 DEBUG 16492 --- [   scheduling-1] org.hibernate.SQL                        : select tu1_0.id,tu1_0.amount,tu1_0.date,tu1_0.status,tu1_0.user_id from top_up tu1_0 where tu1_0.status=?
[SCHEDULER] Checking pending Top Up requests...
2026-08-13T17:19:32.757+07:00 DEBUG 16492 --- [   scheduling-1] org.hibernate.SQL                        : select tu1_0.id,tu1_0.amount,tu1_0.date,tu1_0.status,tu1_0.user_id from top_up tu1_0 where tu1_0.status=?
[SCHEDULER] Checking pending Top Up requests...
2026-08-13T17:19:32.757+07:00 DEBUG 16492 --- [   scheduling-1] org.hibernate.SQL                        : select tu1_0.id,tu1_0.amount,tu1_0.date,tu1_0.status,tu1_0.user_id from top_up tu1_0 where tu1_0.status=?
[SCHEDULER] Checking pending Top Up requests...
2026-08-13T17:19:32.757+07:00 DEBUG 16492 --- [   scheduling-1] org.hibernate.SQL                        : select tu1_0.id,tu1_0.amount,tu1_0.date,tu1_0.status,tu1_0.user_id from top_up tu1_0 where tu1_0.status=?
[SCHEDULER] Checking pending Top Up requests...
2026-08-13T17:19:32.757+07:00 DEBUG 16492 --- [   scheduling-1] org.hibernate.SQL                        : select tu1_0.id,tu1_0.amount,tu1_0.date,tu1_0.status,tu1_0.user_id from top_up tu1_0 where tu1_0.status=?
[SCHEDULER] Checking pending Top Up requests...
2026-08-13T17:19:32.766+07:00 DEBUG 16492 --- [   scheduling-1] org.hibernate.SQL                        : select tu1_0.id,tu1_0.amount,tu1_0.date,tu1_0.status,tu1_0.user_id from top_up tu1_0 where tu1_0.status=?
[SCHEDULER] Checking pending Top Up requests...
2026-08-13T17:19:32.766+07:00 DEBUG 16492 --- [   scheduling-1] org.hibernate.SQL                        : select tu1_0.id,tu1_0.amount,tu1_0.date,tu1_0.status,tu1_0.user_id from top_up tu1_0 where tu1_0.status=?
[SCHEDULER] Checking pending Top Up requests...
2026-08-13T17:19:32.766+07:00 DEBUG 16492 --- [   scheduling-1] org.hibernate.SQL                        : select tu1_0.id,tu1_0.amount,tu1_0.date,tu1_0.status,tu1_0.user_id from top_up tu1_0 where tu1_0.status=?
[SCHEDULER] Checking pending Top Up requests...
2026-08-13T17:19:32.766+07:00 DEBUG 16492 --- [   scheduling-1] org.hibernate.SQL                        : select tu1_0.id,tu1_0.amount,tu1_0.date,tu1_0.status,tu1_0.user_id from top_up tu1_0 where tu1_0.status=?
[SCHEDULER] Checking pending Top Up requests...
2026-08-13T17:19:32.774+07:00 DEBUG 16492 --- [   scheduling-1] org.hibernate.SQL                        : select tu1_0.id,tu1_0.amount,tu1_0.date,tu1_0.status,tu1_0.user_id from top_up tu1_0 where tu1_0.status=?
[SCHEDULER] Checking pending Top Up requests...
2026-08-13T17:19:32.774+07:00 DEBUG 16492 --- [   scheduling-1] org.hibernate.SQL                        : select tu1_0.id,tu1_0.amount,tu1_0.date,tu1_0.status,tu1_0.user_id from top_up tu1_0 where tu1_0.status=?
[SCHEDULER] Checking pending Top Up requests...
2026-08-13T17:19:32.774+07:00 DEBUG 16492 --- [   scheduling-1] org.hibernate.SQL                        : select tu1_0.id,tu1_0.amount,tu1_0.date,tu1_0.status,tu1_0.user_id from top_up tu1_0 where tu1_0.status=?
[SCHEDULER] Checking pending Top Up requests...
2026-08-13T17:19:32.774+07:00 DEBUG 16492 --- [   scheduling-1] org.hibernate.SQL                        : select tu1_0.id,tu1_0.amount,tu1_0.date,tu1_0.status,tu1_0.user_id from top_up tu1_0 where tu1_0.status=?
[SCHEDULER] Checking pending Top Up requests...
2026-08-13T17:19:32.782+07:00 DEBUG 16492 --- [   scheduling-1] org.hibernate.SQL                        : select tu1_0.id,tu1_0.amount,tu1_0.date,tu1_0.status,tu1_0.user_id from top_up tu1_0 where tu1_0.status=?
[SCHEDULER] Checking pending Top Up requests...
2026-08-13T17:19:32.782+07:00 DEBUG 16492 --- [   scheduling-1] org.hibernate.SQL                        : select tu1_0.id,tu1_0.amount,tu1_0.date,tu1_0.status,tu1_0.user_id from top_up tu1_0 where tu1_0.status=?
[SCHEDULER] Checking pending Top Up requests...
2026-08-13T17:19:32.788+07:00 DEBUG 16492 --- [   scheduling-1] org.hibernate.SQL                        : select tu1_0.id,tu1_0.amount,tu1_0.date,tu1_0.status,tu1_0.user_id from top_up tu1_0 where tu1_0.status=?
[SCHEDULER] Checking pending Top Up requests...
2026-08-13T17:19:32.790+07:00 DEBUG 16492 --- [   scheduling-1] org.hibernate.SQL                        : select tu1_0.id,tu1_0.amount,tu1_0.date,tu1_0.status,tu1_0.user_id from top_up tu1_0 where tu1_0.status=?
[SCHEDULER] Checking pending Top Up requests...
2026-08-13T17:19:32.790+07:00 DEBUG 16492 --- [   scheduling-1] org.hibernate.SQL                        : select tu1_0.id,tu1_0.amount,tu1_0.date,tu1_0.status,tu1_0.user_id from top_up tu1_0 where tu1_0.status=?
[SCHEDULER] Checking pending Top Up requests...
2026-08-13T17:19:32.796+07:00 DEBUG 16492 --- [   scheduling-1] org.hibernate.SQL                        : select tu1_0.id,tu1_0.amount,tu1_0.date,tu1_0.status,tu1_0.user_id from top_up tu1_0 where tu1_0.status=?
[SCHEDULER] Checking pending Top Up requests...
2026-08-13T17:19:32.798+07:00 DEBUG 16492 --- [   scheduling-1] org.hibernate.SQL                        : select tu1_0.id,tu1_0.amount,tu1_0.date,tu1_0.status,tu1_0.user_id from top_up tu1_0 where tu1_0.status=?
[SCHEDULER] Checking pending Top Up requests...
2026-08-13T17:19:32.800+07:00 DEBUG 16492 --- [   scheduling-1] org.hibernate.SQL                        : select tu1_0.id,tu1_0.amount,tu1_0.date,tu1_0.status,tu1_0.user_id from top_up tu1_0 where tu1_0.status=?
[SCHEDULER] Checking pending Top Up requests...
2026-08-13T17:19:32.800+07:00 DEBUG 16492 --- [   scheduling-1] org.hibernate.SQL                        : select tu1_0.id,tu1_0.amount,tu1_0.date,tu1_0.status,tu1_0.user_id from top_up tu1_0 where tu1_0.status=?
[SCHEDULER] Checking pending Top Up requests...
2026-08-13T17:19:32.800+07:00 DEBUG 16492 --- [   scheduling-1] org.hibernate.SQL                        : select tu1_0.id,tu1_0.amount,tu1_0.date,tu1_0.status,tu1_0.user_id from top_up tu1_0 where tu1_0.status=?
[SCHEDULER] Checking pending Top Up requests...
2026-08-13T17:19:32.806+07:00 DEBUG 16492 --- [   scheduling-1] org.hibernate.SQL                        : select tu1_0.id,tu1_0.amount,tu1_0.date,tu1_0.status,tu1_0.user_id from top_up tu1_0 where tu1_0.status=?
[SCHEDULER] Checking pending Top Up requests...
2026-08-13T17:19:32.806+07:00 DEBUG 16492 --- [   scheduling-1] org.hibernate.SQL                        : select tu1_0.id,tu1_0.amount,tu1_0.date,tu1_0.status,tu1_0.user_id from top_up tu1_0 where tu1_0.status=?
[SCHEDULER] Checking pending Top Up requests...
2026-08-13T17:19:32.806+07:00 DEBUG 16492 --- [   scheduling-1] org.hibernate.SQL                        : select tu1_0.id,tu1_0.amount,tu1_0.date,tu1_0.status,tu1_0.user_id from top_up tu1_0 where tu1_0.status=?
[SCHEDULER] Checking pending Top Up requests...
2026-08-13T17:19:32.815+07:00 DEBUG 16492 --- [   scheduling-1] org.hibernate.SQL                        : select tu1_0.id,tu1_0.amount,tu1_0.date,tu1_0.status,tu1_0.user_id from top_up tu1_0 where tu1_0.status=?
[SCHEDULER] Checking pending Top Up requests...
2026-08-13T17:19:32.817+07:00 DEBUG 16492 --- [   scheduling-1] org.hibernate.SQL                        : select tu1_0.id,tu1_0.amount,tu1_0.date,tu1_0.status,tu1_0.user_id from top_up tu1_0 where tu1_0.status=?
[SCHEDULER] Checking pending Top Up requests...
2026-08-13T17:19:32.819+07:00 DEBUG 16492 --- [   scheduling-1] org.hibernate.SQL                        : select tu1_0.id,tu1_0.amount,tu1_0.date,tu1_0.status,tu1_0.user_id from top_up tu1_0 where tu1_0.status=?
[SCHEDULER] Checking pending Top Up requests...
2026-08-13T17:19:32.823+07:00 DEBUG 16492 --- [   scheduling-1] org.hibernate.SQL                        : select tu1_0.id,tu1_0.amount,tu1_0.date,tu1_0.status,tu1_0.user_id from top_up tu1_0 where tu1_0.status=?
2026-08-14T00:25:35.399+07:00  WARN 16492 --- [l-3 housekeeper] com.zaxxer.hikari.pool.HikariPool        : HikariPool-3 - Thread starvation or clock leap detected (housekeeper delta=7h6m2s666ms958µs900ns).
[SCHEDULER] Checking pending Top Up requests...
2026-08-14T00:25:42.049+07:00 DEBUG 16492 --- [   scheduling-1] org.hibernate.SQL                        : select tu1_0.id,tu1_0.amount,tu1_0.date,tu1_0.status,tu1_0.user_id from top_up tu1_0 where tu1_0.status=?
[SCHEDULER] Checking pending Top Up requests...
2026-08-14T00:25:42.050+07:00 DEBUG 16492 --- [   scheduling-1] org.hibernate.SQL                        : select tu1_0.id,tu1_0.amount,tu1_0.date,tu1_0.status,tu1_0.user_id from top_up tu1_0 where tu1_0.status=?
[SCHEDULER] Checking pending Top Up requests...
2026-08-14T00:25:42.053+07:00 DEBUG 16492 --- [   scheduling-1] org.hibernate.SQL                        : select tu1_0.id,tu1_0.amount,tu1_0.date,tu1_0.status,tu1_0.user_id from top_up tu1_0 where tu1_0.status=?
[SCHEDULER] Checking pending Top Up requests...
2026-08-14T00:25:42.055+07:00 DEBUG 16492 --- [   scheduling-1] org.hibernate.SQL                        : select tu1_0.id,tu1_0.amount,tu1_0.date,tu1_0.status,tu1_0.user_id from top_up tu1_0 where tu1_0.status=?
[SCHEDULER] Checking pending Top Up requests...
2026-08-14T00:25:42.056+07:00 DEBUG 16492 --- [   scheduling-1] org.hibernate.SQL                        : select tu1_0.id,tu1_0.amount,tu1_0.date,tu1_0.status,tu1_0.user_id from top_up tu1_0 where tu1_0.status=?
[SCHEDULER] Checking pending Top Up requests...
2026-08-14T00:25:42.058+07:00 DEBUG 16492 --- [   scheduling-1] org.hibernate.SQL                        : select tu1_0.id,tu1_0.amount,tu1_0.date,tu1_0.status,tu1_0.user_id from top_up tu1_0 where tu1_0.status=?
[SCHEDULER] Checking pending Top Up requests...
2026-08-14T00:25:42.059+07:00 DEBUG 16492 --- [   scheduling-1] org.hibernate.SQL                        : select tu1_0.id,tu1_0.amount,tu1_0.date,tu1_0.status,tu1_0.user_id from top_up tu1_0 where tu1_0.status=?
[SCHEDULER] Checking pending Top Up requests...
2026-08-14T00:25:42.061+07:00 DEBUG 16492 --- [   scheduling-1] org.hibernate.SQL                        : select tu1_0.id,tu1_0.amount,tu1_0.date,tu1_0.status,tu1_0.user_id from top_up tu1_0 where tu1_0.status=?
[SCHEDULER] Checking pending Top Up requests...
2026-08-14T00:25:42.062+07:00 DEBUG 16492 --- [   scheduling-1] org.hibernate.SQL                        : select tu1_0.id,tu1_0.amount,tu1_0.date,tu1_0.status,tu1_0.user_id from top_up tu1_0 where tu1_0.status=?
[SCHEDULER] Checking pending Top Up requests...
2026-08-14T00:25:42.064+07:00 DEBUG 16492 --- [   scheduling-1] org.hibernate.SQL                        : select tu1_0.id,tu1_0.amount,tu1_0.date,tu1_0.status,tu1_0.user_id from top_up tu1_0 where tu1_0.status=?
[SCHEDULER] Checking pending Top Up requests...
2026-08-14T00:25:42.066+07:00 DEBUG 16492 --- [   scheduling-1] org.hibernate.SQL                        : select tu1_0.id,tu1_0.amount,tu1_0.date,tu1_0.status,tu1_0.user_id from top_up tu1_0 where tu1_0.status=?
[SCHEDULER] Checking pending Top Up requests...
2026-08-14T00:25:42.068+07:00 DEBUG 16492 --- [   scheduling-1] org.hibernate.SQL                        : select tu1_0.id,tu1_0.amount,tu1_0.date,tu1_0.status,tu1_0.user_id from top_up tu1_0 where tu1_0.status=?
[SCHEDULER] Checking pending Top Up requests...
2026-08-14T00:25:42.069+07:00 DEBUG 16492 --- [   scheduling-1] org.hibernate.SQL                        : select tu1_0.id,tu1_0.amount,tu1_0.date,tu1_0.status,tu1_0.user_id from top_up tu1_0 where tu1_0.status=?
[SCHEDULER] Checking pending Top Up requests...
2026-08-14T00:25:42.070+07:00 DEBUG 16492 --- [   scheduling-1] org.hibernate.SQL                        : select tu1_0.id,tu1_0.amount,tu1_0.date,tu1_0.status,tu1_0.user_id from top_up tu1_0 where tu1_0.status=?
[SCHEDULER] Checking pending Top Up requests...
2026-08-14T00:25:42.072+07:00 DEBUG 16492 --- [   scheduling-1] org.hibernate.SQL                        : select tu1_0.id,tu1_0.amount,tu1_0.date,tu1_0.status,tu1_0.user_id from top_up tu1_0 where tu1_0.status=?
[SCHEDULER] Checking pending Top Up requests...
2026-08-14T00:25:42.075+07:00 DEBUG 16492 --- [   scheduling-1] org.hibernate.SQL                        : select tu1_0.id,tu1_0.amount,tu1_0.date,tu1_0.status,tu1_0.user_id from top_up tu1_0 where tu1_0.status=?
[SCHEDULER] Checking pending Top Up requests...
2026-08-14T00:25:42.076+07:00 DEBUG 16492 --- [   scheduling-1] org.hibernate.SQL                        : select tu1_0.id,tu1_0.amount,tu1_0.date,tu1_0.status,tu1_0.user_id from top_up tu1_0 where tu1_0.status=?
[SCHEDULER] Checking pending Top Up requests...
2026-08-14T00:25:42.080+07:00 DEBUG 16492 --- [   scheduling-1] org.hibernate.SQL                        : select tu1_0.id,tu1_0.amount,tu1_0.date,tu1_0.status,tu1_0.user_id from top_up tu1_0 where tu1_0.status=?
[SCHEDULER] Checking pending Top Up requests...
2026-08-14T00:25:42.081+07:00 DEBUG 16492 --- [   scheduling-1] org.hibernate.SQL                        : select tu1_0.id,tu1_0.amount,tu1_0.date,tu1_0.status,tu1_0.user_id from top_up tu1_0 where tu1_0.status=?
[SCHEDULER] Checking pending Top Up requests...
2026-08-14T00:25:42.083+07:00 DEBUG 16492 --- [   scheduling-1] org.hibernate.SQL                        : select tu1_0.id,tu1_0.amount,tu1_0.date,tu1_0.status,tu1_0.user_id from top_up tu1_0 where tu1_0.status=?
[SCHEDULER] Checking pending Top Up requests...
2026-08-14T00:25:42.085+07:00 DEBUG 16492 --- [   scheduling-1] org.hibernate.SQL                        : select tu1_0.id,tu1_0.amount,tu1_0.date,tu1_0.status,tu1_0.user_id from top_up tu1_0 where tu1_0.status=?
[SCHEDULER] Checking pending Top Up requests...
2026-08-14T00:25:42.085+07:00 DEBUG 16492 --- [   scheduling-1] org.hibernate.SQL                        : select tu1_0.id,tu1_0.amount,tu1_0.date,tu1_0.status,tu1_0.user_id from top_up tu1_0 where tu1_0.status=?
[SCHEDULER] Checking pending Top Up requests...
2026-08-14T00:25:42.088+07:00 DEBUG 16492 --- [   scheduling-1] org.hibernate.SQL                        : select tu1_0.id,tu1_0.amount,tu1_0.date,tu1_0.status,tu1_0.user_id from top_up tu1_0 where tu1_0.status=?
[SCHEDULER] Checking pending Top Up requests...
2026-08-14T00:25:42.090+07:00 DEBUG 16492 --- [   scheduling-1] org.hibernate.SQL                        : select tu1_0.id,tu1_0.amount,tu1_0.date,tu1_0.status,tu1_0.user_id from top_up tu1_0 where tu1_0.status=?
[SCHEDULER] Checking pending Top Up requests...
2026-08-14T00:25:42.093+07:00 DEBUG 16492 --- [   scheduling-1] org.hibernate.SQL                        : select tu1_0.id,tu1_0.amount,tu1_0.date,tu1_0.status,tu1_0.user_id from top_up tu1_0 where tu1_0.status=?
[SCHEDULER] Checking pending Top Up requests...
2026-08-14T00:25:42.094+07:00 DEBUG 16492 --- [   scheduling-1] org.hibernate.SQL                        : select tu1_0.id,tu1_0.amount,tu1_0.date,tu1_0.status,tu1_0.user_id from top_up tu1_0 where tu1_0.status=?
[SCHEDULER] Checking pending Top Up requests...
2026-08-14T00:25:42.096+07:00 DEBUG 16492 --- [   scheduling-1] org.hibernate.SQL                        : select tu1_0.id,tu1_0.amount,tu1_0.date,tu1_0.status,tu1_0.user_id from top_up tu1_0 where tu1_0.status=?
[SCHEDULER] Checking pending Top Up requests...
2026-08-14T00:25:42.098+07:00 DEBUG 16492 --- [   scheduling-1] org.hibernate.SQL                        : select tu1_0.id,tu1_0.amount,tu1_0.date,tu1_0.status,tu1_0.user_id from top_up tu1_0 where tu1_0.status=?
[SCHEDULER] Checking pending Top Up requests...
2026-08-14T00:25:42.100+07:00 DEBUG 16492 --- [   scheduling-1] org.hibernate.SQL                        : select tu1_0.id,tu1_0.amount,tu1_0.date,tu1_0.status,tu1_0.user_id from top_up tu1_0 where tu1_0.status=?
[SCHEDULER] Checking pending Top Up requests...
2026-08-14T00:25:42.102+07:00 DEBUG 16492 --- [   scheduling-1] org.hibernate.SQL                        : select tu1_0.id,tu1_0.amount,tu1_0.date,tu1_0.status,tu1_0.user_id from top_up tu1_0 where tu1_0.status=?
[SCHEDULER] Checking pending Top Up requests...
2026-08-14T00:25:42.104+07:00 DEBUG 16492 --- [   scheduling-1] org.hibernate.SQL                        : select tu1_0.id,tu1_0.amount,tu1_0.date,tu1_0.status,tu1_0.user_id from top_up tu1_0 where tu1_0.status=?
[SCHEDULER] Checking pending Top Up requests...
2026-08-14T00:25:42.106+07:00 DEBUG 16492 --- [   scheduling-1] org.hibernate.SQL                        : select tu1_0.id,tu1_0.amount,tu1_0.date,tu1_0.status,tu1_0.user_id from top_up tu1_0 where tu1_0.status=?
[SCHEDULER] Checking pending Top Up requests...
2026-08-14T00:25:42.107+07:00 DEBUG 16492 --- [   scheduling-1] org.hibernate.SQL                        : select tu1_0.id,tu1_0.amount,tu1_0.date,tu1_0.status,tu1_0.user_id from top_up tu1_0 where tu1_0.status=?
[SCHEDULER] Checking pending Top Up requests...
2026-08-14T00:25:42.108+07:00 DEBUG 16492 --- [   scheduling-1] org.hibernate.SQL                        : select tu1_0.id,tu1_0.amount,tu1_0.date,tu1_0.status,tu1_0.user_id from top_up tu1_0 where tu1_0.status=?
[SCHEDULER] Checking pending Top Up requests...
2026-08-14T00:25:42.110+07:00 DEBUG 16492 --- [   scheduling-1] org.hibernate.SQL                        : select tu1_0.id,tu1_0.amount,tu1_0.date,tu1_0.status,tu1_0.user_id from top_up tu1_0 where tu1_0.status=?
[SCHEDULER] Checking pending Top Up requests...
2026-08-14T00:25:42.111+07:00 DEBUG 16492 --- [   scheduling-1] org.hibernate.SQL                        : select tu1_0.id,tu1_0.amount,tu1_0.date,tu1_0.status,tu1_0.user_id from top_up tu1_0 where tu1_0.status=?
[SCHEDULER] Checking pending Top Up requests...
2026-08-14T00:25:42.113+07:00 DEBUG 16492 --- [   scheduling-1] org.hibernate.SQL                        : select tu1_0.id,tu1_0.amount,tu1_0.date,tu1_0.status,tu1_0.user_id from top_up tu1_0 where tu1_0.status=?
[SCHEDULER] Checking pending Top Up requests...
2026-08-14T00:25:42.115+07:00 DEBUG 16492 --- [   scheduling-1] org.hibernate.SQL                        : select tu1_0.id,tu1_0.amount,tu1_0.date,tu1_0.status,tu1_0.user_id from top_up tu1_0 where tu1_0.status=?
[SCHEDULER] Checking pending Top Up requests...
2026-08-14T00:25:42.115+07:00 DEBUG 16492 --- [   scheduling-1] org.hibernate.SQL                        : select tu1_0.id,tu1_0.amount,tu1_0.date,tu1_0.status,tu1_0.user_id from top_up tu1_0 where tu1_0.status=?
[SCHEDULER] Checking pending Top Up requests...
2026-08-14T00:25:42.117+07:00 DEBUG 16492 --- [   scheduling-1] org.hibernate.SQL                        : select tu1_0.id,tu1_0.amount,tu1_0.date,tu1_0.status,tu1_0.user_id from top_up tu1_0 where tu1_0.status=?
[SCHEDULER] Checking pending Top Up requests...
2026-08-14T00:25:42.120+07:00 DEBUG 16492 --- [   scheduling-1] org.hibernate.SQL                        : select tu1_0.id,tu1_0.amount,tu1_0.date,tu1_0.status,tu1_0.user_id from top_up tu1_0 where tu1_0.status=?
[SCHEDULER] Checking pending Top Up requests...
2026-08-14T00:25:42.123+07:00 DEBUG 16492 --- [   scheduling-1] org.hibernate.SQL                        : select tu1_0.id,tu1_0.amount,tu1_0.date,tu1_0.status,tu1_0.user_id from top_up tu1_0 where tu1_0.status=?
[SCHEDULER] Checking pending Top Up requests...
2026-08-14T00:25:42.125+07:00 DEBUG 16492 --- [   scheduling-1] org.hibernate.SQL                        : select tu1_0.id,tu1_0.amount,tu1_0.date,tu1_0.status,tu1_0.user_id from top_up tu1_0 where tu1_0.status=?
[SCHEDULER] Checking pending Top Up requests...
2026-08-14T00:25:42.127+07:00 DEBUG 16492 --- [   scheduling-1] org.hibernate.SQL                        : select tu1_0.id,tu1_0.amount,tu1_0.date,tu1_0.status,tu1_0.user_id from top_up tu1_0 where tu1_0.status=?
[SCHEDULER] Checking pending Top Up requests...
2026-08-14T00:25:42.130+07:00 DEBUG 16492 --- [   scheduling-1] org.hibernate.SQL                        : select tu1_0.id,tu1_0.amount,tu1_0.date,tu1_0.status,tu1_0.user_id from top_up tu1_0 where tu1_0.status=?
[SCHEDULER] Checking pending Top Up requests...
2026-08-14T00:25:42.132+07:00 DEBUG 16492 --- [   scheduling-1] org.hibernate.SQL                        : select tu1_0.id,tu1_0.amount,tu1_0.date,tu1_0.status,tu1_0.user_id from top_up tu1_0 where tu1_0.status=?
[SCHEDULER] Checking pending Top Up requests...
2026-08-14T00:25:42.135+07:00 DEBUG 16492 --- [   scheduling-1] org.hibernate.SQL                        : select tu1_0.id,tu1_0.amount,tu1_0.date,tu1_0.status,tu1_0.user_id from top_up tu1_0 where tu1_0.status=?
[SCHEDULER] Checking pending Top Up requests...
2026-08-14T00:25:42.137+07:00 DEBUG 16492 --- [   scheduling-1] org.hibernate.SQL                        : select tu1_0.id,tu1_0.amount,tu1_0.date,tu1_0.status,tu1_0.user_id from top_up tu1_0 where tu1_0.status=?
[SCHEDULER] Checking pending Top Up requests...
2026-08-14T00:25:42.139+07:00 DEBUG 16492 --- [   scheduling-1] org.hibernate.SQL                        : select tu1_0.id,tu1_0.amount,tu1_0.date,tu1_0.status,tu1_0.user_id from top_up tu1_0 where tu1_0.status=?
[SCHEDULER] Checking pending Top Up requests...
2026-08-14T00:25:42.141+07:00 DEBUG 16492 --- [   scheduling-1] org.hibernate.SQL                        : select tu1_0.id,tu1_0.amount,tu1_0.date,tu1_0.status,tu1_0.user_id from top_up tu1_0 where tu1_0.status=?
[SCHEDULER] Checking pending Top Up requests...
2026-08-14T00:25:42.144+07:00 DEBUG 16492 --- [   scheduling-1] org.hibernate.SQL                        : select tu1_0.id,tu1_0.amount,tu1_0.date,tu1_0.status,tu1_0.user_id from top_up tu1_0 where tu1_0.status=?
[SCHEDULER] Checking pending Top Up requests...
2026-08-14T00:25:42.147+07:00 DEBUG 16492 --- [   scheduling-1] org.hibernate.SQL                        : select tu1_0.id,tu1_0.amount,tu1_0.date,tu1_0.status,tu1_0.user_id from top_up tu1_0 where tu1_0.status=?
[SCHEDULER] Checking pending Top Up requests...
2026-08-14T00:25:42.148+07:00 DEBUG 16492 --- [   scheduling-1] org.hibernate.SQL                        : select tu1_0.id,tu1_0.amount,tu1_0.date,tu1_0.status,tu1_0.user_id from top_up tu1_0 where tu1_0.status=?
[SCHEDULER] Checking pending Top Up requests...
2026-08-14T00:25:42.151+07:00 DEBUG 16492 --- [   scheduling-1] org.hibernate.SQL                        : select tu1_0.id,tu1_0.amount,tu1_0.date,tu1_0.status,tu1_0.user_id from top_up tu1_0 where tu1_0.status=?
[SCHEDULER] Checking pending Top Up requests...
2026-08-14T00:25:42.155+07:00 DEBUG 16492 --- [   scheduling-1] org.hibernate.SQL                        : select tu1_0.id,tu1_0.amount,tu1_0.date,tu1_0.status,tu1_0.user_id from top_up tu1_0 where tu1_0.status=?
[SCHEDULER] Checking pending Top Up requests...
2026-08-14T00:25:42.158+07:00 DEBUG 16492 --- [   scheduling-1] org.hibernate.SQL                        : select tu1_0.id,tu1_0.amount,tu1_0.date,tu1_0.status,tu1_0.user_id from top_up tu1_0 where tu1_0.status=?
[SCHEDULER] Checking pending Top Up requests...
2026-08-14T00:25:42.161+07:00 DEBUG 16492 --- [   scheduling-1] org.hibernate.SQL                        : select tu1_0.id,tu1_0.amount,tu1_0.date,tu1_0.status,tu1_0.user_id from top_up tu1_0 where tu1_0.status=?
[SCHEDULER] Checking pending Top Up requests...
2026-08-14T00:25:42.163+07:00 DEBUG 16492 --- [   scheduling-1] org.hibernate.SQL                        : select tu1_0.id,tu1_0.amount,tu1_0.date,tu1_0.status,tu1_0.user_id from top_up tu1_0 where tu1_0.status=?
[SCHEDULER] Checking pending Top Up requests...
2026-08-14T00:25:42.166+07:00 DEBUG 16492 --- [   scheduling-1] org.hibernate.SQL                        : select tu1_0.id,tu1_0.amount,tu1_0.date,tu1_0.status,tu1_0.user_id from top_up tu1_0 where tu1_0.status=?
[SCHEDULER] Checking pending Top Up requests...
2026-08-14T00:25:42.168+07:00 DEBUG 16492 --- [   scheduling-1] org.hibernate.SQL                        : select tu1_0.id,tu1_0.amount,tu1_0.date,tu1_0.status,tu1_0.user_id from top_up tu1_0 where tu1_0.status=?
[SCHEDULER] Checking pending Top Up requests...
2026-08-14T00:25:42.171+07:00 DEBUG 16492 --- [   scheduling-1] org.hibernate.SQL                        : select tu1_0.id,tu1_0.amount,tu1_0.date,tu1_0.status,tu1_0.user_id from top_up tu1_0 where tu1_0.status=?
[SCHEDULER] Checking pending Top Up requests...
2026-08-14T00:25:42.173+07:00 DEBUG 16492 --- [   scheduling-1] org.hibernate.SQL                        : select tu1_0.id,tu1_0.amount,tu1_0.date,tu1_0.status,tu1_0.user_id from top_up tu1_0 where tu1_0.status=?
[SCHEDULER] Checking pending Top Up requests...
2026-08-14T00:25:42.175+07:00 DEBUG 16492 --- [   scheduling-1] org.hibernate.SQL                        : select tu1_0.id,tu1_0.amount,tu1_0.date,tu1_0.status,tu1_0.user_id from top_up tu1_0 where tu1_0.status=?
[SCHEDULER] Checking pending Top Up requests...
2026-08-14T00:25:42.178+07:00 DEBUG 16492 --- [   scheduling-1] org.hibernate.SQL                        : select tu1_0.id,tu1_0.amount,tu1_0.date,tu1_0.status,tu1_0.user_id from top_up tu1_0 where tu1_0.status=?
[SCHEDULER] Checking pending Top Up requests...
2026-08-14T00:25:42.179+07:00 DEBUG 16492 --- [   scheduling-1] org.hibernate.SQL                        : select tu1_0.id,tu1_0.amount,tu1_0.date,tu1_0.status,tu1_0.user_id from top_up tu1_0 where tu1_0.status=?
[SCHEDULER] Checking pending Top Up requests...
2026-08-14T00:25:42.182+07:00 DEBUG 16492 --- [   scheduling-1] org.hibernate.SQL                        : select tu1_0.id,tu1_0.amount,tu1_0.date,tu1_0.status,tu1_0.user_id from top_up tu1_0 where tu1_0.status=?
[SCHEDULER] Checking pending Top Up requests...
2026-08-14T00:25:42.184+07:00 DEBUG 16492 --- [   scheduling-1] org.hibernate.SQL                        : select tu1_0.id,tu1_0.amount,tu1_0.date,tu1_0.status,tu1_0.user_id from top_up tu1_0 where tu1_0.status=?
[SCHEDULER] Checking pending Top Up requests...
2026-08-14T00:25:42.187+07:00 DEBUG 16492 --- [   scheduling-1] org.hibernate.SQL                        : select tu1_0.id,tu1_0.amount,tu1_0.date,tu1_0.status,tu1_0.user_id from top_up tu1_0 where tu1_0.status=?
[SCHEDULER] Checking pending Top Up requests...
2026-08-14T00:25:42.188+07:00 DEBUG 16492 --- [   scheduling-1] org.hibernate.SQL                        : select tu1_0.id,tu1_0.amount,tu1_0.date,tu1_0.status,tu1_0.user_id from top_up tu1_0 where tu1_0.status=?
[SCHEDULER] Checking pending Top Up requests...
2026-08-14T00:25:42.190+07:00 DEBUG 16492 --- [   scheduling-1] org.hibernate.SQL                        : select tu1_0.id,tu1_0.amount,tu1_0.date,tu1_0.status,tu1_0.user_id from top_up tu1_0 where tu1_0.status=?
[SCHEDULER] Checking pending Top Up requests...
2026-08-14T00:25:42.193+07:00 DEBUG 16492 --- [   scheduling-1] org.hibernate.SQL                        : select tu1_0.id,tu1_0.amount,tu1_0.date,tu1_0.status,tu1_0.user_id from top_up tu1_0 where tu1_0.status=?
[SCHEDULER] Checking pending Top Up requests...
2026-08-14T00:25:42.195+07:00 DEBUG 16492 --- [   scheduling-1] org.hibernate.SQL                        : select tu1_0.id,tu1_0.amount,tu1_0.date,tu1_0.status,tu1_0.user_id from top_up tu1_0 where tu1_0.status=?
[SCHEDULER] Checking pending Top Up requests...
2026-08-14T00:25:42.198+07:00 DEBUG 16492 --- [   scheduling-1] org.hibernate.SQL                        : select tu1_0.id,tu1_0.amount,tu1_0.date,tu1_0.status,tu1_0.user_id from top_up tu1_0 where tu1_0.status=?
[SCHEDULER] Checking pending Top Up requests...
2026-08-14T00:25:42.200+07:00 DEBUG 16492 --- [   scheduling-1] org.hibernate.SQL                        : select tu1_0.id,tu1_0.amount,tu1_0.date,tu1_0.status,tu1_0.user_id from top_up tu1_0 where tu1_0.status=?
[SCHEDULER] Checking pending Top Up requests...
2026-08-14T00:25:42.203+07:00 DEBUG 16492 --- [   scheduling-1] org.hibernate.SQL                        : select tu1_0.id,tu1_0.amount,tu1_0.date,tu1_0.status,tu1_0.user_id from top_up tu1_0 where tu1_0.status=?
[SCHEDULER] Checking pending Top Up requests...
2026-08-14T00:25:42.204+07:00 DEBUG 16492 --- [   scheduling-1] org.hibernate.SQL                        : select tu1_0.id,tu1_0.amount,tu1_0.date,tu1_0.status,tu1_0.user_id from top_up tu1_0 where tu1_0.status=?
[SCHEDULER] Checking pending Top Up requests...
2026-08-14T00:25:42.207+07:00 DEBUG 16492 --- [   scheduling-1] org.hibernate.SQL                        : select tu1_0.id,tu1_0.amount,tu1_0.date,tu1_0.status,tu1_0.user_id from top_up tu1_0 where tu1_0.status=?
[SCHEDULER] Checking pending Top Up requests...
2026-08-14T00:25:42.210+07:00 DEBUG 16492 --- [   scheduling-1] org.hibernate.SQL                        : select tu1_0.id,tu1_0.amount,tu1_0.date,tu1_0.status,tu1_0.user_id from top_up tu1_0 where tu1_0.status=?
[SCHEDULER] Checking pending Top Up requests...
2026-08-14T00:25:42.212+07:00 DEBUG 16492 --- [   scheduling-1] org.hibernate.SQL                        : select tu1_0.id,tu1_0.amount,tu1_0.date,tu1_0.status,tu1_0.user_id from top_up tu1_0 where tu1_0.status=?
[SCHEDULER] Checking pending Top Up requests...
2026-08-14T00:25:42.214+07:00 DEBUG 16492 --- [   scheduling-1] org.hibernate.SQL                        : select tu1_0.id,tu1_0.amount,tu1_0.date,tu1_0.status,tu1_0.user_id from top_up tu1_0 where tu1_0.status=?
[SCHEDULER] Checking pending Top Up requests...
2026-08-14T00:25:42.218+07:00 DEBUG 16492 --- [   scheduling-1] org.hibernate.SQL                        : select tu1_0.id,tu1_0.amount,tu1_0.date,tu1_0.status,tu1_0.user_id from top_up tu1_0 where tu1_0.status=?
[SCHEDULER] Checking pending Top Up requests...
2026-08-14T00:25:42.220+07:00 DEBUG 16492 --- [   scheduling-1] org.hibernate.SQL                        : select tu1_0.id,tu1_0.amount,tu1_0.date,tu1_0.status,tu1_0.user_id from top_up tu1_0 where tu1_0.status=?
[SCHEDULER] Checking pending Top Up requests...
2026-08-14T00:25:42.223+07:00 DEBUG 16492 --- [   scheduling-1] org.hibernate.SQL                        : select tu1_0.id,tu1_0.amount,tu1_0.date,tu1_0.status,tu1_0.user_id from top_up tu1_0 where tu1_0.status=?
[SCHEDULER] Checking pending Top Up requests...
2026-08-14T00:25:42.224+07:00 DEBUG 16492 --- [   scheduling-1] org.hibernate.SQL                        : select tu1_0.id,tu1_0.amount,tu1_0.date,tu1_0.status,tu1_0.user_id from top_up tu1_0 where tu1_0.status=?
[SCHEDULER] Checking pending Top Up requests...
2026-08-14T00:25:42.227+07:00 DEBUG 16492 --- [   scheduling-1] org.hibernate.SQL                        : select tu1_0.id,tu1_0.amount,tu1_0.date,tu1_0.status,tu1_0.user_id from top_up tu1_0 where tu1_0.status=?
[SCHEDULER] Checking pending Top Up requests...
2026-08-14T00:25:42.229+07:00 DEBUG 16492 --- [   scheduling-1] org.hibernate.SQL                        : select tu1_0.id,tu1_0.amount,tu1_0.date,tu1_0.status,tu1_0.user_id from top_up tu1_0 where tu1_0.status=?
[SCHEDULER] Checking pending Top Up requests...
2026-08-14T00:25:42.232+07:00 DEBUG 16492 --- [   scheduling-1] org.hibernate.SQL                        : select tu1_0.id,tu1_0.amount,tu1_0.date,tu1_0.status,tu1_0.user_id from top_up tu1_0 where tu1_0.status=?
[SCHEDULER] Checking pending Top Up requests...
2026-08-14T00:25:42.235+07:00 DEBUG 16492 --- [   scheduling-1] org.hibernate.SQL                        : select tu1_0.id,tu1_0.amount,tu1_0.date,tu1_0.status,tu1_0.user_id from top_up tu1_0 where tu1_0.status=?
[SCHEDULER] Checking pending Top Up requests...
2026-08-14T00:25:42.237+07:00 DEBUG 16492 --- [   scheduling-1] org.hibernate.SQL                        : select tu1_0.id,tu1_0.amount,tu1_0.date,tu1_0.status,tu1_0.user_id from top_up tu1_0 where tu1_0.status=?
[SCHEDULER] Checking pending Top Up requests...
2026-08-14T00:25:42.239+07:00 DEBUG 16492 --- [   scheduling-1] org.hibernate.SQL                        : select tu1_0.id,tu1_0.amount,tu1_0.date,tu1_0.status,tu1_0.user_id from top_up tu1_0 where tu1_0.status=?
[SCHEDULER] Checking pending Top Up requests...
2026-08-14T00:25:42.242+07:00 DEBUG 16492 --- [   scheduling-1] org.hibernate.SQL                        : select tu1_0.id,tu1_0.amount,tu1_0.date,tu1_0.status,tu1_0.user_id from top_up tu1_0 where tu1_0.status=?
[SCHEDULER] Checking pending Top Up requests...
2026-08-14T00:25:42.244+07:00 DEBUG 16492 --- [   scheduling-1] org.hibernate.SQL                        : select tu1_0.id,tu1_0.amount,tu1_0.date,tu1_0.status,tu1_0.user_id from top_up tu1_0 where tu1_0.status=?
[SCHEDULER] Checking pending Top Up requests...
2026-08-14T00:25:42.247+07:00 DEBUG 16492 --- [   scheduling-1] org.hibernate.SQL                        : select tu1_0.id,tu1_0.amount,tu1_0.date,tu1_0.status,tu1_0.user_id from top_up tu1_0 where tu1_0.status=?
[SCHEDULER] Checking pending Top Up requests...
2026-08-14T00:25:42.251+07:00 DEBUG 16492 --- [   scheduling-1] org.hibernate.SQL                        : select tu1_0.id,tu1_0.amount,tu1_0.date,tu1_0.status,tu1_0.user_id from top_up tu1_0 where tu1_0.status=?
[SCHEDULER] Checking pending Top Up requests...
2026-08-14T00:25:42.253+07:00 DEBUG 16492 --- [   scheduling-1] org.hibernate.SQL                        : select tu1_0.id,tu1_0.amount,tu1_0.date,tu1_0.status,tu1_0.user_id from top_up tu1_0 where tu1_0.status=?
[SCHEDULER] Checking pending Top Up requests...
2026-08-14T00:25:42.256+07:00 DEBUG 16492 --- [   scheduling-1] org.hibernate.SQL                        : select tu1_0.id,tu1_0.amount,tu1_0.date,tu1_0.status,tu1_0.user_id from top_up tu1_0 where tu1_0.status=?
[SCHEDULER] Checking pending Top Up requests...
2026-08-14T00:25:42.258+07:00 DEBUG 16492 --- [   scheduling-1] org.hibernate.SQL                        : select tu1_0.id,tu1_0.amount,tu1_0.date,tu1_0.status,tu1_0.user_id from top_up tu1_0 where tu1_0.status=?
[SCHEDULER] Checking pending Top Up requests...
2026-08-14T00:25:42.261+07:00 DEBUG 16492 --- [   scheduling-1] org.hibernate.SQL                        : select tu1_0.id,tu1_0.amount,tu1_0.date,tu1_0.status,tu1_0.user_id from top_up tu1_0 where tu1_0.status=?
[SCHEDULER] Checking pending Top Up requests...
2026-08-14T00:25:42.264+07:00 DEBUG 16492 --- [   scheduling-1] org.hibernate.SQL                        : select tu1_0.id,tu1_0.amount,tu1_0.date,tu1_0.status,tu1_0.user_id from top_up tu1_0 where tu1_0.status=?
[SCHEDULER] Checking pending Top Up requests...
2026-08-14T00:25:42.266+07:00 DEBUG 16492 --- [   scheduling-1] org.hibernate.SQL                        : select tu1_0.id,tu1_0.amount,tu1_0.date,tu1_0.status,tu1_0.user_id from top_up tu1_0 where tu1_0.status=?
[SCHEDULER] Checking pending Top Up requests...
2026-08-14T00:25:42.268+07:00 DEBUG 16492 --- [   scheduling-1] org.hibernate.SQL                        : select tu1_0.id,tu1_0.amount,tu1_0.date,tu1_0.status,tu1_0.user_id from top_up tu1_0 where tu1_0.status=?
[SCHEDULER] Checking pending Top Up requests...
2026-08-14T00:25:42.270+07:00 DEBUG 16492 --- [   scheduling-1] org.hibernate.SQL                        : select tu1_0.id,tu1_0.amount,tu1_0.date,tu1_0.status,tu1_0.user_id from top_up tu1_0 where tu1_0.status=?
[SCHEDULER] Checking pending Top Up requests...
2026-08-14T00:25:42.273+07:00 DEBUG 16492 --- [   scheduling-1] org.hibernate.SQL                        : select tu1_0.id,tu1_0.amount,tu1_0.date,tu1_0.status,tu1_0.user_id from top_up tu1_0 where tu1_0.status=?
[SCHEDULER] Checking pending Top Up requests...
2026-08-14T00:25:42.275+07:00 DEBUG 16492 --- [   scheduling-1] org.hibernate.SQL                        : select tu1_0.id,tu1_0.amount,tu1_0.date,tu1_0.status,tu1_0.user_id from top_up tu1_0 where tu1_0.status=?
[SCHEDULER] Checking pending Top Up requests...
2026-08-14T00:25:42.278+07:00 DEBUG 16492 --- [   scheduling-1] org.hibernate.SQL                        : select tu1_0.id,tu1_0.amount,tu1_0.date,tu1_0.status,tu1_0.user_id from top_up tu1_0 where tu1_0.status=?
[SCHEDULER] Checking pending Top Up requests...
2026-08-14T00:25:42.280+07:00 DEBUG 16492 --- [   scheduling-1] org.hibernate.SQL                        : select tu1_0.id,tu1_0.amount,tu1_0.date,tu1_0.status,tu1_0.user_id from top_up tu1_0 where tu1_0.status=?
[SCHEDULER] Checking pending Top Up requests...
2026-08-14T00:25:42.282+07:00 DEBUG 16492 --- [   scheduling-1] org.hibernate.SQL                        : select tu1_0.id,tu1_0.amount,tu1_0.date,tu1_0.status,tu1_0.user_id from top_up tu1_0 where tu1_0.status=?
[SCHEDULER] Checking pending Top Up requests...
2026-08-14T00:25:42.283+07:00 DEBUG 16492 --- [   scheduling-1] org.hibernate.SQL                        : select tu1_0.id,tu1_0.amount,tu1_0.date,tu1_0.status,tu1_0.user_id from top_up tu1_0 where tu1_0.status=?
[SCHEDULER] Checking pending Top Up requests...
2026-08-14T00:25:42.285+07:00 DEBUG 16492 --- [   scheduling-1] org.hibernate.SQL                        : select tu1_0.id,tu1_0.amount,tu1_0.date,tu1_0.status,tu1_0.user_id from top_up tu1_0 where tu1_0.status=?
[SCHEDULER] Checking pending Top Up requests...
2026-08-14T00:25:42.287+07:00 DEBUG 16492 --- [   scheduling-1] org.hibernate.SQL                        : select tu1_0.id,tu1_0.amount,tu1_0.date,tu1_0.status,tu1_0.user_id from top_up tu1_0 where tu1_0.status=?
[SCHEDULER] Checking pending Top Up requests...
2026-08-14T00:25:42.290+07:00 DEBUG 16492 --- [   scheduling-1] org.hibernate.SQL                        : select tu1_0.id,tu1_0.amount,tu1_0.date,tu1_0.status,tu1_0.user_id from top_up tu1_0 where tu1_0.status=?
[SCHEDULER] Checking pending Top Up requests...
2026-08-14T00:25:42.292+07:00 DEBUG 16492 --- [   scheduling-1] org.hibernate.SQL                        : select tu1_0.id,tu1_0.amount,tu1_0.date,tu1_0.status,tu1_0.user_id from top_up tu1_0 where tu1_0.status=?
[SCHEDULER] Checking pending Top Up requests...
2026-08-14T00:25:42.294+07:00 DEBUG 16492 --- [   scheduling-1] org.hibernate.SQL                        : select tu1_0.id,tu1_0.amount,tu1_0.date,tu1_0.status,tu1_0.user_id from top_up tu1_0 where tu1_0.status=?
[SCHEDULER] Checking pending Top Up requests...
2026-08-14T00:25:42.297+07:00 DEBUG 16492 --- [   scheduling-1] org.hibernate.SQL                        : select tu1_0.id,tu1_0.amount,tu1_0.date,tu1_0.status,tu1_0.user_id from top_up tu1_0 where tu1_0.status=?
[SCHEDULER] Checking pending Top Up requests...
2026-08-14T00:25:42.299+07:00 DEBUG 16492 --- [   scheduling-1] org.hibernate.SQL                        : select tu1_0.id,tu1_0.amount,tu1_0.date,tu1_0.status,tu1_0.user_id from top_up tu1_0 where tu1_0.status=?
[SCHEDULER] Checking pending Top Up requests...
2026-08-14T00:25:42.301+07:00 DEBUG 16492 --- [   scheduling-1] org.hibernate.SQL                        : select tu1_0.id,tu1_0.amount,tu1_0.date,tu1_0.status,tu1_0.user_id from top_up tu1_0 where tu1_0.status=?
[SCHEDULER] Checking pending Top Up requests...
2026-08-14T00:25:42.304+07:00 DEBUG 16492 --- [   scheduling-1] org.hibernate.SQL                        : select tu1_0.id,tu1_0.amount,tu1_0.date,tu1_0.status,tu1_0.user_id from top_up tu1_0 where tu1_0.status=?
[SCHEDULER] Checking pending Top Up requests...
2026-08-14T00:25:42.305+07:00 DEBUG 16492 --- [   scheduling-1] org.hibernate.SQL                        : select tu1_0.id,tu1_0.amount,tu1_0.date,tu1_0.status,tu1_0.user_id from top_up tu1_0 where tu1_0.status=?
[SCHEDULER] Checking pending Top Up requests...
2026-08-14T00:25:42.308+07:00 DEBUG 16492 --- [   scheduling-1] org.hibernate.SQL                        : select tu1_0.id,tu1_0.amount,tu1_0.date,tu1_0.status,tu1_0.user_id from top_up tu1_0 where tu1_0.status=?
[SCHEDULER] Checking pending Top Up requests...
2026-08-14T00:25:42.310+07:00 DEBUG 16492 --- [   scheduling-1] org.hibernate.SQL                        : select tu1_0.id,tu1_0.amount,tu1_0.date,tu1_0.status,tu1_0.user_id from top_up tu1_0 where tu1_0.status=?
[SCHEDULER] Checking pending Top Up requests...
2026-08-14T00:25:42.312+07:00 DEBUG 16492 --- [   scheduling-1] org.hibernate.SQL                        : select tu1_0.id,tu1_0.amount,tu1_0.date,tu1_0.status,tu1_0.user_id from top_up tu1_0 where tu1_0.status=?
[SCHEDULER] Checking pending Top Up requests...
2026-08-14T00:25:42.315+07:00 DEBUG 16492 --- [   scheduling-1] org.hibernate.SQL                        : select tu1_0.id,tu1_0.amount,tu1_0.date,tu1_0.status,tu1_0.user_id from top_up tu1_0 where tu1_0.status=?
[SCHEDULER] Checking pending Top Up requests...
2026-08-14T00:25:42.317+07:00 DEBUG 16492 --- [   scheduling-1] org.hibernate.SQL                        : select tu1_0.id,tu1_0.amount,tu1_0.date,tu1_0.status,tu1_0.user_id from top_up tu1_0 where tu1_0.status=?
[SCHEDULER] Checking pending Top Up requests...
2026-08-14T00:25:42.319+07:00 DEBUG 16492 --- [   scheduling-1] org.hibernate.SQL                        : select tu1_0.id,tu1_0.amount,tu1_0.date,tu1_0.status,tu1_0.user_id from top_up tu1_0 where tu1_0.status=?
[SCHEDULER] Checking pending Top Up requests...
2026-08-14T00:25:42.322+07:00 DEBUG 16492 --- [   scheduling-1] org.hibernate.SQL                        : select tu1_0.id,tu1_0.amount,tu1_0.date,tu1_0.status,tu1_0.user_id from top_up tu1_0 where tu1_0.status=?
[SCHEDULER] Checking pending Top Up requests...
2026-08-14T00:25:42.324+07:00 DEBUG 16492 --- [   scheduling-1] org.hibernate.SQL                        : select tu1_0.id,tu1_0.amount,tu1_0.date,tu1_0.status,tu1_0.user_id from top_up tu1_0 where tu1_0.status=?
[SCHEDULER] Checking pending Top Up requests...
2026-08-14T00:25:42.327+07:00 DEBUG 16492 --- [   scheduling-1] org.hibernate.SQL                        : select tu1_0.id,tu1_0.amount,tu1_0.date,tu1_0.status,tu1_0.user_id from top_up tu1_0 where tu1_0.status=?
[SCHEDULER] Checking pending Top Up requests...
2026-08-14T00:25:42.329+07:00 DEBUG 16492 --- [   scheduling-1] org.hibernate.SQL                        : select tu1_0.id,tu1_0.amount,tu1_0.date,tu1_0.status,tu1_0.user_id from top_up tu1_0 where tu1_0.status=?
[SCHEDULER] Checking pending Top Up requests...
2026-08-14T00:25:42.332+07:00 DEBUG 16492 --- [   scheduling-1] org.hibernate.SQL                        : select tu1_0.id,tu1_0.amount,tu1_0.date,tu1_0.status,tu1_0.user_id from top_up tu1_0 where tu1_0.status=?
[SCHEDULER] Checking pending Top Up requests...
2026-08-14T00:25:42.336+07:00 DEBUG 16492 --- [   scheduling-1] org.hibernate.SQL                        : select tu1_0.id,tu1_0.amount,tu1_0.date,tu1_0.status,tu1_0.user_id from top_up tu1_0 where tu1_0.status=?
[SCHEDULER] Checking pending Top Up requests...
2026-08-14T00:25:42.338+07:00 DEBUG 16492 --- [   scheduling-1] org.hibernate.SQL                        : select tu1_0.id,tu1_0.amount,tu1_0.date,tu1_0.status,tu1_0.user_id from top_up tu1_0 where tu1_0.status=?
[SCHEDULER] Checking pending Top Up requests...
2026-08-14T00:25:42.341+07:00 DEBUG 16492 --- [   scheduling-1] org.hibernate.SQL                        : select tu1_0.id,tu1_0.amount,tu1_0.date,tu1_0.status,tu1_0.user_id from top_up tu1_0 where tu1_0.status=?
[SCHEDULER] Checking pending Top Up requests...
2026-08-14T00:25:42.343+07:00 DEBUG 16492 --- [   scheduling-1] org.hibernate.SQL                        : select tu1_0.id,tu1_0.amount,tu1_0.date,tu1_0.status,tu1_0.user_id from top_up tu1_0 where tu1_0.status=?
[SCHEDULER] Checking pending Top Up requests...
2026-08-14T00:25:42.347+07:00 DEBUG 16492 --- [   scheduling-1] org.hibernate.SQL                        : select tu1_0.id,tu1_0.amount,tu1_0.date,tu1_0.status,tu1_0.user_id from top_up tu1_0 where tu1_0.status=?
[SCHEDULER] Checking pending Top Up requests...
2026-08-14T00:25:42.349+07:00 DEBUG 16492 --- [   scheduling-1] org.hibernate.SQL                        : select tu1_0.id,tu1_0.amount,tu1_0.date,tu1_0.status,tu1_0.user_id from top_up tu1_0 where tu1_0.status=?
[SCHEDULER] Checking pending Top Up requests...
2026-08-14T00:25:42.351+07:00 DEBUG 16492 --- [   scheduling-1] org.hibernate.SQL                        : select tu1_0.id,tu1_0.amount,tu1_0.date,tu1_0.status,tu1_0.user_id from top_up tu1_0 where tu1_0.status=?
[SCHEDULER] Checking pending Top Up requests...
2026-08-14T00:25:42.354+07:00 DEBUG 16492 --- [   scheduling-1] org.hibernate.SQL                        : select tu1_0.id,tu1_0.amount,tu1_0.date,tu1_0.status,tu1_0.user_id from top_up tu1_0 where tu1_0.status=?
[SCHEDULER] Checking pending Top Up requests...
2026-08-14T00:25:42.356+07:00 DEBUG 16492 --- [   scheduling-1] org.hibernate.SQL                        : select tu1_0.id,tu1_0.amount,tu1_0.date,tu1_0.status,tu1_0.user_id from top_up tu1_0 where tu1_0.status=?
[SCHEDULER] Checking pending Top Up requests...
2026-08-14T00:25:42.359+07:00 DEBUG 16492 --- [   scheduling-1] org.hibernate.SQL                        : select tu1_0.id,tu1_0.amount,tu1_0.date,tu1_0.status,tu1_0.user_id from top_up tu1_0 where tu1_0.status=?
[SCHEDULER] Checking pending Top Up requests...
2026-08-14T00:25:42.361+07:00 DEBUG 16492 --- [   scheduling-1] org.hibernate.SQL                        : select tu1_0.id,tu1_0.amount,tu1_0.date,tu1_0.status,tu1_0.user_id from top_up tu1_0 where tu1_0.status=?
[SCHEDULER] Checking pending Top Up requests...
2026-08-14T00:25:42.363+07:00 DEBUG 16492 --- [   scheduling-1] org.hibernate.SQL                        : select tu1_0.id,tu1_0.amount,tu1_0.date,tu1_0.status,tu1_0.user_id from top_up tu1_0 where tu1_0.status=?
[SCHEDULER] Checking pending Top Up requests...
2026-08-14T00:25:42.365+07:00 DEBUG 16492 --- [   scheduling-1] org.hibernate.SQL                        : select tu1_0.id,tu1_0.amount,tu1_0.date,tu1_0.status,tu1_0.user_id from top_up tu1_0 where tu1_0.status=?
[SCHEDULER] Checking pending Top Up requests...
2026-08-14T00:25:42.368+07:00 DEBUG 16492 --- [   scheduling-1] org.hibernate.SQL                        : select tu1_0.id,tu1_0.amount,tu1_0.date,tu1_0.status,tu1_0.user_id from top_up tu1_0 where tu1_0.status=?
[SCHEDULER] Checking pending Top Up requests...
2026-08-14T00:25:42.371+07:00 DEBUG 16492 --- [   scheduling-1] org.hibernate.SQL                        : select tu1_0.id,tu1_0.amount,tu1_0.date,tu1_0.status,tu1_0.user_id from top_up tu1_0 where tu1_0.status=?
[SCHEDULER] Checking pending Top Up requests...
2026-08-14T00:25:42.372+07:00 DEBUG 16492 --- [   scheduling-1] org.hibernate.SQL                        : select tu1_0.id,tu1_0.amount,tu1_0.date,tu1_0.status,tu1_0.user_id from top_up tu1_0 where tu1_0.status=?
[SCHEDULER] Checking pending Top Up requests...
2026-08-14T00:25:42.374+07:00 DEBUG 16492 --- [   scheduling-1] org.hibernate.SQL                        : select tu1_0.id,tu1_0.amount,tu1_0.date,tu1_0.status,tu1_0.user_id from top_up tu1_0 where tu1_0.status=?
[SCHEDULER] Checking pending Top Up requests...
2026-08-14T00:25:42.377+07:00 DEBUG 16492 --- [   scheduling-1] org.hibernate.SQL                        : select tu1_0.id,tu1_0.amount,tu1_0.date,tu1_0.status,tu1_0.user_id from top_up tu1_0 where tu1_0.status=?
[SCHEDULER] Checking pending Top Up requests...
2026-08-14T00:25:42.381+07:00 DEBUG 16492 --- [   scheduling-1] org.hibernate.SQL                        : select tu1_0.id,tu1_0.amount,tu1_0.date,tu1_0.status,tu1_0.user_id from top_up tu1_0 where tu1_0.status=?
[SCHEDULER] Checking pending Top Up requests...
2026-08-14T00:25:42.382+07:00 DEBUG 16492 --- [   scheduling-1] org.hibernate.SQL                        : select tu1_0.id,tu1_0.amount,tu1_0.date,tu1_0.status,tu1_0.user_id from top_up tu1_0 where tu1_0.status=?
[SCHEDULER] Checking pending Top Up requests...
2026-08-14T00:25:42.385+07:00 DEBUG 16492 --- [   scheduling-1] org.hibernate.SQL                        : select tu1_0.id,tu1_0.amount,tu1_0.date,tu1_0.status,tu1_0.user_id from top_up tu1_0 where tu1_0.status=?
[SCHEDULER] Checking pending Top Up requests...
2026-08-14T00:25:42.388+07:00 DEBUG 16492 --- [   scheduling-1] org.hibernate.SQL                        : select tu1_0.id,tu1_0.amount,tu1_0.date,tu1_0.status,tu1_0.user_id from top_up tu1_0 where tu1_0.status=?
[SCHEDULER] Checking pending Top Up requests...
2026-08-14T00:25:42.390+07:00 DEBUG 16492 --- [   scheduling-1] org.hibernate.SQL                        : select tu1_0.id,tu1_0.amount,tu1_0.date,tu1_0.status,tu1_0.user_id from top_up tu1_0 where tu1_0.status=?
[SCHEDULER] Checking pending Top Up requests...
2026-08-14T00:25:42.392+07:00 DEBUG 16492 --- [   scheduling-1] org.hibernate.SQL                        : select tu1_0.id,tu1_0.amount,tu1_0.date,tu1_0.status,tu1_0.user_id from top_up tu1_0 where tu1_0.status=?
[SCHEDULER] Checking pending Top Up requests...
2026-08-14T00:25:42.394+07:00 DEBUG 16492 --- [   scheduling-1] org.hibernate.SQL                        : select tu1_0.id,tu1_0.amount,tu1_0.date,tu1_0.status,tu1_0.user_id from top_up tu1_0 where tu1_0.status=?
[SCHEDULER] Checking pending Top Up requests...
2026-08-14T00:25:42.397+07:00 DEBUG 16492 --- [   scheduling-1] org.hibernate.SQL                        : select tu1_0.id,tu1_0.amount,tu1_0.date,tu1_0.status,tu1_0.user_id from top_up tu1_0 where tu1_0.status=?
[SCHEDULER] Checking pending Top Up requests...
2026-08-14T00:25:42.399+07:00 DEBUG 16492 --- [   scheduling-1] org.hibernate.SQL                        : select tu1_0.id,tu1_0.amount,tu1_0.date,tu1_0.status,tu1_0.user_id from top_up tu1_0 where tu1_0.status=?
[SCHEDULER] Checking pending Top Up requests...
2026-08-14T00:25:42.402+07:00 DEBUG 16492 --- [   scheduling-1] org.hibernate.SQL                        : select tu1_0.id,tu1_0.amount,tu1_0.date,tu1_0.status,tu1_0.user_id from top_up tu1_0 where tu1_0.status=?
[SCHEDULER] Checking pending Top Up requests...
2026-08-14T00:25:42.404+07:00 DEBUG 16492 --- [   scheduling-1] org.hibernate.SQL                        : select tu1_0.id,tu1_0.amount,tu1_0.date,tu1_0.status,tu1_0.user_id from top_up tu1_0 where tu1_0.status=?
[SCHEDULER] Checking pending Top Up requests...
2026-08-14T00:25:42.407+07:00 DEBUG 16492 --- [   scheduling-1] org.hibernate.SQL                        : select tu1_0.id,tu1_0.amount,tu1_0.date,tu1_0.status,tu1_0.user_id from top_up tu1_0 where tu1_0.status=?
[SCHEDULER] Checking pending Top Up requests...
2026-08-14T00:25:42.409+07:00 DEBUG 16492 --- [   scheduling-1] org.hibernate.SQL                        : select tu1_0.id,tu1_0.amount,tu1_0.date,tu1_0.status,tu1_0.user_id from top_up tu1_0 where tu1_0.status=?
[SCHEDULER] Checking pending Top Up requests...
2026-08-14T00:25:42.411+07:00 DEBUG 16492 --- [   scheduling-1] org.hibernate.SQL                        : select tu1_0.id,tu1_0.amount,tu1_0.date,tu1_0.status,tu1_0.user_id from top_up tu1_0 where tu1_0.status=?
[SCHEDULER] Checking pending Top Up requests...
2026-08-14T00:25:42.414+07:00 DEBUG 16492 --- [   scheduling-1] org.hibernate.SQL                        : select tu1_0.id,tu1_0.amount,tu1_0.date,tu1_0.status,tu1_0.user_id from top_up tu1_0 where tu1_0.status=?
[SCHEDULER] Checking pending Top Up requests...
2026-08-14T00:25:42.416+07:00 DEBUG 16492 --- [   scheduling-1] org.hibernate.SQL                        : select tu1_0.id,tu1_0.amount,tu1_0.date,tu1_0.status,tu1_0.user_id from top_up tu1_0 where tu1_0.status=?
[SCHEDULER] Checking pending Top Up requests...
2026-08-14T00:25:42.419+07:00 DEBUG 16492 --- [   scheduling-1] org.hibernate.SQL                        : select tu1_0.id,tu1_0.amount,tu1_0.date,tu1_0.status,tu1_0.user_id from top_up tu1_0 where tu1_0.status=?
[SCHEDULER] Checking pending Top Up requests...
2026-08-14T00:25:42.421+07:00 DEBUG 16492 --- [   scheduling-1] org.hibernate.SQL                        : select tu1_0.id,tu1_0.amount,tu1_0.date,tu1_0.status,tu1_0.user_id from top_up tu1_0 where tu1_0.status=?
[SCHEDULER] Checking pending Top Up requests...
2026-08-14T00:25:42.423+07:00 DEBUG 16492 --- [   scheduling-1] org.hibernate.SQL                        : select tu1_0.id,tu1_0.amount,tu1_0.date,tu1_0.status,tu1_0.user_id from top_up tu1_0 where tu1_0.status=?
[SCHEDULER] Checking pending Top Up requests...
2026-08-14T00:25:42.427+07:00 DEBUG 16492 --- [   scheduling-1] org.hibernate.SQL                        : select tu1_0.id,tu1_0.amount,tu1_0.date,tu1_0.status,tu1_0.user_id from top_up tu1_0 where tu1_0.status=?
[SCHEDULER] Checking pending Top Up requests...
2026-08-14T00:25:42.429+07:00 DEBUG 16492 --- [   scheduling-1] org.hibernate.SQL                        : select tu1_0.id,tu1_0.amount,tu1_0.date,tu1_0.status,tu1_0.user_id from top_up tu1_0 where tu1_0.status=?
[SCHEDULER] Checking pending Top Up requests...
2026-08-14T00:25:42.430+07:00 DEBUG 16492 --- [   scheduling-1] org.hibernate.SQL                        : select tu1_0.id,tu1_0.amount,tu1_0.date,tu1_0.status,tu1_0.user_id from top_up tu1_0 where tu1_0.status=?
[SCHEDULER] Checking pending Top Up requests...
2026-08-14T00:25:42.433+07:00 DEBUG 16492 --- [   scheduling-1] org.hibernate.SQL                        : select tu1_0.id,tu1_0.amount,tu1_0.date,tu1_0.status,tu1_0.user_id from top_up tu1_0 where tu1_0.status=?
[SCHEDULER] Checking pending Top Up requests...
2026-08-14T00:25:42.435+07:00 DEBUG 16492 --- [   scheduling-1] org.hibernate.SQL                        : select tu1_0.id,tu1_0.amount,tu1_0.date,tu1_0.status,tu1_0.user_id from top_up tu1_0 where tu1_0.status=?
[SCHEDULER] Checking pending Top Up requests...
2026-08-14T00:25:42.437+07:00 DEBUG 16492 --- [   scheduling-1] org.hibernate.SQL                        : select tu1_0.id,tu1_0.amount,tu1_0.date,tu1_0.status,tu1_0.user_id from top_up tu1_0 where tu1_0.status=?
[SCHEDULER] Checking pending Top Up requests...
2026-08-14T00:25:42.439+07:00 DEBUG 16492 --- [   scheduling-1] org.hibernate.SQL                        : select tu1_0.id,tu1_0.amount,tu1_0.date,tu1_0.status,tu1_0.user_id from top_up tu1_0 where tu1_0.status=?
[SCHEDULER] Checking pending Top Up requests...
2026-08-14T00:25:42.440+07:00 DEBUG 16492 --- [   scheduling-1] org.hibernate.SQL                        : select tu1_0.id,tu1_0.amount,tu1_0.date,tu1_0.status,tu1_0.user_id from top_up tu1_0 where tu1_0.status=?
[SCHEDULER] Checking pending Top Up requests...
2026-08-14T00:25:42.443+07:00 DEBUG 16492 --- [   scheduling-1] org.hibernate.SQL                        : select tu1_0.id,tu1_0.amount,tu1_0.date,tu1_0.status,tu1_0.user_id from top_up tu1_0 where tu1_0.status=?
[SCHEDULER] Checking pending Top Up requests...
2026-08-14T00:25:42.444+07:00 DEBUG 16492 --- [   scheduling-1] org.hibernate.SQL                        : select tu1_0.id,tu1_0.amount,tu1_0.date,tu1_0.status,tu1_0.user_id from top_up tu1_0 where tu1_0.status=?
[SCHEDULER] Checking pending Top Up requests...
2026-08-14T00:25:42.447+07:00 DEBUG 16492 --- [   scheduling-1] org.hibernate.SQL                        : select tu1_0.id,tu1_0.amount,tu1_0.date,tu1_0.status,tu1_0.user_id from top_up tu1_0 where tu1_0.status=?
[SCHEDULER] Checking pending Top Up requests...
2026-08-14T00:25:42.449+07:00 DEBUG 16492 --- [   scheduling-1] org.hibernate.SQL                        : select tu1_0.id,tu1_0.amount,tu1_0.date,tu1_0.status,tu1_0.user_id from top_up tu1_0 where tu1_0.status=?
[SCHEDULER] Checking pending Top Up requests...
2026-08-14T00:25:42.451+07:00 DEBUG 16492 --- [   scheduling-1] org.hibernate.SQL                        : select tu1_0.id,tu1_0.amount,tu1_0.date,tu1_0.status,tu1_0.user_id from top_up tu1_0 where tu1_0.status=?
[SCHEDULER] Checking pending Top Up requests...
2026-08-14T00:25:42.454+07:00 DEBUG 16492 --- [   scheduling-1] org.hibernate.SQL                        : select tu1_0.id,tu1_0.amount,tu1_0.date,tu1_0.status,tu1_0.user_id from top_up tu1_0 where tu1_0.status=?
[SCHEDULER] Checking pending Top Up requests...
2026-08-14T00:25:42.455+07:00 DEBUG 16492 --- [   scheduling-1] org.hibernate.SQL                        : select tu1_0.id,tu1_0.amount,tu1_0.date,tu1_0.status,tu1_0.user_id from top_up tu1_0 where tu1_0.status=?
[SCHEDULER] Checking pending Top Up requests...
2026-08-14T00:25:42.458+07:00 DEBUG 16492 --- [   scheduling-1] org.hibernate.SQL                        : select tu1_0.id,tu1_0.amount,tu1_0.date,tu1_0.status,tu1_0.user_id from top_up tu1_0 where tu1_0.status=?
[SCHEDULER] Checking pending Top Up requests...
2026-08-14T00:25:42.460+07:00 DEBUG 16492 --- [   scheduling-1] org.hibernate.SQL                        : select tu1_0.id,tu1_0.amount,tu1_0.date,tu1_0.status,tu1_0.user_id from top_up tu1_0 where tu1_0.status=?
[SCHEDULER] Checking pending Top Up requests...
2026-08-14T00:25:42.461+07:00 DEBUG 16492 --- [   scheduling-1] org.hibernate.SQL                        : select tu1_0.id,tu1_0.amount,tu1_0.date,tu1_0.status,tu1_0.user_id from top_up tu1_0 where tu1_0.status=?
[SCHEDULER] Checking pending Top Up requests...
2026-08-14T00:25:42.464+07:00 DEBUG 16492 --- [   scheduling-1] org.hibernate.SQL                        : select tu1_0.id,tu1_0.amount,tu1_0.date,tu1_0.status,tu1_0.user_id from top_up tu1_0 where tu1_0.status=?
[SCHEDULER] Checking pending Top Up requests...
2026-08-14T00:25:42.465+07:00 DEBUG 16492 --- [   scheduling-1] org.hibernate.SQL                        : select tu1_0.id,tu1_0.amount,tu1_0.date,tu1_0.status,tu1_0.user_id from top_up tu1_0 where tu1_0.status=?
[SCHEDULER] Checking pending Top Up requests...
2026-08-14T00:25:42.468+07:00 DEBUG 16492 --- [   scheduling-1] org.hibernate.SQL                        : select tu1_0.id,tu1_0.amount,tu1_0.date,tu1_0.status,tu1_0.user_id from top_up tu1_0 where tu1_0.status=?
[SCHEDULER] Checking pending Top Up requests...
2026-08-14T00:25:42.470+07:00 DEBUG 16492 --- [   scheduling-1] org.hibernate.SQL                        : select tu1_0.id,tu1_0.amount,tu1_0.date,tu1_0.status,tu1_0.user_id from top_up tu1_0 where tu1_0.status=?
[SCHEDULER] Checking pending Top Up requests...
2026-08-14T00:25:42.471+07:00 DEBUG 16492 --- [   scheduling-1] org.hibernate.SQL                        : select tu1_0.id,tu1_0.amount,tu1_0.date,tu1_0.status,tu1_0.user_id from top_up tu1_0 where tu1_0.status=?
[SCHEDULER] Checking pending Top Up requests...
2026-08-14T00:25:42.473+07:00 DEBUG 16492 --- [   scheduling-1] org.hibernate.SQL                        : select tu1_0.id,tu1_0.amount,tu1_0.date,tu1_0.status,tu1_0.user_id from top_up tu1_0 where tu1_0.status=?
[SCHEDULER] Checking pending Top Up requests...
2026-08-14T00:25:42.475+07:00 DEBUG 16492 --- [   scheduling-1] org.hibernate.SQL                        : select tu1_0.id,tu1_0.amount,tu1_0.date,tu1_0.status,tu1_0.user_id from top_up tu1_0 where tu1_0.status=?
[SCHEDULER] Checking pending Top Up requests...
2026-08-14T00:25:42.476+07:00 DEBUG 16492 --- [   scheduling-1] org.hibernate.SQL                        : select tu1_0.id,tu1_0.amount,tu1_0.date,tu1_0.status,tu1_0.user_id from top_up tu1_0 where tu1_0.status=?
[SCHEDULER] Checking pending Top Up requests...
2026-08-14T00:25:42.479+07:00 DEBUG 16492 --- [   scheduling-1] org.hibernate.SQL                        : select tu1_0.id,tu1_0.amount,tu1_0.date,tu1_0.status,tu1_0.user_id from top_up tu1_0 where tu1_0.status=?
[SCHEDULER] Checking pending Top Up requests...
2026-08-14T00:25:42.481+07:00 DEBUG 16492 --- [   scheduling-1] org.hibernate.SQL                        : select tu1_0.id,tu1_0.amount,tu1_0.date,tu1_0.status,tu1_0.user_id from top_up tu1_0 where tu1_0.status=?
[SCHEDULER] Checking pending Top Up requests...
2026-08-14T00:25:42.483+07:00 DEBUG 16492 --- [   scheduling-1] org.hibernate.SQL                        : select tu1_0.id,tu1_0.amount,tu1_0.date,tu1_0.status,tu1_0.user_id from top_up tu1_0 where tu1_0.status=?
[SCHEDULER] Checking pending Top Up requests...
2026-08-14T00:25:42.485+07:00 DEBUG 16492 --- [   scheduling-1] org.hibernate.SQL                        : select tu1_0.id,tu1_0.amount,tu1_0.date,tu1_0.status,tu1_0.user_id from top_up tu1_0 where tu1_0.status=?
[SCHEDULER] Checking pending Top Up requests...
2026-08-14T00:25:42.486+07:00 DEBUG 16492 --- [   scheduling-1] org.hibernate.SQL                        : select tu1_0.id,tu1_0.amount,tu1_0.date,tu1_0.status,tu1_0.user_id from top_up tu1_0 where tu1_0.status=?
[SCHEDULER] Checking pending Top Up requests...
2026-08-14T00:25:42.487+07:00 DEBUG 16492 --- [   scheduling-1] org.hibernate.SQL                        : select tu1_0.id,tu1_0.amount,tu1_0.date,tu1_0.status,tu1_0.user_id from top_up tu1_0 where tu1_0.status=?
[SCHEDULER] Checking pending Top Up requests...
2026-08-14T00:25:42.490+07:00 DEBUG 16492 --- [   scheduling-1] org.hibernate.SQL                        : select tu1_0.id,tu1_0.amount,tu1_0.date,tu1_0.status,tu1_0.user_id from top_up tu1_0 where tu1_0.status=?
[SCHEDULER] Checking pending Top Up requests...
2026-08-14T00:25:42.491+07:00 DEBUG 16492 --- [   scheduling-1] org.hibernate.SQL                        : select tu1_0.id,tu1_0.amount,tu1_0.date,tu1_0.status,tu1_0.user_id from top_up tu1_0 where tu1_0.status=?
[SCHEDULER] Checking pending Top Up requests...
2026-08-14T00:25:42.493+07:00 DEBUG 16492 --- [   scheduling-1] org.hibernate.SQL                        : select tu1_0.id,tu1_0.amount,tu1_0.date,tu1_0.status,tu1_0.user_id from top_up tu1_0 where tu1_0.status=?
[SCHEDULER] Checking pending Top Up requests...
2026-08-14T00:25:42.495+07:00 DEBUG 16492 --- [   scheduling-1] org.hibernate.SQL                        : select tu1_0.id,tu1_0.amount,tu1_0.date,tu1_0.status,tu1_0.user_id from top_up tu1_0 where tu1_0.status=?
[SCHEDULER] Checking pending Top Up requests...
2026-08-14T00:25:42.497+07:00 DEBUG 16492 --- [   scheduling-1] org.hibernate.SQL                        : select tu1_0.id,tu1_0.amount,tu1_0.date,tu1_0.status,tu1_0.user_id from top_up tu1_0 where tu1_0.status=?
[SCHEDULER] Checking pending Top Up requests...
2026-08-14T00:25:42.499+07:00 DEBUG 16492 --- [   scheduling-1] org.hibernate.SQL                        : select tu1_0.id,tu1_0.amount,tu1_0.date,tu1_0.status,tu1_0.user_id from top_up tu1_0 where tu1_0.status=?
[SCHEDULER] Checking pending Top Up requests...
2026-08-14T00:25:42.502+07:00 DEBUG 16492 --- [   scheduling-1] org.hibernate.SQL                        : select tu1_0.id,tu1_0.amount,tu1_0.date,tu1_0.status,tu1_0.user_id from top_up tu1_0 where tu1_0.status=?
[SCHEDULER] Checking pending Top Up requests...
2026-08-14T00:25:42.504+07:00 DEBUG 16492 --- [   scheduling-1] org.hibernate.SQL                        : select tu1_0.id,tu1_0.amount,tu1_0.date,tu1_0.status,tu1_0.user_id from top_up tu1_0 where tu1_0.status=?
[SCHEDULER] Checking pending Top Up requests...
2026-08-14T00:25:42.506+07:00 DEBUG 16492 --- [   scheduling-1] org.hibernate.SQL                        : select tu1_0.id,tu1_0.amount,tu1_0.date,tu1_0.status,tu1_0.user_id from top_up tu1_0 where tu1_0.status=?
[SCHEDULER] Checking pending Top Up requests...
2026-08-14T00:25:42.507+07:00 DEBUG 16492 --- [   scheduling-1] org.hibernate.SQL                        : select tu1_0.id,tu1_0.amount,tu1_0.date,tu1_0.status,tu1_0.user_id from top_up tu1_0 where tu1_0.status=?
[SCHEDULER] Checking pending Top Up requests...
2026-08-14T00:25:42.509+07:00 DEBUG 16492 --- [   scheduling-1] org.hibernate.SQL                        : select tu1_0.id,tu1_0.amount,tu1_0.date,tu1_0.status,tu1_0.user_id from top_up tu1_0 where tu1_0.status=?
[SCHEDULER] Checking pending Top Up requests...
2026-08-14T00:25:42.511+07:00 DEBUG 16492 --- [   scheduling-1] org.hibernate.SQL                        : select tu1_0.id,tu1_0.amount,tu1_0.date,tu1_0.status,tu1_0.user_id from top_up tu1_0 where tu1_0.status=?
[SCHEDULER] Checking pending Top Up requests...
2026-08-14T00:25:42.512+07:00 DEBUG 16492 --- [   scheduling-1] org.hibernate.SQL                        : select tu1_0.id,tu1_0.amount,tu1_0.date,tu1_0.status,tu1_0.user_id from top_up tu1_0 where tu1_0.status=?
[SCHEDULER] Checking pending Top Up requests...
2026-08-14T00:25:42.514+07:00 DEBUG 16492 --- [   scheduling-1] org.hibernate.SQL                        : select tu1_0.id,tu1_0.amount,tu1_0.date,tu1_0.status,tu1_0.user_id from top_up tu1_0 where tu1_0.status=?
[SCHEDULER] Checking pending Top Up requests...
2026-08-14T00:25:42.517+07:00 DEBUG 16492 --- [   scheduling-1] org.hibernate.SQL                        : select tu1_0.id,tu1_0.amount,tu1_0.date,tu1_0.status,tu1_0.user_id from top_up tu1_0 where tu1_0.status=?
[SCHEDULER] Checking pending Top Up requests...
2026-08-14T00:25:42.519+07:00 DEBUG 16492 --- [   scheduling-1] org.hibernate.SQL                        : select tu1_0.id,tu1_0.amount,tu1_0.date,tu1_0.status,tu1_0.user_id from top_up tu1_0 where tu1_0.status=?
[SCHEDULER] Checking pending Top Up requests...
2026-08-14T00:25:42.521+07:00 DEBUG 16492 --- [   scheduling-1] org.hibernate.SQL                        : select tu1_0.id,tu1_0.amount,tu1_0.date,tu1_0.status,tu1_0.user_id from top_up tu1_0 where tu1_0.status=?
[SCHEDULER] Checking pending Top Up requests...
2026-08-14T00:25:42.524+07:00 DEBUG 16492 --- [   scheduling-1] org.hibernate.SQL                        : select tu1_0.id,tu1_0.amount,tu1_0.date,tu1_0.status,tu1_0.user_id from top_up tu1_0 where tu1_0.status=?
[SCHEDULER] Checking pending Top Up requests...
2026-08-14T00:25:42.526+07:00 DEBUG 16492 --- [   scheduling-1] org.hibernate.SQL                        : select tu1_0.id,tu1_0.amount,tu1_0.date,tu1_0.status,tu1_0.user_id from top_up tu1_0 where tu1_0.status=?
[SCHEDULER] Checking pending Top Up requests...
2026-08-14T00:25:42.527+07:00 DEBUG 16492 --- [   scheduling-1] org.hibernate.SQL                        : select tu1_0.id,tu1_0.amount,tu1_0.date,tu1_0.status,tu1_0.user_id from top_up tu1_0 where tu1_0.status=?
[SCHEDULER] Checking pending Top Up requests...
2026-08-14T00:25:42.528+07:00 DEBUG 16492 --- [   scheduling-1] org.hibernate.SQL                        : select tu1_0.id,tu1_0.amount,tu1_0.date,tu1_0.status,tu1_0.user_id from top_up tu1_0 where tu1_0.status=?
[SCHEDULER] Checking pending Top Up requests...
2026-08-14T00:25:42.529+07:00 DEBUG 16492 --- [   scheduling-1] org.hibernate.SQL                        : select tu1_0.id,tu1_0.amount,tu1_0.date,tu1_0.status,tu1_0.user_id from top_up tu1_0 where tu1_0.status=?
[SCHEDULER] Checking pending Top Up requests...
2026-08-14T00:25:42.530+07:00 DEBUG 16492 --- [   scheduling-1] org.hibernate.SQL                        : select tu1_0.id,tu1_0.amount,tu1_0.date,tu1_0.status,tu1_0.user_id from top_up tu1_0 where tu1_0.status=?
[SCHEDULER] Checking pending Top Up requests...
2026-08-14T00:25:42.532+07:00 DEBUG 16492 --- [   scheduling-1] org.hibernate.SQL                        : select tu1_0.id,tu1_0.amount,tu1_0.date,tu1_0.status,tu1_0.user_id from top_up tu1_0 where tu1_0.status=?
[SCHEDULER] Checking pending Top Up requests...
2026-08-14T00:25:42.533+07:00 DEBUG 16492 --- [   scheduling-1] org.hibernate.SQL                        : select tu1_0.id,tu1_0.amount,tu1_0.date,tu1_0.status,tu1_0.user_id from top_up tu1_0 where tu1_0.status=?
[SCHEDULER] Checking pending Top Up requests...
2026-08-14T00:25:42.535+07:00 DEBUG 16492 --- [   scheduling-1] org.hibernate.SQL                        : select tu1_0.id,tu1_0.amount,tu1_0.date,tu1_0.status,tu1_0.user_id from top_up tu1_0 where tu1_0.status=?
[SCHEDULER] Checking pending Top Up requests...
2026-08-14T00:25:42.537+07:00 DEBUG 16492 --- [   scheduling-1] org.hibernate.SQL                        : select tu1_0.id,tu1_0.amount,tu1_0.date,tu1_0.status,tu1_0.user_id from top_up tu1_0 where tu1_0.status=?
[SCHEDULER] Checking pending Top Up requests...
2026-08-14T00:25:42.538+07:00 DEBUG 16492 --- [   scheduling-1] org.hibernate.SQL                        : select tu1_0.id,tu1_0.amount,tu1_0.date,tu1_0.status,tu1_0.user_id from top_up tu1_0 where tu1_0.status=?
[SCHEDULER] Checking pending Top Up requests...
2026-08-14T00:25:42.539+07:00 DEBUG 16492 --- [   scheduling-1] org.hibernate.SQL                        : select tu1_0.id,tu1_0.amount,tu1_0.date,tu1_0.status,tu1_0.user_id from top_up tu1_0 where tu1_0.status=?
[SCHEDULER] Checking pending Top Up requests...
2026-08-14T00:25:42.540+07:00 DEBUG 16492 --- [   scheduling-1] org.hibernate.SQL                        : select tu1_0.id,tu1_0.amount,tu1_0.date,tu1_0.status,tu1_0.user_id from top_up tu1_0 where tu1_0.status=?
[SCHEDULER] Checking pending Top Up requests...
2026-08-14T00:25:42.541+07:00 DEBUG 16492 --- [   scheduling-1] org.hibernate.SQL                        : select tu1_0.id,tu1_0.amount,tu1_0.date,tu1_0.status,tu1_0.user_id from top_up tu1_0 where tu1_0.status=?
[SCHEDULER] Checking pending Top Up requests...
2026-08-14T00:25:42.542+07:00 DEBUG 16492 --- [   scheduling-1] org.hibernate.SQL                        : select tu1_0.id,tu1_0.amount,tu1_0.date,tu1_0.status,tu1_0.user_id from top_up tu1_0 where tu1_0.status=?
[SCHEDULER] Checking pending Top Up requests...
2026-08-14T00:25:42.543+07:00 DEBUG 16492 --- [   scheduling-1] org.hibernate.SQL                        : select tu1_0.id,tu1_0.amount,tu1_0.date,tu1_0.status,tu1_0.user_id from top_up tu1_0 where tu1_0.status=?
[SCHEDULER] Checking pending Top Up requests...
2026-08-14T00:25:42.545+07:00 DEBUG 16492 --- [   scheduling-1] org.hibernate.SQL                        : select tu1_0.id,tu1_0.amount,tu1_0.date,tu1_0.status,tu1_0.user_id from top_up tu1_0 where tu1_0.status=?
[SCHEDULER] Checking pending Top Up requests...
2026-08-14T00:25:42.547+07:00 DEBUG 16492 --- [   scheduling-1] org.hibernate.SQL                        : select tu1_0.id,tu1_0.amount,tu1_0.date,tu1_0.status,tu1_0.user_id from top_up tu1_0 where tu1_0.status=?
[SCHEDULER] Checking pending Top Up requests...
2026-08-14T00:25:42.549+07:00 DEBUG 16492 --- [   scheduling-1] org.hibernate.SQL                        : select tu1_0.id,tu1_0.amount,tu1_0.date,tu1_0.status,tu1_0.user_id from top_up tu1_0 where tu1_0.status=?
[SCHEDULER] Checking pending Top Up requests...
2026-08-14T00:25:42.550+07:00 DEBUG 16492 --- [   scheduling-1] org.hibernate.SQL                        : select tu1_0.id,tu1_0.amount,tu1_0.date,tu1_0.status,tu1_0.user_id from top_up tu1_0 where tu1_0.status=?
[SCHEDULER] Checking pending Top Up requests...
2026-08-14T00:25:42.552+07:00 DEBUG 16492 --- [   scheduling-1] org.hibernate.SQL                        : select tu1_0.id,tu1_0.amount,tu1_0.date,tu1_0.status,tu1_0.user_id from top_up tu1_0 where tu1_0.status=?
[SCHEDULER] Checking pending Top Up requests...
2026-08-14T00:25:42.553+07:00 DEBUG 16492 --- [   scheduling-1] org.hibernate.SQL                        : select tu1_0.id,tu1_0.amount,tu1_0.date,tu1_0.status,tu1_0.user_id from top_up tu1_0 where tu1_0.status=?
[SCHEDULER] Checking pending Top Up requests...
2026-08-14T00:25:42.556+07:00 DEBUG 16492 --- [   scheduling-1] org.hibernate.SQL                        : select tu1_0.id,tu1_0.amount,tu1_0.date,tu1_0.status,tu1_0.user_id from top_up tu1_0 where tu1_0.status=?
[SCHEDULER] Checking pending Top Up requests...
2026-08-14T00:25:42.557+07:00 DEBUG 16492 --- [   scheduling-1] org.hibernate.SQL                        : select tu1_0.id,tu1_0.amount,tu1_0.date,tu1_0.status,tu1_0.user_id from top_up tu1_0 where tu1_0.status=?
[SCHEDULER] Checking pending Top Up requests...
2026-08-14T00:25:42.558+07:00 DEBUG 16492 --- [   scheduling-1] org.hibernate.SQL                        : select tu1_0.id,tu1_0.amount,tu1_0.date,tu1_0.status,tu1_0.user_id from top_up tu1_0 where tu1_0.status=?
[SCHEDULER] Checking pending Top Up requests...
2026-08-14T00:25:42.560+07:00 DEBUG 16492 --- [   scheduling-1] org.hibernate.SQL                        : select tu1_0.id,tu1_0.amount,tu1_0.date,tu1_0.status,tu1_0.user_id from top_up tu1_0 where tu1_0.status=?
[SCHEDULER] Checking pending Top Up requests...
2026-08-14T00:25:42.561+07:00 DEBUG 16492 --- [   scheduling-1] org.hibernate.SQL                        : select tu1_0.id,tu1_0.amount,tu1_0.date,tu1_0.status,tu1_0.user_id from top_up tu1_0 where tu1_0.status=?
[SCHEDULER] Checking pending Top Up requests...
2026-08-14T00:25:42.563+07:00 DEBUG 16492 --- [   scheduling-1] org.hibernate.SQL                        : select tu1_0.id,tu1_0.amount,tu1_0.date,tu1_0.status,tu1_0.user_id from top_up tu1_0 where tu1_0.status=?
[SCHEDULER] Checking pending Top Up requests...
2026-08-14T00:25:42.564+07:00 DEBUG 16492 --- [   scheduling-1] org.hibernate.SQL                        : select tu1_0.id,tu1_0.amount,tu1_0.date,tu1_0.status,tu1_0.user_id from top_up tu1_0 where tu1_0.status=?
[SCHEDULER] Checking pending Top Up requests...
2026-08-14T00:25:42.566+07:00 DEBUG 16492 --- [   scheduling-1] org.hibernate.SQL                        : select tu1_0.id,tu1_0.amount,tu1_0.date,tu1_0.status,tu1_0.user_id from top_up tu1_0 where tu1_0.status=?
[SCHEDULER] Checking pending Top Up requests...
2026-08-14T00:25:42.568+07:00 DEBUG 16492 --- [   scheduling-1] org.hibernate.SQL                        : select tu1_0.id,tu1_0.amount,tu1_0.date,tu1_0.status,tu1_0.user_id from top_up tu1_0 where tu1_0.status=?
[SCHEDULER] Checking pending Top Up requests...
2026-08-14T00:25:42.570+07:00 DEBUG 16492 --- [   scheduling-1] org.hibernate.SQL                        : select tu1_0.id,tu1_0.amount,tu1_0.date,tu1_0.status,tu1_0.user_id from top_up tu1_0 where tu1_0.status=?
[SCHEDULER] Checking pending Top Up requests...
2026-08-14T00:25:42.572+07:00 DEBUG 16492 --- [   scheduling-1] org.hibernate.SQL                        : select tu1_0.id,tu1_0.amount,tu1_0.date,tu1_0.status,tu1_0.user_id from top_up tu1_0 where tu1_0.status=?
[SCHEDULER] Checking pending Top Up requests...
2026-08-14T00:25:42.573+07:00 DEBUG 16492 --- [   scheduling-1] org.hibernate.SQL                        : select tu1_0.id,tu1_0.amount,tu1_0.date,tu1_0.status,tu1_0.user_id from top_up tu1_0 where tu1_0.status=?
[SCHEDULER] Checking pending Top Up requests...
2026-08-14T00:25:42.574+07:00 DEBUG 16492 --- [   scheduling-1] org.hibernate.SQL                        : select tu1_0.id,tu1_0.amount,tu1_0.date,tu1_0.status,tu1_0.user_id from top_up tu1_0 where tu1_0.status=?
[SCHEDULER] Checking pending Top Up requests...
2026-08-14T00:25:42.577+07:00 DEBUG 16492 --- [   scheduling-1] org.hibernate.SQL                        : select tu1_0.id,tu1_0.amount,tu1_0.date,tu1_0.status,tu1_0.user_id from top_up tu1_0 where tu1_0.status=?
[SCHEDULER] Checking pending Top Up requests...
2026-08-14T00:25:42.578+07:00 DEBUG 16492 --- [   scheduling-1] org.hibernate.SQL                        : select tu1_0.id,tu1_0.amount,tu1_0.date,tu1_0.status,tu1_0.user_id from top_up tu1_0 where tu1_0.status=?
[SCHEDULER] Checking pending Top Up requests...
2026-08-14T00:25:42.579+07:00 DEBUG 16492 --- [   scheduling-1] org.hibernate.SQL                        : select tu1_0.id,tu1_0.amount,tu1_0.date,tu1_0.status,tu1_0.user_id from top_up tu1_0 where tu1_0.status=?
[SCHEDULER] Checking pending Top Up requests...
2026-08-14T00:25:42.581+07:00 DEBUG 16492 --- [   scheduling-1] org.hibernate.SQL                        : select tu1_0.id,tu1_0.amount,tu1_0.date,tu1_0.status,tu1_0.user_id from top_up tu1_0 where tu1_0.status=?
[SCHEDULER] Checking pending Top Up requests...
2026-08-14T00:25:42.584+07:00 DEBUG 16492 --- [   scheduling-1] org.hibernate.SQL                        : select tu1_0.id,tu1_0.amount,tu1_0.date,tu1_0.status,tu1_0.user_id from top_up tu1_0 where tu1_0.status=?
[SCHEDULER] Checking pending Top Up requests...
2026-08-14T00:25:42.585+07:00 DEBUG 16492 --- [   scheduling-1] org.hibernate.SQL                        : select tu1_0.id,tu1_0.amount,tu1_0.date,tu1_0.status,tu1_0.user_id from top_up tu1_0 where tu1_0.status=?
[SCHEDULER] Checking pending Top Up requests...
2026-08-14T00:25:42.586+07:00 DEBUG 16492 --- [   scheduling-1] org.hibernate.SQL                        : select tu1_0.id,tu1_0.amount,tu1_0.date,tu1_0.status,tu1_0.user_id from top_up tu1_0 where tu1_0.status=?
[SCHEDULER] Checking pending Top Up requests...
2026-08-14T00:25:42.588+07:00 DEBUG 16492 --- [   scheduling-1] org.hibernate.SQL                        : select tu1_0.id,tu1_0.amount,tu1_0.date,tu1_0.status,tu1_0.user_id from top_up tu1_0 where tu1_0.status=?
[SCHEDULER] Checking pending Top Up requests...
2026-08-14T00:25:42.589+07:00 DEBUG 16492 --- [   scheduling-1] org.hibernate.SQL                        : select tu1_0.id,tu1_0.amount,tu1_0.date,tu1_0.status,tu1_0.user_id from top_up tu1_0 where tu1_0.status=?
[SCHEDULER] Checking pending Top Up requests...
2026-08-14T00:25:42.591+07:00 DEBUG 16492 --- [   scheduling-1] org.hibernate.SQL                        : select tu1_0.id,tu1_0.amount,tu1_0.date,tu1_0.status,tu1_0.user_id from top_up tu1_0 where tu1_0.status=?
[SCHEDULER] Checking pending Top Up requests...
2026-08-14T00:25:42.592+07:00 DEBUG 16492 --- [   scheduling-1] org.hibernate.SQL                        : select tu1_0.id,tu1_0.amount,tu1_0.date,tu1_0.status,tu1_0.user_id from top_up tu1_0 where tu1_0.status=?
[SCHEDULER] Checking pending Top Up requests...
2026-08-14T00:25:42.594+07:00 DEBUG 16492 --- [   scheduling-1] org.hibernate.SQL                        : select tu1_0.id,tu1_0.amount,tu1_0.date,tu1_0.status,tu1_0.user_id from top_up tu1_0 where tu1_0.status=?
[SCHEDULER] Checking pending Top Up requests...
2026-08-14T00:25:42.595+07:00 DEBUG 16492 --- [   scheduling-1] org.hibernate.SQL                        : select tu1_0.id,tu1_0.amount,tu1_0.date,tu1_0.status,tu1_0.user_id from top_up tu1_0 where tu1_0.status=?
[SCHEDULER] Checking pending Top Up requests...
2026-08-14T00:25:42.599+07:00 DEBUG 16492 --- [   scheduling-1] org.hibernate.SQL                        : select tu1_0.id,tu1_0.amount,tu1_0.date,tu1_0.status,tu1_0.user_id from top_up tu1_0 where tu1_0.status=?
[SCHEDULER] Checking pending Top Up requests...
2026-08-14T00:25:42.600+07:00 DEBUG 16492 --- [   scheduling-1] org.hibernate.SQL                        : select tu1_0.id,tu1_0.amount,tu1_0.date,tu1_0.status,tu1_0.user_id from top_up tu1_0 where tu1_0.status=?
[SCHEDULER] Checking pending Top Up requests...
2026-08-14T00:25:42.602+07:00 DEBUG 16492 --- [   scheduling-1] org.hibernate.SQL                        : select tu1_0.id,tu1_0.amount,tu1_0.date,tu1_0.status,tu1_0.user_id from top_up tu1_0 where tu1_0.status=?
[SCHEDULER] Checking pending Top Up requests...
2026-08-14T00:25:42.603+07:00 DEBUG 16492 --- [   scheduling-1] org.hibernate.SQL                        : select tu1_0.id,tu1_0.amount,tu1_0.date,tu1_0.status,tu1_0.user_id from top_up tu1_0 where tu1_0.status=?
[SCHEDULER] Checking pending Top Up requests...
2026-08-14T00:25:42.605+07:00 DEBUG 16492 --- [   scheduling-1] org.hibernate.SQL                        : select tu1_0.id,tu1_0.amount,tu1_0.date,tu1_0.status,tu1_0.user_id from top_up tu1_0 where tu1_0.status=?
[SCHEDULER] Checking pending Top Up requests...
2026-08-14T00:25:42.607+07:00 DEBUG 16492 --- [   scheduling-1] org.hibernate.SQL                        : select tu1_0.id,tu1_0.amount,tu1_0.date,tu1_0.status,tu1_0.user_id from top_up tu1_0 where tu1_0.status=?
[SCHEDULER] Checking pending Top Up requests...
2026-08-14T00:25:42.609+07:00 DEBUG 16492 --- [   scheduling-1] org.hibernate.SQL                        : select tu1_0.id,tu1_0.amount,tu1_0.date,tu1_0.status,tu1_0.user_id from top_up tu1_0 where tu1_0.status=?
[SCHEDULER] Checking pending Top Up requests...
2026-08-14T00:25:42.612+07:00 DEBUG 16492 --- [   scheduling-1] org.hibernate.SQL                        : select tu1_0.id,tu1_0.amount,tu1_0.date,tu1_0.status,tu1_0.user_id from top_up tu1_0 where tu1_0.status=?
[SCHEDULER] Checking pending Top Up requests...
2026-08-14T00:25:42.614+07:00 DEBUG 16492 --- [   scheduling-1] org.hibernate.SQL                        : select tu1_0.id,tu1_0.amount,tu1_0.date,tu1_0.status,tu1_0.user_id from top_up tu1_0 where tu1_0.status=?
[SCHEDULER] Checking pending Top Up requests...
2026-08-14T00:25:42.615+07:00 DEBUG 16492 --- [   scheduling-1] org.hibernate.SQL                        : select tu1_0.id,tu1_0.amount,tu1_0.date,tu1_0.status,tu1_0.user_id from top_up tu1_0 where tu1_0.status=?
[SCHEDULER] Checking pending Top Up requests...
2026-08-14T00:25:42.617+07:00 DEBUG 16492 --- [   scheduling-1] org.hibernate.SQL                        : select tu1_0.id,tu1_0.amount,tu1_0.date,tu1_0.status,tu1_0.user_id from top_up tu1_0 where tu1_0.status=?
[SCHEDULER] Checking pending Top Up requests...
2026-08-14T00:25:42.620+07:00 DEBUG 16492 --- [   scheduling-1] org.hibernate.SQL                        : select tu1_0.id,tu1_0.amount,tu1_0.date,tu1_0.status,tu1_0.user_id from top_up tu1_0 where tu1_0.status=?
[SCHEDULER] Checking pending Top Up requests...
2026-08-14T00:25:42.628+07:00 DEBUG 16492 --- [   scheduling-1] org.hibernate.SQL                        : select tu1_0.id,tu1_0.amount,tu1_0.date,tu1_0.status,tu1_0.user_id from top_up tu1_0 where tu1_0.status=?
[SCHEDULER] Checking pending Top Up requests...
2026-08-14T00:25:42.629+07:00 DEBUG 16492 --- [   scheduling-1] org.hibernate.SQL                        : select tu1_0.id,tu1_0.amount,tu1_0.date,tu1_0.status,tu1_0.user_id from top_up tu1_0 where tu1_0.status=?
[SCHEDULER] Checking pending Top Up requests...
2026-08-14T00:25:42.632+07:00 DEBUG 16492 --- [   scheduling-1] org.hibernate.SQL                        : select tu1_0.id,tu1_0.amount,tu1_0.date,tu1_0.status,tu1_0.user_id from top_up tu1_0 where tu1_0.status=?
[SCHEDULER] Checking pending Top Up requests...
2026-08-14T00:25:42.634+07:00 DEBUG 16492 --- [   scheduling-1] org.hibernate.SQL                        : select tu1_0.id,tu1_0.amount,tu1_0.date,tu1_0.status,tu1_0.user_id from top_up tu1_0 where tu1_0.status=?
[SCHEDULER] Checking pending Top Up requests...
2026-08-14T00:25:42.636+07:00 DEBUG 16492 --- [   scheduling-1] org.hibernate.SQL                        : select tu1_0.id,tu1_0.amount,tu1_0.date,tu1_0.status,tu1_0.user_id from top_up tu1_0 where tu1_0.status=?
[SCHEDULER] Checking pending Top Up requests...
2026-08-14T00:25:42.637+07:00 DEBUG 16492 --- [   scheduling-1] org.hibernate.SQL                        : select tu1_0.id,tu1_0.amount,tu1_0.date,tu1_0.status,tu1_0.user_id from top_up tu1_0 where tu1_0.status=?
[SCHEDULER] Checking pending Top Up requests...
2026-08-14T00:25:42.639+07:00 DEBUG 16492 --- [   scheduling-1] org.hibernate.SQL                        : select tu1_0.id,tu1_0.amount,tu1_0.date,tu1_0.status,tu1_0.user_id from top_up tu1_0 where tu1_0.status=?
[SCHEDULER] Checking pending Top Up requests...
2026-08-14T00:25:42.642+07:00 DEBUG 16492 --- [   scheduling-1] org.hibernate.SQL                        : select tu1_0.id,tu1_0.amount,tu1_0.date,tu1_0.status,tu1_0.user_id from top_up tu1_0 where tu1_0.status=?
[SCHEDULER] Checking pending Top Up requests...
2026-08-14T00:25:42.643+07:00 DEBUG 16492 --- [   scheduling-1] org.hibernate.SQL                        : select tu1_0.id,tu1_0.amount,tu1_0.date,tu1_0.status,tu1_0.user_id from top_up tu1_0 where tu1_0.status=?
[SCHEDULER] Checking pending Top Up requests...
2026-08-14T00:25:42.645+07:00 DEBUG 16492 --- [   scheduling-1] org.hibernate.SQL                        : select tu1_0.id,tu1_0.amount,tu1_0.date,tu1_0.status,tu1_0.user_id from top_up tu1_0 where tu1_0.status=?
[SCHEDULER] Checking pending Top Up requests...
2026-08-14T00:25:42.647+07:00 DEBUG 16492 --- [   scheduling-1] org.hibernate.SQL                        : select tu1_0.id,tu1_0.amount,tu1_0.date,tu1_0.status,tu1_0.user_id from top_up tu1_0 where tu1_0.status=?
[SCHEDULER] Checking pending Top Up requests...
2026-08-14T00:25:42.649+07:00 DEBUG 16492 --- [   scheduling-1] org.hibernate.SQL                        : select tu1_0.id,tu1_0.amount,tu1_0.date,tu1_0.status,tu1_0.user_id from top_up tu1_0 where tu1_0.status=?
[SCHEDULER] Checking pending Top Up requests...
2026-08-14T00:25:42.651+07:00 DEBUG 16492 --- [   scheduling-1] org.hibernate.SQL                        : select tu1_0.id,tu1_0.amount,tu1_0.date,tu1_0.status,tu1_0.user_id from top_up tu1_0 where tu1_0.status=?
[SCHEDULER] Checking pending Top Up requests...
2026-08-14T00:25:42.653+07:00 DEBUG 16492 --- [   scheduling-1] org.hibernate.SQL                        : select tu1_0.id,tu1_0.amount,tu1_0.date,tu1_0.status,tu1_0.user_id from top_up tu1_0 where tu1_0.status=?
[SCHEDULER] Checking pending Top Up requests...
2026-08-14T00:25:42.655+07:00 DEBUG 16492 --- [   scheduling-1] org.hibernate.SQL                        : select tu1_0.id,tu1_0.amount,tu1_0.date,tu1_0.status,tu1_0.user_id from top_up tu1_0 where tu1_0.status=?
[SCHEDULER] Checking pending Top Up requests...
2026-08-14T00:25:42.656+07:00 DEBUG 16492 --- [   scheduling-1] org.hibernate.SQL                        : select tu1_0.id,tu1_0.amount,tu1_0.date,tu1_0.status,tu1_0.user_id from top_up tu1_0 where tu1_0.status=?
[SCHEDULER] Checking pending Top Up requests...
2026-08-14T00:25:42.660+07:00 DEBUG 16492 --- [   scheduling-1] org.hibernate.SQL                        : select tu1_0.id,tu1_0.amount,tu1_0.date,tu1_0.status,tu1_0.user_id from top_up tu1_0 where tu1_0.status=?
[SCHEDULER] Checking pending Top Up requests...
2026-08-14T00:25:42.662+07:00 DEBUG 16492 --- [   scheduling-1] org.hibernate.SQL                        : select tu1_0.id,tu1_0.amount,tu1_0.date,tu1_0.status,tu1_0.user_id from top_up tu1_0 where tu1_0.status=?
[SCHEDULER] Checking pending Top Up requests...
2026-08-14T00:25:42.664+07:00 DEBUG 16492 --- [   scheduling-1] org.hibernate.SQL                        : select tu1_0.id,tu1_0.amount,tu1_0.date,tu1_0.status,tu1_0.user_id from top_up tu1_0 where tu1_0.status=?
[SCHEDULER] Checking pending Top Up requests...
2026-08-14T00:25:42.666+07:00 DEBUG 16492 --- [   scheduling-1] org.hibernate.SQL                        : select tu1_0.id,tu1_0.amount,tu1_0.date,tu1_0.status,tu1_0.user_id from top_up tu1_0 where tu1_0.status=?
[SCHEDULER] Checking pending Top Up requests...
2026-08-14T00:25:42.669+07:00 DEBUG 16492 --- [   scheduling-1] org.hibernate.SQL                        : select tu1_0.id,tu1_0.amount,tu1_0.date,tu1_0.status,tu1_0.user_id from top_up tu1_0 where tu1_0.status=?
[SCHEDULER] Checking pending Top Up requests...
2026-08-14T00:25:42.671+07:00 DEBUG 16492 --- [   scheduling-1] org.hibernate.SQL                        : select tu1_0.id,tu1_0.amount,tu1_0.date,tu1_0.status,tu1_0.user_id from top_up tu1_0 where tu1_0.status=?
[SCHEDULER] Checking pending Top Up requests...
2026-08-14T00:25:42.673+07:00 DEBUG 16492 --- [   scheduling-1] org.hibernate.SQL                        : select tu1_0.id,tu1_0.amount,tu1_0.date,tu1_0.status,tu1_0.user_id from top_up tu1_0 where tu1_0.status=?
[SCHEDULER] Checking pending Top Up requests...
2026-08-14T00:25:42.674+07:00 DEBUG 16492 --- [   scheduling-1] org.hibernate.SQL                        : select tu1_0.id,tu1_0.amount,tu1_0.date,tu1_0.status,tu1_0.user_id from top_up tu1_0 where tu1_0.status=?
[SCHEDULER] Checking pending Top Up requests...
2026-08-14T00:25:42.676+07:00 DEBUG 16492 --- [   scheduling-1] org.hibernate.SQL                        : select tu1_0.id,tu1_0.amount,tu1_0.date,tu1_0.status,tu1_0.user_id from top_up tu1_0 where tu1_0.status=?
[SCHEDULER] Checking pending Top Up requests...
2026-08-14T00:25:42.679+07:00 DEBUG 16492 --- [   scheduling-1] org.hibernate.SQL                        : select tu1_0.id,tu1_0.amount,tu1_0.date,tu1_0.status,tu1_0.user_id from top_up tu1_0 where tu1_0.status=?
[SCHEDULER] Checking pending Top Up requests...
2026-08-14T00:25:42.680+07:00 DEBUG 16492 --- [   scheduling-1] org.hibernate.SQL                        : select tu1_0.id,tu1_0.amount,tu1_0.date,tu1_0.status,tu1_0.user_id from top_up tu1_0 where tu1_0.status=?
[SCHEDULER] Checking pending Top Up requests...
2026-08-14T00:25:42.681+07:00 DEBUG 16492 --- [   scheduling-1] org.hibernate.SQL                        : select tu1_0.id,tu1_0.amount,tu1_0.date,tu1_0.status,tu1_0.user_id from top_up tu1_0 where tu1_0.status=?
[SCHEDULER] Checking pending Top Up requests...
2026-08-14T00:25:42.683+07:00 DEBUG 16492 --- [   scheduling-1] org.hibernate.SQL                        : select tu1_0.id,tu1_0.amount,tu1_0.date,tu1_0.status,tu1_0.user_id from top_up tu1_0 where tu1_0.status=?
[SCHEDULER] Checking pending Top Up requests...
2026-08-14T00:25:42.685+07:00 DEBUG 16492 --- [   scheduling-1] org.hibernate.SQL                        : select tu1_0.id,tu1_0.amount,tu1_0.date,tu1_0.status,tu1_0.user_id from top_up tu1_0 where tu1_0.status=?
[SCHEDULER] Checking pending Top Up requests...
2026-08-14T00:25:42.688+07:00 DEBUG 16492 --- [   scheduling-1] org.hibernate.SQL                        : select tu1_0.id,tu1_0.amount,tu1_0.date,tu1_0.status,tu1_0.user_id from top_up tu1_0 where tu1_0.status=?
[SCHEDULER] Checking pending Top Up requests...
2026-08-14T00:25:42.689+07:00 DEBUG 16492 --- [   scheduling-1] org.hibernate.SQL                        : select tu1_0.id,tu1_0.amount,tu1_0.date,tu1_0.status,tu1_0.user_id from top_up tu1_0 where tu1_0.status=?
[SCHEDULER] Checking pending Top Up requests...
2026-08-14T00:25:42.691+07:00 DEBUG 16492 --- [   scheduling-1] org.hibernate.SQL                        : select tu1_0.id,tu1_0.amount,tu1_0.date,tu1_0.status,tu1_0.user_id from top_up tu1_0 where tu1_0.status=?
[SCHEDULER] Checking pending Top Up requests...
2026-08-14T00:25:42.692+07:00 DEBUG 16492 --- [   scheduling-1] org.hibernate.SQL                        : select tu1_0.id,tu1_0.amount,tu1_0.date,tu1_0.status,tu1_0.user_id from top_up tu1_0 where tu1_0.status=?
[SCHEDULER] Checking pending Top Up requests...
2026-08-14T00:25:42.695+07:00 DEBUG 16492 --- [   scheduling-1] org.hibernate.SQL                        : select tu1_0.id,tu1_0.amount,tu1_0.date,tu1_0.status,tu1_0.user_id from top_up tu1_0 where tu1_0.status=?
[SCHEDULER] Checking pending Top Up requests...
2026-08-14T00:25:42.697+07:00 DEBUG 16492 --- [   scheduling-1] org.hibernate.SQL                        : select tu1_0.id,tu1_0.amount,tu1_0.date,tu1_0.status,tu1_0.user_id from top_up tu1_0 where tu1_0.status=?
[SCHEDULER] Checking pending Top Up requests...
2026-08-14T00:25:42.699+07:00 DEBUG 16492 --- [   scheduling-1] org.hibernate.SQL                        : select tu1_0.id,tu1_0.amount,tu1_0.date,tu1_0.status,tu1_0.user_id from top_up tu1_0 where tu1_0.status=?
[SCHEDULER] Checking pending Top Up requests...
2026-08-14T00:25:42.701+07:00 DEBUG 16492 --- [   scheduling-1] org.hibernate.SQL                        : select tu1_0.id,tu1_0.amount,tu1_0.date,tu1_0.status,tu1_0.user_id from top_up tu1_0 where tu1_0.status=?
[SCHEDULER] Checking pending Top Up requests...
2026-08-14T00:25:42.703+07:00 DEBUG 16492 --- [   scheduling-1] org.hibernate.SQL                        : select tu1_0.id,tu1_0.amount,tu1_0.date,tu1_0.status,tu1_0.user_id from top_up tu1_0 where tu1_0.status=?
[SCHEDULER] Checking pending Top Up requests...
2026-08-14T00:25:42.705+07:00 DEBUG 16492 --- [   scheduling-1] org.hibernate.SQL                        : select tu1_0.id,tu1_0.amount,tu1_0.date,tu1_0.status,tu1_0.user_id from top_up tu1_0 where tu1_0.status=?
[SCHEDULER] Checking pending Top Up requests...
2026-08-14T00:25:42.707+07:00 DEBUG 16492 --- [   scheduling-1] org.hibernate.SQL                        : select tu1_0.id,tu1_0.amount,tu1_0.date,tu1_0.status,tu1_0.user_id from top_up tu1_0 where tu1_0.status=?
[SCHEDULER] Checking pending Top Up requests...
2026-08-14T00:25:42.708+07:00 DEBUG 16492 --- [   scheduling-1] org.hibernate.SQL                        : select tu1_0.id,tu1_0.amount,tu1_0.date,tu1_0.status,tu1_0.user_id from top_up tu1_0 where tu1_0.status=?
[SCHEDULER] Checking pending Top Up requests...
2026-08-14T00:25:42.708+07:00 DEBUG 16492 --- [   scheduling-1] org.hibernate.SQL                        : select tu1_0.id,tu1_0.amount,tu1_0.date,tu1_0.status,tu1_0.user_id from top_up tu1_0 where tu1_0.status=?
[SCHEDULER] Checking pending Top Up requests...
2026-08-14T00:25:42.710+07:00 DEBUG 16492 --- [   scheduling-1] org.hibernate.SQL                        : select tu1_0.id,tu1_0.amount,tu1_0.date,tu1_0.status,tu1_0.user_id from top_up tu1_0 where tu1_0.status=?
[SCHEDULER] Checking pending Top Up requests...
2026-08-14T00:25:42.711+07:00 DEBUG 16492 --- [   scheduling-1] org.hibernate.SQL                        : select tu1_0.id,tu1_0.amount,tu1_0.date,tu1_0.status,tu1_0.user_id from top_up tu1_0 where tu1_0.status=?
[SCHEDULER] Checking pending Top Up requests...
2026-08-14T00:25:42.713+07:00 DEBUG 16492 --- [   scheduling-1] org.hibernate.SQL                        : select tu1_0.id,tu1_0.amount,tu1_0.date,tu1_0.status,tu1_0.user_id from top_up tu1_0 where tu1_0.status=?
[SCHEDULER] Checking pending Top Up requests...
2026-08-14T00:25:42.715+07:00 DEBUG 16492 --- [   scheduling-1] org.hibernate.SQL                        : select tu1_0.id,tu1_0.amount,tu1_0.date,tu1_0.status,tu1_0.user_id from top_up tu1_0 where tu1_0.status=?
[SCHEDULER] Checking pending Top Up requests...
2026-08-14T00:25:42.718+07:00 DEBUG 16492 --- [   scheduling-1] org.hibernate.SQL                        : select tu1_0.id,tu1_0.amount,tu1_0.date,tu1_0.status,tu1_0.user_id from top_up tu1_0 where tu1_0.status=?
[SCHEDULER] Checking pending Top Up requests...
2026-08-14T00:25:42.719+07:00 DEBUG 16492 --- [   scheduling-1] org.hibernate.SQL                        : select tu1_0.id,tu1_0.amount,tu1_0.date,tu1_0.status,tu1_0.user_id from top_up tu1_0 where tu1_0.status=?
[SCHEDULER] Checking pending Top Up requests...
2026-08-14T00:25:42.721+07:00 DEBUG 16492 --- [   scheduling-1] org.hibernate.SQL                        : select tu1_0.id,tu1_0.amount,tu1_0.date,tu1_0.status,tu1_0.user_id from top_up tu1_0 where tu1_0.status=?
[SCHEDULER] Checking pending Top Up requests...
2026-08-14T00:25:42.723+07:00 DEBUG 16492 --- [   scheduling-1] org.hibernate.SQL                        : select tu1_0.id,tu1_0.amount,tu1_0.date,tu1_0.status,tu1_0.user_id from top_up tu1_0 where tu1_0.status=?
[SCHEDULER] Checking pending Top Up requests...
2026-08-14T00:25:42.724+07:00 DEBUG 16492 --- [   scheduling-1] org.hibernate.SQL                        : select tu1_0.id,tu1_0.amount,tu1_0.date,tu1_0.status,tu1_0.user_id from top_up tu1_0 where tu1_0.status=?
[SCHEDULER] Checking pending Top Up requests...
2026-08-14T00:25:42.726+07:00 DEBUG 16492 --- [   scheduling-1] org.hibernate.SQL                        : select tu1_0.id,tu1_0.amount,tu1_0.date,tu1_0.status,tu1_0.user_id from top_up tu1_0 where tu1_0.status=?
[SCHEDULER] Checking pending Top Up requests...
2026-08-14T00:25:42.729+07:00 DEBUG 16492 --- [   scheduling-1] org.hibernate.SQL                        : select tu1_0.id,tu1_0.amount,tu1_0.date,tu1_0.status,tu1_0.user_id from top_up tu1_0 where tu1_0.status=?
[SCHEDULER] Checking pending Top Up requests...
2026-08-14T00:25:42.730+07:00 DEBUG 16492 --- [   scheduling-1] org.hibernate.SQL                        : select tu1_0.id,tu1_0.amount,tu1_0.date,tu1_0.status,tu1_0.user_id from top_up tu1_0 where tu1_0.status=?
[SCHEDULER] Checking pending Top Up requests...
2026-08-14T00:25:42.731+07:00 DEBUG 16492 --- [   scheduling-1] org.hibernate.SQL                        : select tu1_0.id,tu1_0.amount,tu1_0.date,tu1_0.status,tu1_0.user_id from top_up tu1_0 where tu1_0.status=?
[SCHEDULER] Checking pending Top Up requests...
2026-08-14T00:25:42.734+07:00 DEBUG 16492 --- [   scheduling-1] org.hibernate.SQL                        : select tu1_0.id,tu1_0.amount,tu1_0.date,tu1_0.status,tu1_0.user_id from top_up tu1_0 where tu1_0.status=?
[SCHEDULER] Checking pending Top Up requests...
2026-08-14T00:25:42.736+07:00 DEBUG 16492 --- [   scheduling-1] org.hibernate.SQL                        : select tu1_0.id,tu1_0.amount,tu1_0.date,tu1_0.status,tu1_0.user_id from top_up tu1_0 where tu1_0.status=?
[SCHEDULER] Checking pending Top Up requests...
2026-08-14T00:25:42.738+07:00 DEBUG 16492 --- [   scheduling-1] org.hibernate.SQL                        : select tu1_0.id,tu1_0.amount,tu1_0.date,tu1_0.status,tu1_0.user_id from top_up tu1_0 where tu1_0.status=?
[SCHEDULER] Checking pending Top Up requests...
2026-08-14T00:25:42.740+07:00 DEBUG 16492 --- [   scheduling-1] org.hibernate.SQL                        : select tu1_0.id,tu1_0.amount,tu1_0.date,tu1_0.status,tu1_0.user_id from top_up tu1_0 where tu1_0.status=?
[SCHEDULER] Checking pending Top Up requests...
2026-08-14T00:25:42.743+07:00 DEBUG 16492 --- [   scheduling-1] org.hibernate.SQL                        : select tu1_0.id,tu1_0.amount,tu1_0.date,tu1_0.status,tu1_0.user_id from top_up tu1_0 where tu1_0.status=?
[SCHEDULER] Checking pending Top Up requests...
2026-08-14T00:25:42.745+07:00 DEBUG 16492 --- [   scheduling-1] org.hibernate.SQL                        : select tu1_0.id,tu1_0.amount,tu1_0.date,tu1_0.status,tu1_0.user_id from top_up tu1_0 where tu1_0.status=?
[SCHEDULER] Checking pending Top Up requests...
2026-08-14T00:25:42.747+07:00 DEBUG 16492 --- [   scheduling-1] org.hibernate.SQL                        : select tu1_0.id,tu1_0.amount,tu1_0.date,tu1_0.status,tu1_0.user_id from top_up tu1_0 where tu1_0.status=?
[SCHEDULER] Checking pending Top Up requests...
2026-08-14T00:25:42.749+07:00 DEBUG 16492 --- [   scheduling-1] org.hibernate.SQL                        : select tu1_0.id,tu1_0.amount,tu1_0.date,tu1_0.status,tu1_0.user_id from top_up tu1_0 where tu1_0.status=?
[SCHEDULER] Checking pending Top Up requests...
2026-08-14T00:25:42.751+07:00 DEBUG 16492 --- [   scheduling-1] org.hibernate.SQL                        : select tu1_0.id,tu1_0.amount,tu1_0.date,tu1_0.status,tu1_0.user_id from top_up tu1_0 where tu1_0.status=?
[SCHEDULER] Checking pending Top Up requests...
2026-08-14T00:25:42.752+07:00 DEBUG 16492 --- [   scheduling-1] org.hibernate.SQL                        : select tu1_0.id,tu1_0.amount,tu1_0.date,tu1_0.status,tu1_0.user_id from top_up tu1_0 where tu1_0.status=?
[SCHEDULER] Checking pending Top Up requests...
2026-08-14T00:25:42.754+07:00 DEBUG 16492 --- [   scheduling-1] org.hibernate.SQL                        : select tu1_0.id,tu1_0.amount,tu1_0.date,tu1_0.status,tu1_0.user_id from top_up tu1_0 where tu1_0.status=?
[SCHEDULER] Checking pending Top Up requests...
2026-08-14T00:25:42.756+07:00 DEBUG 16492 --- [   scheduling-1] org.hibernate.SQL                        : select tu1_0.id,tu1_0.amount,tu1_0.date,tu1_0.status,tu1_0.user_id from top_up tu1_0 where tu1_0.status=?
[SCHEDULER] Checking pending Top Up requests...
2026-08-14T00:25:42.759+07:00 DEBUG 16492 --- [   scheduling-1] org.hibernate.SQL                        : select tu1_0.id,tu1_0.amount,tu1_0.date,tu1_0.status,tu1_0.user_id from top_up tu1_0 where tu1_0.status=?
[SCHEDULER] Checking pending Top Up requests...
2026-08-14T00:25:42.759+07:00 DEBUG 16492 --- [   scheduling-1] org.hibernate.SQL                        : select tu1_0.id,tu1_0.amount,tu1_0.date,tu1_0.status,tu1_0.user_id from top_up tu1_0 where tu1_0.status=?
[SCHEDULER] Checking pending Top Up requests...
2026-08-14T00:25:42.762+07:00 DEBUG 16492 --- [   scheduling-1] org.hibernate.SQL                        : select tu1_0.id,tu1_0.amount,tu1_0.date,tu1_0.status,tu1_0.user_id from top_up tu1_0 where tu1_0.status=?
[SCHEDULER] Checking pending Top Up requests...
2026-08-14T00:25:42.763+07:00 DEBUG 16492 --- [   scheduling-1] org.hibernate.SQL                        : select tu1_0.id,tu1_0.amount,tu1_0.date,tu1_0.status,tu1_0.user_id from top_up tu1_0 where tu1_0.status=?
[SCHEDULER] Checking pending Top Up requests...
2026-08-14T00:25:42.766+07:00 DEBUG 16492 --- [   scheduling-1] org.hibernate.SQL                        : select tu1_0.id,tu1_0.amount,tu1_0.date,tu1_0.status,tu1_0.user_id from top_up tu1_0 where tu1_0.status=?
[SCHEDULER] Checking pending Top Up requests...
2026-08-14T00:25:42.768+07:00 DEBUG 16492 --- [   scheduling-1] org.hibernate.SQL                        : select tu1_0.id,tu1_0.amount,tu1_0.date,tu1_0.status,tu1_0.user_id from top_up tu1_0 where tu1_0.status=?
[SCHEDULER] Checking pending Top Up requests...
2026-08-14T00:25:42.770+07:00 DEBUG 16492 --- [   scheduling-1] org.hibernate.SQL                        : select tu1_0.id,tu1_0.amount,tu1_0.date,tu1_0.status,tu1_0.user_id from top_up tu1_0 where tu1_0.status=?
[SCHEDULER] Checking pending Top Up requests...
2026-08-14T00:25:42.773+07:00 DEBUG 16492 --- [   scheduling-1] org.hibernate.SQL                        : select tu1_0.id,tu1_0.amount,tu1_0.date,tu1_0.status,tu1_0.user_id from top_up tu1_0 where tu1_0.status=?
[SCHEDULER] Checking pending Top Up requests...
2026-08-14T00:25:42.774+07:00 DEBUG 16492 --- [   scheduling-1] org.hibernate.SQL                        : select tu1_0.id,tu1_0.amount,tu1_0.date,tu1_0.status,tu1_0.user_id from top_up tu1_0 where tu1_0.status=?
[SCHEDULER] Checking pending Top Up requests...
2026-08-14T00:25:42.777+07:00 DEBUG 16492 --- [   scheduling-1] org.hibernate.SQL                        : select tu1_0.id,tu1_0.amount,tu1_0.date,tu1_0.status,tu1_0.user_id from top_up tu1_0 where tu1_0.status=?
[SCHEDULER] Checking pending Top Up requests...
2026-08-14T00:25:42.779+07:00 DEBUG 16492 --- [   scheduling-1] org.hibernate.SQL                        : select tu1_0.id,tu1_0.amount,tu1_0.date,tu1_0.status,tu1_0.user_id from top_up tu1_0 where tu1_0.status=?
[SCHEDULER] Checking pending Top Up requests...
2026-08-14T00:25:42.781+07:00 DEBUG 16492 --- [   scheduling-1] org.hibernate.SQL                        : select tu1_0.id,tu1_0.amount,tu1_0.date,tu1_0.status,tu1_0.user_id from top_up tu1_0 where tu1_0.status=?
[SCHEDULER] Checking pending Top Up requests...
2026-08-14T00:25:42.781+07:00 DEBUG 16492 --- [   scheduling-1] org.hibernate.SQL                        : select tu1_0.id,tu1_0.amount,tu1_0.date,tu1_0.status,tu1_0.user_id from top_up tu1_0 where tu1_0.status=?
[SCHEDULER] Checking pending Top Up requests...
2026-08-14T00:25:42.783+07:00 DEBUG 16492 --- [   scheduling-1] org.hibernate.SQL                        : select tu1_0.id,tu1_0.amount,tu1_0.date,tu1_0.status,tu1_0.user_id from top_up tu1_0 where tu1_0.status=?
[SCHEDULER] Checking pending Top Up requests...
2026-08-14T00:25:42.784+07:00 DEBUG 16492 --- [   scheduling-1] org.hibernate.SQL                        : select tu1_0.id,tu1_0.amount,tu1_0.date,tu1_0.status,tu1_0.user_id from top_up tu1_0 where tu1_0.status=?
[SCHEDULER] Checking pending Top Up requests...
2026-08-14T00:25:42.787+07:00 DEBUG 16492 --- [   scheduling-1] org.hibernate.SQL                        : select tu1_0.id,tu1_0.amount,tu1_0.date,tu1_0.status,tu1_0.user_id from top_up tu1_0 where tu1_0.status=?
[SCHEDULER] Checking pending Top Up requests...
2026-08-14T00:25:42.787+07:00 DEBUG 16492 --- [   scheduling-1] org.hibernate.SQL                        : select tu1_0.id,tu1_0.amount,tu1_0.date,tu1_0.status,tu1_0.user_id from top_up tu1_0 where tu1_0.status=?
[SCHEDULER] Checking pending Top Up requests...
2026-08-14T00:25:42.789+07:00 DEBUG 16492 --- [   scheduling-1] org.hibernate.SQL                        : select tu1_0.id,tu1_0.amount,tu1_0.date,tu1_0.status,tu1_0.user_id from top_up tu1_0 where tu1_0.status=?
[SCHEDULER] Checking pending Top Up requests...
2026-08-14T00:25:42.791+07:00 DEBUG 16492 --- [   scheduling-1] org.hibernate.SQL                        : select tu1_0.id,tu1_0.amount,tu1_0.date,tu1_0.status,tu1_0.user_id from top_up tu1_0 where tu1_0.status=?
[SCHEDULER] Checking pending Top Up requests...
2026-08-14T00:25:42.792+07:00 DEBUG 16492 --- [   scheduling-1] org.hibernate.SQL                        : select tu1_0.id,tu1_0.amount,tu1_0.date,tu1_0.status,tu1_0.user_id from top_up tu1_0 where tu1_0.status=?
[SCHEDULER] Checking pending Top Up requests...
2026-08-14T00:25:42.794+07:00 DEBUG 16492 --- [   scheduling-1] org.hibernate.SQL                        : select tu1_0.id,tu1_0.amount,tu1_0.date,tu1_0.status,tu1_0.user_id from top_up tu1_0 where tu1_0.status=?
[SCHEDULER] Checking pending Top Up requests...
2026-08-14T00:25:42.796+07:00 DEBUG 16492 --- [   scheduling-1] org.hibernate.SQL                        : select tu1_0.id,tu1_0.amount,tu1_0.date,tu1_0.status,tu1_0.user_id from top_up tu1_0 where tu1_0.status=?
[SCHEDULER] Checking pending Top Up requests...
2026-08-14T00:25:42.799+07:00 DEBUG 16492 --- [   scheduling-1] org.hibernate.SQL                        : select tu1_0.id,tu1_0.amount,tu1_0.date,tu1_0.status,tu1_0.user_id from top_up tu1_0 where tu1_0.status=?
[SCHEDULER] Checking pending Top Up requests...
2026-08-14T00:25:42.801+07:00 DEBUG 16492 --- [   scheduling-1] org.hibernate.SQL                        : select tu1_0.id,tu1_0.amount,tu1_0.date,tu1_0.status,tu1_0.user_id from top_up tu1_0 where tu1_0.status=?
[SCHEDULER] Checking pending Top Up requests...
2026-08-14T00:25:42.802+07:00 DEBUG 16492 --- [   scheduling-1] org.hibernate.SQL                        : select tu1_0.id,tu1_0.amount,tu1_0.date,tu1_0.status,tu1_0.user_id from top_up tu1_0 where tu1_0.status=?
[SCHEDULER] Checking pending Top Up requests...
2026-08-14T00:25:42.808+07:00 DEBUG 16492 --- [   scheduling-1] org.hibernate.SQL                        : select tu1_0.id,tu1_0.amount,tu1_0.date,tu1_0.status,tu1_0.user_id from top_up tu1_0 where tu1_0.status=?
[SCHEDULER] Checking pending Top Up requests...
2026-08-14T00:25:42.812+07:00 DEBUG 16492 --- [   scheduling-1] org.hibernate.SQL                        : select tu1_0.id,tu1_0.amount,tu1_0.date,tu1_0.status,tu1_0.user_id from top_up tu1_0 where tu1_0.status=?
[SCHEDULER] Checking pending Top Up requests...
2026-08-14T00:25:42.815+07:00 DEBUG 16492 --- [   scheduling-1] org.hibernate.SQL                        : select tu1_0.id,tu1_0.amount,tu1_0.date,tu1_0.status,tu1_0.user_id from top_up tu1_0 where tu1_0.status=?
[SCHEDULER] Checking pending Top Up requests...
2026-08-14T00:25:42.819+07:00 DEBUG 16492 --- [   scheduling-1] org.hibernate.SQL                        : select tu1_0.id,tu1_0.amount,tu1_0.date,tu1_0.status,tu1_0.user_id from top_up tu1_0 where tu1_0.status=?
[SCHEDULER] Checking pending Top Up requests...
2026-08-14T00:25:42.821+07:00 DEBUG 16492 --- [   scheduling-1] org.hibernate.SQL                        : select tu1_0.id,tu1_0.amount,tu1_0.date,tu1_0.status,tu1_0.user_id from top_up tu1_0 where tu1_0.status=?
[SCHEDULER] Checking pending Top Up requests...
2026-08-14T00:25:42.824+07:00 DEBUG 16492 --- [   scheduling-1] org.hibernate.SQL                        : select tu1_0.id,tu1_0.amount,tu1_0.date,tu1_0.status,tu1_0.user_id from top_up tu1_0 where tu1_0.status=?
[SCHEDULER] Checking pending Top Up requests...
2026-08-14T00:25:42.826+07:00 DEBUG 16492 --- [   scheduling-1] org.hibernate.SQL                        : select tu1_0.id,tu1_0.amount,tu1_0.date,tu1_0.status,tu1_0.user_id from top_up tu1_0 where tu1_0.status=?
[SCHEDULER] Checking pending Top Up requests...
2026-08-14T00:25:42.827+07:00 DEBUG 16492 --- [   scheduling-1] org.hibernate.SQL                        : select tu1_0.id,tu1_0.amount,tu1_0.date,tu1_0.status,tu1_0.user_id from top_up tu1_0 where tu1_0.status=?
[SCHEDULER] Checking pending Top Up requests...
2026-08-14T00:25:42.829+07:00 DEBUG 16492 --- [   scheduling-1] org.hibernate.SQL                        : select tu1_0.id,tu1_0.amount,tu1_0.date,tu1_0.status,tu1_0.user_id from top_up tu1_0 where tu1_0.status=?
[SCHEDULER] Checking pending Top Up requests...
2026-08-14T00:25:42.831+07:00 DEBUG 16492 --- [   scheduling-1] org.hibernate.SQL                        : select tu1_0.id,tu1_0.amount,tu1_0.date,tu1_0.status,tu1_0.user_id from top_up tu1_0 where tu1_0.status=?
[SCHEDULER] Checking pending Top Up requests...
2026-08-14T00:25:42.833+07:00 DEBUG 16492 --- [   scheduling-1] org.hibernate.SQL                        : select tu1_0.id,tu1_0.amount,tu1_0.date,tu1_0.status,tu1_0.user_id from top_up tu1_0 where tu1_0.status=?
[SCHEDULER] Checking pending Top Up requests...
2026-08-14T00:25:42.837+07:00 DEBUG 16492 --- [   scheduling-1] org.hibernate.SQL                        : select tu1_0.id,tu1_0.amount,tu1_0.date,tu1_0.status,tu1_0.user_id from top_up tu1_0 where tu1_0.status=?
[SCHEDULER] Checking pending Top Up requests...
2026-08-14T00:25:42.840+07:00 DEBUG 16492 --- [   scheduling-1] org.hibernate.SQL                        : select tu1_0.id,tu1_0.amount,tu1_0.date,tu1_0.status,tu1_0.user_id from top_up tu1_0 where tu1_0.status=?
[SCHEDULER] Checking pending Top Up requests...
2026-08-14T00:25:42.842+07:00 DEBUG 16492 --- [   scheduling-1] org.hibernate.SQL                        : select tu1_0.id,tu1_0.amount,tu1_0.date,tu1_0.status,tu1_0.user_id from top_up tu1_0 where tu1_0.status=?
[SCHEDULER] Checking pending Top Up requests...
2026-08-14T00:25:42.843+07:00 DEBUG 16492 --- [   scheduling-1] org.hibernate.SQL                        : select tu1_0.id,tu1_0.amount,tu1_0.date,tu1_0.status,tu1_0.user_id from top_up tu1_0 where tu1_0.status=?
[SCHEDULER] Checking pending Top Up requests...
2026-08-14T00:25:42.846+07:00 DEBUG 16492 --- [   scheduling-1] org.hibernate.SQL                        : select tu1_0.id,tu1_0.amount,tu1_0.date,tu1_0.status,tu1_0.user_id from top_up tu1_0 where tu1_0.status=?
[SCHEDULER] Checking pending Top Up requests...
2026-08-14T00:25:42.847+07:00 DEBUG 16492 --- [   scheduling-1] org.hibernate.SQL                        : select tu1_0.id,tu1_0.amount,tu1_0.date,tu1_0.status,tu1_0.user_id from top_up tu1_0 where tu1_0.status=?
[SCHEDULER] Checking pending Top Up requests...
2026-08-14T00:25:42.849+07:00 DEBUG 16492 --- [   scheduling-1] org.hibernate.SQL                        : select tu1_0.id,tu1_0.amount,tu1_0.date,tu1_0.status,tu1_0.user_id from top_up tu1_0 where tu1_0.status=?
[SCHEDULER] Checking pending Top Up requests...
2026-08-14T00:25:42.851+07:00 DEBUG 16492 --- [   scheduling-1] org.hibernate.SQL                        : select tu1_0.id,tu1_0.amount,tu1_0.date,tu1_0.status,tu1_0.user_id from top_up tu1_0 where tu1_0.status=?
[SCHEDULER] Checking pending Top Up requests...
2026-08-14T00:25:42.853+07:00 DEBUG 16492 --- [   scheduling-1] org.hibernate.SQL                        : select tu1_0.id,tu1_0.amount,tu1_0.date,tu1_0.status,tu1_0.user_id from top_up tu1_0 where tu1_0.status=?
[SCHEDULER] Checking pending Top Up requests...
2026-08-14T00:25:42.854+07:00 DEBUG 16492 --- [   scheduling-1] org.hibernate.SQL                        : select tu1_0.id,tu1_0.amount,tu1_0.date,tu1_0.status,tu1_0.user_id from top_up tu1_0 where tu1_0.status=?
[SCHEDULER] Checking pending Top Up requests...
2026-08-14T00:25:42.856+07:00 DEBUG 16492 --- [   scheduling-1] org.hibernate.SQL                        : select tu1_0.id,tu1_0.amount,tu1_0.date,tu1_0.status,tu1_0.user_id from top_up tu1_0 where tu1_0.status=?
[SCHEDULER] Checking pending Top Up requests...
2026-08-14T00:25:42.858+07:00 DEBUG 16492 --- [   scheduling-1] org.hibernate.SQL                        : select tu1_0.id,tu1_0.amount,tu1_0.date,tu1_0.status,tu1_0.user_id from top_up tu1_0 where tu1_0.status=?
[SCHEDULER] Checking pending Top Up requests...
2026-08-14T00:25:42.859+07:00 DEBUG 16492 --- [   scheduling-1] org.hibernate.SQL                        : select tu1_0.id,tu1_0.amount,tu1_0.date,tu1_0.status,tu1_0.user_id from top_up tu1_0 where tu1_0.status=?
[SCHEDULER] Checking pending Top Up requests...
2026-08-14T00:25:42.861+07:00 DEBUG 16492 --- [   scheduling-1] org.hibernate.SQL                        : select tu1_0.id,tu1_0.amount,tu1_0.date,tu1_0.status,tu1_0.user_id from top_up tu1_0 where tu1_0.status=?
[SCHEDULER] Checking pending Top Up requests...
2026-08-14T00:25:42.863+07:00 DEBUG 16492 --- [   scheduling-1] org.hibernate.SQL                        : select tu1_0.id,tu1_0.amount,tu1_0.date,tu1_0.status,tu1_0.user_id from top_up tu1_0 where tu1_0.status=?
[SCHEDULER] Checking pending Top Up requests...
2026-08-14T00:25:42.864+07:00 DEBUG 16492 --- [   scheduling-1] org.hibernate.SQL                        : select tu1_0.id,tu1_0.amount,tu1_0.date,tu1_0.status,tu1_0.user_id from top_up tu1_0 where tu1_0.status=?
[SCHEDULER] Checking pending Top Up requests...
2026-08-14T00:25:42.866+07:00 DEBUG 16492 --- [   scheduling-1] org.hibernate.SQL                        : select tu1_0.id,tu1_0.amount,tu1_0.date,tu1_0.status,tu1_0.user_id from top_up tu1_0 where tu1_0.status=?
[SCHEDULER] Checking pending Top Up requests...
2026-08-14T00:25:42.873+07:00 DEBUG 16492 --- [   scheduling-1] org.hibernate.SQL                        : select tu1_0.id,tu1_0.amount,tu1_0.date,tu1_0.status,tu1_0.user_id from top_up tu1_0 where tu1_0.status=?
[SCHEDULER] Checking pending Top Up requests...
2026-08-14T00:25:42.877+07:00 DEBUG 16492 --- [   scheduling-1] org.hibernate.SQL                        : select tu1_0.id,tu1_0.amount,tu1_0.date,tu1_0.status,tu1_0.user_id from top_up tu1_0 where tu1_0.status=?
[SCHEDULER] Checking pending Top Up requests...
2026-08-14T00:25:42.878+07:00 DEBUG 16492 --- [   scheduling-1] org.hibernate.SQL                        : select tu1_0.id,tu1_0.amount,tu1_0.date,tu1_0.status,tu1_0.user_id from top_up tu1_0 where tu1_0.status=?
[SCHEDULER] Checking pending Top Up requests...
2026-08-14T00:25:42.880+07:00 DEBUG 16492 --- [   scheduling-1] org.hibernate.SQL                        : select tu1_0.id,tu1_0.amount,tu1_0.date,tu1_0.status,tu1_0.user_id from top_up tu1_0 where tu1_0.status=?
[SCHEDULER] Checking pending Top Up requests...
2026-08-14T00:25:42.883+07:00 DEBUG 16492 --- [   scheduling-1] org.hibernate.SQL                        : select tu1_0.id,tu1_0.amount,tu1_0.date,tu1_0.status,tu1_0.user_id from top_up tu1_0 where tu1_0.status=?
[SCHEDULER] Checking pending Top Up requests...
2026-08-14T00:25:42.885+07:00 DEBUG 16492 --- [   scheduling-1] org.hibernate.SQL                        : select tu1_0.id,tu1_0.amount,tu1_0.date,tu1_0.status,tu1_0.user_id from top_up tu1_0 where tu1_0.status=?
[SCHEDULER] Checking pending Top Up requests...
2026-08-14T00:25:42.886+07:00 DEBUG 16492 --- [   scheduling-1] org.hibernate.SQL                        : select tu1_0.id,tu1_0.amount,tu1_0.date,tu1_0.status,tu1_0.user_id from top_up tu1_0 where tu1_0.status=?
[SCHEDULER] Checking pending Top Up requests...
2026-08-14T00:25:42.888+07:00 DEBUG 16492 --- [   scheduling-1] org.hibernate.SQL                        : select tu1_0.id,tu1_0.amount,tu1_0.date,tu1_0.status,tu1_0.user_id from top_up tu1_0 where tu1_0.status=?
[SCHEDULER] Checking pending Top Up requests...
2026-08-14T00:25:42.890+07:00 DEBUG 16492 --- [   scheduling-1] org.hibernate.SQL                        : select tu1_0.id,tu1_0.amount,tu1_0.date,tu1_0.status,tu1_0.user_id from top_up tu1_0 where tu1_0.status=?
[SCHEDULER] Checking pending Top Up requests...
2026-08-14T00:25:42.891+07:00 DEBUG 16492 --- [   scheduling-1] org.hibernate.SQL                        : select tu1_0.id,tu1_0.amount,tu1_0.date,tu1_0.status,tu1_0.user_id from top_up tu1_0 where tu1_0.status=?
[SCHEDULER] Checking pending Top Up requests...
2026-08-14T00:25:42.893+07:00 DEBUG 16492 --- [   scheduling-1] org.hibernate.SQL                        : select tu1_0.id,tu1_0.amount,tu1_0.date,tu1_0.status,tu1_0.user_id from top_up tu1_0 where tu1_0.status=?
[SCHEDULER] Checking pending Top Up requests...
2026-08-14T00:25:42.897+07:00 DEBUG 16492 --- [   scheduling-1] org.hibernate.SQL                        : select tu1_0.id,tu1_0.amount,tu1_0.date,tu1_0.status,tu1_0.user_id from top_up tu1_0 where tu1_0.status=?
[SCHEDULER] Checking pending Top Up requests...
2026-08-14T00:25:42.898+07:00 DEBUG 16492 --- [   scheduling-1] org.hibernate.SQL                        : select tu1_0.id,tu1_0.amount,tu1_0.date,tu1_0.status,tu1_0.user_id from top_up tu1_0 where tu1_0.status=?
[SCHEDULER] Checking pending Top Up requests...
2026-08-14T00:25:42.899+07:00 DEBUG 16492 --- [   scheduling-1] org.hibernate.SQL                        : select tu1_0.id,tu1_0.amount,tu1_0.date,tu1_0.status,tu1_0.user_id from top_up tu1_0 where tu1_0.status=?
[SCHEDULER] Checking pending Top Up requests...
2026-08-14T00:25:42.901+07:00 DEBUG 16492 --- [   scheduling-1] org.hibernate.SQL                        : select tu1_0.id,tu1_0.amount,tu1_0.date,tu1_0.status,tu1_0.user_id from top_up tu1_0 where tu1_0.status=?
[SCHEDULER] Checking pending Top Up requests...
2026-08-14T00:25:42.902+07:00 DEBUG 16492 --- [   scheduling-1] org.hibernate.SQL                        : select tu1_0.id,tu1_0.amount,tu1_0.date,tu1_0.status,tu1_0.user_id from top_up tu1_0 where tu1_0.status=?
[SCHEDULER] Checking pending Top Up requests...
2026-08-14T00:25:42.904+07:00 DEBUG 16492 --- [   scheduling-1] org.hibernate.SQL                        : select tu1_0.id,tu1_0.amount,tu1_0.date,tu1_0.status,tu1_0.user_id from top_up tu1_0 where tu1_0.status=?
[SCHEDULER] Checking pending Top Up requests...
2026-08-14T00:25:42.907+07:00 DEBUG 16492 --- [   scheduling-1] org.hibernate.SQL                        : select tu1_0.id,tu1_0.amount,tu1_0.date,tu1_0.status,tu1_0.user_id from top_up tu1_0 where tu1_0.status=?
[SCHEDULER] Checking pending Top Up requests...
2026-08-14T00:25:42.909+07:00 DEBUG 16492 --- [   scheduling-1] org.hibernate.SQL                        : select tu1_0.id,tu1_0.amount,tu1_0.date,tu1_0.status,tu1_0.user_id from top_up tu1_0 where tu1_0.status=?
[SCHEDULER] Checking pending Top Up requests...
2026-08-14T00:25:42.911+07:00 DEBUG 16492 --- [   scheduling-1] org.hibernate.SQL                        : select tu1_0.id,tu1_0.amount,tu1_0.date,tu1_0.status,tu1_0.user_id from top_up tu1_0 where tu1_0.status=?
[SCHEDULER] Checking pending Top Up requests...
2026-08-14T00:25:42.912+07:00 DEBUG 16492 --- [   scheduling-1] org.hibernate.SQL                        : select tu1_0.id,tu1_0.amount,tu1_0.date,tu1_0.status,tu1_0.user_id from top_up tu1_0 where tu1_0.status=?
[SCHEDULER] Checking pending Top Up requests...
2026-08-14T00:25:42.914+07:00 DEBUG 16492 --- [   scheduling-1] org.hibernate.SQL                        : select tu1_0.id,tu1_0.amount,tu1_0.date,tu1_0.status,tu1_0.user_id from top_up tu1_0 where tu1_0.status=?
[SCHEDULER] Checking pending Top Up requests...
2026-08-14T00:25:42.917+07:00 DEBUG 16492 --- [   scheduling-1] org.hibernate.SQL                        : select tu1_0.id,tu1_0.amount,tu1_0.date,tu1_0.status,tu1_0.user_id from top_up tu1_0 where tu1_0.status=?
[SCHEDULER] Checking pending Top Up requests...
2026-08-14T00:25:42.924+07:00 DEBUG 16492 --- [   scheduling-1] org.hibernate.SQL                        : select tu1_0.id,tu1_0.amount,tu1_0.date,tu1_0.status,tu1_0.user_id from top_up tu1_0 where tu1_0.status=?
[SCHEDULER] Checking pending Top Up requests...
2026-08-14T00:25:42.926+07:00 DEBUG 16492 --- [   scheduling-1] org.hibernate.SQL                        : select tu1_0.id,tu1_0.amount,tu1_0.date,tu1_0.status,tu1_0.user_id from top_up tu1_0 where tu1_0.status=?
[SCHEDULER] Checking pending Top Up requests...
2026-08-14T00:25:42.928+07:00 DEBUG 16492 --- [   scheduling-1] org.hibernate.SQL                        : select tu1_0.id,tu1_0.amount,tu1_0.date,tu1_0.status,tu1_0.user_id from top_up tu1_0 where tu1_0.status=?
[SCHEDULER] Checking pending Top Up requests...
2026-08-14T00:25:42.929+07:00 DEBUG 16492 --- [   scheduling-1] org.hibernate.SQL                        : select tu1_0.id,tu1_0.amount,tu1_0.date,tu1_0.status,tu1_0.user_id from top_up tu1_0 where tu1_0.status=?
[SCHEDULER] Checking pending Top Up requests...
2026-08-14T00:25:42.931+07:00 DEBUG 16492 --- [   scheduling-1] org.hibernate.SQL                        : select tu1_0.id,tu1_0.amount,tu1_0.date,tu1_0.status,tu1_0.user_id from top_up tu1_0 where tu1_0.status=?
[SCHEDULER] Checking pending Top Up requests...
2026-08-14T00:25:42.933+07:00 DEBUG 16492 --- [   scheduling-1] org.hibernate.SQL                        : select tu1_0.id,tu1_0.amount,tu1_0.date,tu1_0.status,tu1_0.user_id from top_up tu1_0 where tu1_0.status=?
[SCHEDULER] Checking pending Top Up requests...
2026-08-14T00:25:42.936+07:00 DEBUG 16492 --- [   scheduling-1] org.hibernate.SQL                        : select tu1_0.id,tu1_0.amount,tu1_0.date,tu1_0.status,tu1_0.user_id from top_up tu1_0 where tu1_0.status=?
[SCHEDULER] Checking pending Top Up requests...
2026-08-14T00:26:09.378+07:00 DEBUG 16492 --- [   scheduling-1] org.hibernate.SQL                        : select tu1_0.id,tu1_0.amount,tu1_0.date,tu1_0.status,tu1_0.user_id from top_up tu1_0 where tu1_0.status=?
[SCHEDULER] Checking pending Top Up requests...
2026-08-14T00:27:09.385+07:00 DEBUG 16492 --- [   scheduling-1] org.hibernate.SQL                        : select tu1_0.id,tu1_0.amount,tu1_0.date,tu1_0.status,tu1_0.user_id from top_up tu1_0 where tu1_0.status=?
[SCHEDULER] Checking pending Top Up requests...
2026-08-14T00:28:09.380+07:00 DEBUG 16492 --- [   scheduling-1] org.hibernate.SQL                        : select tu1_0.id,tu1_0.amount,tu1_0.date,tu1_0.status,tu1_0.user_id from top_up tu1_0 where tu1_0.status=?
[SCHEDULER] Checking pending Top Up requests...
2026-08-14T00:29:09.385+07:00 DEBUG 16492 --- [   scheduling-1] org.hibernate.SQL                        : select tu1_0.id,tu1_0.amount,tu1_0.date,tu1_0.status,tu1_0.user_id from top_up tu1_0 where tu1_0.status=?
[SCHEDULER] Checking pending Top Up requests...
2026-08-14T00:30:09.377+07:00 DEBUG 16492 --- [   scheduling-1] org.hibernate.SQL                        : select tu1_0.id,tu1_0.amount,tu1_0.date,tu1_0.status,tu1_0.user_id from top_up tu1_0 where tu1_0.status=?
[SCHEDULER] Checking pending Top Up requests...
2026-08-14T00:31:09.379+07:00 DEBUG 16492 --- [   scheduling-1] org.hibernate.SQL                        : select tu1_0.id,tu1_0.amount,tu1_0.date,tu1_0.status,tu1_0.user_id from top_up tu1_0 where tu1_0.status=?
[SCHEDULER] Checking pending Top Up requests...
2026-08-14T00:32:09.389+07:00 DEBUG 16492 --- [   scheduling-1] org.hibernate.SQL                        : select tu1_0.id,tu1_0.amount,tu1_0.date,tu1_0.status,tu1_0.user_id from top_up tu1_0 where tu1_0.status=?
[SCHEDULER] Checking pending Top Up requests...
2026-08-14T00:33:09.378+07:00 DEBUG 16492 --- [   scheduling-1] org.hibernate.SQL                        : select tu1_0.id,tu1_0.amount,tu1_0.date,tu1_0.status,tu1_0.user_id from top_up tu1_0 where tu1_0.status=?
[SCHEDULER] Checking pending Top Up requests...
2026-08-14T00:34:09.382+07:00 DEBUG 16492 --- [   scheduling-1] org.hibernate.SQL                        : select tu1_0.id,tu1_0.amount,tu1_0.date,tu1_0.status,tu1_0.user_id from top_up tu1_0 where tu1_0.status=?
[SCHEDULER] Checking pending Top Up requests...
2026-08-14T00:35:09.391+07:00 DEBUG 16492 --- [   scheduling-1] org.hibernate.SQL                        : select tu1_0.id,tu1_0.amount,tu1_0.date,tu1_0.status,tu1_0.user_id from top_up tu1_0 where tu1_0.status=?
[SCHEDULER] Checking pending Top Up requests...
2026-08-14T00:36:09.386+07:00 DEBUG 16492 --- [   scheduling-1] org.hibernate.SQL                        : select tu1_0.id,tu1_0.amount,tu1_0.date,tu1_0.status,tu1_0.user_id from top_up tu1_0 where tu1_0.status=?
[SCHEDULER] Checking pending Top Up requests...
2026-08-14T00:37:09.387+07:00 DEBUG 16492 --- [   scheduling-1] org.hibernate.SQL                        : select tu1_0.id,tu1_0.amount,tu1_0.date,tu1_0.status,tu1_0.user_id from top_up tu1_0 where tu1_0.status=?
[SCHEDULER] Checking pending Top Up requests...
2026-08-14T00:38:09.379+07:00 DEBUG 16492 --- [   scheduling-1] org.hibernate.SQL                        : select tu1_0.id,tu1_0.amount,tu1_0.date,tu1_0.status,tu1_0.user_id from top_up tu1_0 where tu1_0.status=?
[SCHEDULER] Checking pending Top Up requests...
2026-08-14T00:39:09.384+07:00 DEBUG 16492 --- [   scheduling-1] org.hibernate.SQL                        : select tu1_0.id,tu1_0.amount,tu1_0.date,tu1_0.status,tu1_0.user_id from top_up tu1_0 where tu1_0.status=?
[SCHEDULER] Checking pending Top Up requests...
2026-08-14T00:40:09.383+07:00 DEBUG 16492 --- [   scheduling-1] org.hibernate.SQL                        : select tu1_0.id,tu1_0.amount,tu1_0.date,tu1_0.status,tu1_0.user_id from top_up tu1_0 where tu1_0.status=?
[SCHEDULER] Checking pending Top Up requests...
2026-08-14T00:41:09.386+07:00 DEBUG 16492 --- [   scheduling-1] org.hibernate.SQL                        : select tu1_0.id,tu1_0.amount,tu1_0.date,tu1_0.status,tu1_0.user_id from top_up tu1_0 where tu1_0.status=?
[SCHEDULER] Checking pending Top Up requests...
2026-08-14T00:42:09.385+07:00 DEBUG 16492 --- [   scheduling-1] org.hibernate.SQL                        : select tu1_0.id,tu1_0.amount,tu1_0.date,tu1_0.status,tu1_0.user_id from top_up tu1_0 where tu1_0.status=?
[SCHEDULER] Checking pending Top Up requests...
2026-08-14T00:43:09.390+07:00 DEBUG 16492 --- [   scheduling-1] org.hibernate.SQL                        : select tu1_0.id,tu1_0.amount,tu1_0.date,tu1_0.status,tu1_0.user_id from top_up tu1_0 where tu1_0.status=?
[SCHEDULER] Checking pending Top Up requests...
2026-08-14T00:44:09.390+07:00 DEBUG 16492 --- [   scheduling-1] org.hibernate.SQL                        : select tu1_0.id,tu1_0.amount,tu1_0.date,tu1_0.status,tu1_0.user_id from top_up tu1_0 where tu1_0.status=?
[SCHEDULER] Checking pending Top Up requests...
2026-08-14T00:45:09.391+07:00 DEBUG 16492 --- [   scheduling-1] org.hibernate.SQL                        : select tu1_0.id,tu1_0.amount,tu1_0.date,tu1_0.status,tu1_0.user_id from top_up tu1_0 where tu1_0.status=?
[SCHEDULER] Checking pending Top Up requests...
2026-08-14T00:46:09.381+07:00 DEBUG 16492 --- [   scheduling-1] org.hibernate.SQL                        : select tu1_0.id,tu1_0.amount,tu1_0.date,tu1_0.status,tu1_0.user_id from top_up tu1_0 where tu1_0.status=?
[SCHEDULER] Checking pending Top Up requests...
2026-08-14T00:47:09.385+07:00 DEBUG 16492 --- [   scheduling-1] org.hibernate.SQL                        : select tu1_0.id,tu1_0.amount,tu1_0.date,tu1_0.status,tu1_0.user_id from top_up tu1_0 where tu1_0.status=?
[SCHEDULER] Checking pending Top Up requests...
2026-08-14T00:48:09.377+07:00 DEBUG 16492 --- [   scheduling-1] org.hibernate.SQL                        : select tu1_0.id,tu1_0.amount,tu1_0.date,tu1_0.status,tu1_0.user_id from top_up tu1_0 where tu1_0.status=?
[SCHEDULER] Checking pending Top Up requests...
2026-08-14T00:49:09.386+07:00 DEBUG 16492 --- [   scheduling-1] org.hibernate.SQL                        : select tu1_0.id,tu1_0.amount,tu1_0.date,tu1_0.status,tu1_0.user_id from top_up tu1_0 where tu1_0.status=?
[SCHEDULER] Checking pending Top Up requests...
2026-08-14T00:50:09.386+07:00 DEBUG 16492 --- [   scheduling-1] org.hibernate.SQL                        : select tu1_0.id,tu1_0.amount,tu1_0.date,tu1_0.status,tu1_0.user_id from top_up tu1_0 where tu1_0.status=?
[SCHEDULER] Checking pending Top Up requests...
2026-08-14T00:51:09.380+07:00 DEBUG 16492 --- [   scheduling-1] org.hibernate.SQL                        : select tu1_0.id,tu1_0.amount,tu1_0.date,tu1_0.status,tu1_0.user_id from top_up tu1_0 where tu1_0.status=?
[SCHEDULER] Checking pending Top Up requests...
2026-08-14T00:52:09.382+07:00 DEBUG 16492 --- [   scheduling-1] org.hibernate.SQL                        : select tu1_0.id,tu1_0.amount,tu1_0.date,tu1_0.status,tu1_0.user_id from top_up tu1_0 where tu1_0.status=?
[SCHEDULER] Checking pending Top Up requests...
2026-08-14T00:53:09.386+07:00 DEBUG 16492 --- [   scheduling-1] org.hibernate.SQL                        : select tu1_0.id,tu1_0.amount,tu1_0.date,tu1_0.status,tu1_0.user_id from top_up tu1_0 where tu1_0.status=?
[SCHEDULER] Checking pending Top Up requests...
2026-08-14T00:54:09.382+07:00 DEBUG 16492 --- [   scheduling-1] org.hibernate.SQL                        : select tu1_0.id,tu1_0.amount,tu1_0.date,tu1_0.status,tu1_0.user_id from top_up tu1_0 where tu1_0.status=?
[SCHEDULER] Checking pending Top Up requests...
2026-08-14T00:55:09.384+07:00 DEBUG 16492 --- [   scheduling-1] org.hibernate.SQL                        : select tu1_0.id,tu1_0.amount,tu1_0.date,tu1_0.status,tu1_0.user_id from top_up tu1_0 where tu1_0.status=?
[SCHEDULER] Checking pending Top Up requests...
2026-08-14T00:56:09.392+07:00 DEBUG 16492 --- [   scheduling-1] org.hibernate.SQL                        : select tu1_0.id,tu1_0.amount,tu1_0.date,tu1_0.status,tu1_0.user_id from top_up tu1_0 where tu1_0.status=?
[SCHEDULER] Checking pending Top Up requests...
2026-08-14T00:57:09.381+07:00 DEBUG 16492 --- [   scheduling-1] org.hibernate.SQL                        : select tu1_0.id,tu1_0.amount,tu1_0.date,tu1_0.status,tu1_0.user_id from top_up tu1_0 where tu1_0.status=?
[SCHEDULER] Checking pending Top Up requests...
2026-08-14T00:58:09.385+07:00 DEBUG 16492 --- [   scheduling-1] org.hibernate.SQL                        : select tu1_0.id,tu1_0.amount,tu1_0.date,tu1_0.status,tu1_0.user_id from top_up tu1_0 where tu1_0.status=?
[SCHEDULER] Checking pending Top Up requests...
2026-08-14T00:59:09.388+07:00 DEBUG 16492 --- [   scheduling-1] org.hibernate.SQL                        : select tu1_0.id,tu1_0.amount,tu1_0.date,tu1_0.status,tu1_0.user_id from top_up tu1_0 where tu1_0.status=?
[SCHEDULER] Checking pending Top Up requests...
2026-08-14T01:00:09.384+07:00 DEBUG 16492 --- [   scheduling-1] org.hibernate.SQL                        : select tu1_0.id,tu1_0.amount,tu1_0.date,tu1_0.status,tu1_0.user_id from top_up tu1_0 where tu1_0.status=?
[SCHEDULER] Checking pending Top Up requests...
2026-08-14T01:01:09.381+07:00 DEBUG 16492 --- [   scheduling-1] org.hibernate.SQL                        : select tu1_0.id,tu1_0.amount,tu1_0.date,tu1_0.status,tu1_0.user_id from top_up tu1_0 where tu1_0.status=?
[SCHEDULER] Checking pending Top Up requests...
2026-08-14T01:02:09.389+07:00 DEBUG 16492 --- [   scheduling-1] org.hibernate.SQL                        : select tu1_0.id,tu1_0.amount,tu1_0.date,tu1_0.status,tu1_0.user_id from top_up tu1_0 where tu1_0.status=?
[SCHEDULER] Checking pending Top Up requests...
2026-08-14T01:03:09.392+07:00 DEBUG 16492 --- [   scheduling-1] org.hibernate.SQL                        : select tu1_0.id,tu1_0.amount,tu1_0.date,tu1_0.status,tu1_0.user_id from top_up tu1_0 where tu1_0.status=?
[SCHEDULER] Checking pending Top Up requests...
2026-08-14T01:04:09.385+07:00 DEBUG 16492 --- [   scheduling-1] org.hibernate.SQL                        : select tu1_0.id,tu1_0.amount,tu1_0.date,tu1_0.status,tu1_0.user_id from top_up tu1_0 where tu1_0.status=?
[SCHEDULER] Checking pending Top Up requests...
2026-08-14T01:05:09.387+07:00 DEBUG 16492 --- [   scheduling-1] org.hibernate.SQL                        : select tu1_0.id,tu1_0.amount,tu1_0.date,tu1_0.status,tu1_0.user_id from top_up tu1_0 where tu1_0.status=?
[SCHEDULER] Checking pending Top Up requests...
2026-08-14T01:06:09.387+07:00 DEBUG 16492 --- [   scheduling-1] org.hibernate.SQL                        : select tu1_0.id,tu1_0.amount,tu1_0.date,tu1_0.status,tu1_0.user_id from top_up tu1_0 where tu1_0.status=?
[SCHEDULER] Checking pending Top Up requests...
2026-08-14T01:07:09.391+07:00 DEBUG 16492 --- [   scheduling-1] org.hibernate.SQL                        : select tu1_0.id,tu1_0.amount,tu1_0.date,tu1_0.status,tu1_0.user_id from top_up tu1_0 where tu1_0.status=?
[SCHEDULER] Checking pending Top Up requests...
2026-08-14T01:08:09.382+07:00 DEBUG 16492 --- [   scheduling-1] org.hibernate.SQL                        : select tu1_0.id,tu1_0.amount,tu1_0.date,tu1_0.status,tu1_0.user_id from top_up tu1_0 where tu1_0.status=?
[SCHEDULER] Checking pending Top Up requests...
2026-08-14T01:09:09.396+07:00 DEBUG 16492 --- [   scheduling-1] org.hibernate.SQL                        : select tu1_0.id,tu1_0.amount,tu1_0.date,tu1_0.status,tu1_0.user_id from top_up tu1_0 where tu1_0.status=?
[SCHEDULER] Checking pending Top Up requests...
2026-08-14T01:10:09.388+07:00 DEBUG 16492 --- [   scheduling-1] org.hibernate.SQL                        : select tu1_0.id,tu1_0.amount,tu1_0.date,tu1_0.status,tu1_0.user_id from top_up tu1_0 where tu1_0.status=?
[SCHEDULER] Checking pending Top Up requests...
2026-08-14T01:11:09.391+07:00 DEBUG 16492 --- [   scheduling-1] org.hibernate.SQL                        : select tu1_0.id,tu1_0.amount,tu1_0.date,tu1_0.status,tu1_0.user_id from top_up tu1_0 where tu1_0.status=?
[SCHEDULER] Checking pending Top Up requests...
2026-08-14T01:12:09.383+07:00 DEBUG 16492 --- [   scheduling-1] org.hibernate.SQL                        : select tu1_0.id,tu1_0.amount,tu1_0.date,tu1_0.status,tu1_0.user_id from top_up tu1_0 where tu1_0.status=?
[SCHEDULER] Checking pending Top Up requests...
2026-08-14T01:13:09.389+07:00 DEBUG 16492 --- [   scheduling-1] org.hibernate.SQL                        : select tu1_0.id,tu1_0.amount,tu1_0.date,tu1_0.status,tu1_0.user_id from top_up tu1_0 where tu1_0.status=?
[SCHEDULER] Checking pending Top Up requests...
2026-08-14T01:14:09.397+07:00 DEBUG 16492 --- [   scheduling-1] org.hibernate.SQL                        : select tu1_0.id,tu1_0.amount,tu1_0.date,tu1_0.status,tu1_0.user_id from top_up tu1_0 where tu1_0.status=?
[SCHEDULER] Checking pending Top Up requests...
2026-08-14T01:15:09.396+07:00 DEBUG 16492 --- [   scheduling-1] org.hibernate.SQL                        : select tu1_0.id,tu1_0.amount,tu1_0.date,tu1_0.status,tu1_0.user_id from top_up tu1_0 where tu1_0.status=?
[SCHEDULER] Checking pending Top Up requests...
2026-08-14T01:16:09.388+07:00 DEBUG 16492 --- [   scheduling-1] org.hibernate.SQL                        : select tu1_0.id,tu1_0.amount,tu1_0.date,tu1_0.status,tu1_0.user_id from top_up tu1_0 where tu1_0.status=?
[SCHEDULER] Checking pending Top Up requests...
2026-08-14T01:17:09.383+07:00 DEBUG 16492 --- [   scheduling-1] org.hibernate.SQL                        : select tu1_0.id,tu1_0.amount,tu1_0.date,tu1_0.status,tu1_0.user_id from top_up tu1_0 where tu1_0.status=?
[SCHEDULER] Checking pending Top Up requests...
2026-08-14T01:18:09.389+07:00 DEBUG 16492 --- [   scheduling-1] org.hibernate.SQL                        : select tu1_0.id,tu1_0.amount,tu1_0.date,tu1_0.status,tu1_0.user_id from top_up tu1_0 where tu1_0.status=?
[SCHEDULER] Checking pending Top Up requests...
2026-08-14T01:19:09.391+07:00 DEBUG 16492 --- [   scheduling-1] org.hibernate.SQL                        : select tu1_0.id,tu1_0.amount,tu1_0.date,tu1_0.status,tu1_0.user_id from top_up tu1_0 where tu1_0.status=?
[SCHEDULER] Checking pending Top Up requests...
2026-08-14T01:20:09.392+07:00 DEBUG 16492 --- [   scheduling-1] org.hibernate.SQL                        : select tu1_0.id,tu1_0.amount,tu1_0.date,tu1_0.status,tu1_0.user_id from top_up tu1_0 where tu1_0.status=?
[SCHEDULER] Checking pending Top Up requests...
2026-08-14T01:21:09.391+07:00 DEBUG 16492 --- [   scheduling-1] org.hibernate.SQL                        : select tu1_0.id,tu1_0.amount,tu1_0.date,tu1_0.status,tu1_0.user_id from top_up tu1_0 where tu1_0.status=?
[SCHEDULER] Checking pending Top Up requests...
2026-08-14T01:22:09.388+07:00 DEBUG 16492 --- [   scheduling-1] org.hibernate.SQL                        : select tu1_0.id,tu1_0.amount,tu1_0.date,tu1_0.status,tu1_0.user_id from top_up tu1_0 where tu1_0.status=?
[SCHEDULER] Checking pending Top Up requests...
2026-08-14T01:23:09.392+07:00 DEBUG 16492 --- [   scheduling-1] org.hibernate.SQL                        : select tu1_0.id,tu1_0.amount,tu1_0.date,tu1_0.status,tu1_0.user_id from top_up tu1_0 where tu1_0.status=?
[SCHEDULER] Checking pending Top Up requests...
2026-08-14T01:24:09.387+07:00 DEBUG 16492 --- [   scheduling-1] org.hibernate.SQL                        : select tu1_0.id,tu1_0.amount,tu1_0.date,tu1_0.status,tu1_0.user_id from top_up tu1_0 where tu1_0.status=?
[SCHEDULER] Checking pending Top Up requests...
2026-08-14T01:25:09.383+07:00 DEBUG 16492 --- [   scheduling-1] org.hibernate.SQL                        : select tu1_0.id,tu1_0.amount,tu1_0.date,tu1_0.status,tu1_0.user_id from top_up tu1_0 where tu1_0.status=?
[SCHEDULER] Checking pending Top Up requests...
2026-08-14T01:26:09.384+07:00 DEBUG 16492 --- [   scheduling-1] org.hibernate.SQL                        : select tu1_0.id,tu1_0.amount,tu1_0.date,tu1_0.status,tu1_0.user_id from top_up tu1_0 where tu1_0.status=?
[SCHEDULER] Checking pending Top Up requests...
2026-08-14T01:27:09.387+07:00 DEBUG 16492 --- [   scheduling-1] org.hibernate.SQL                        : select tu1_0.id,tu1_0.amount,tu1_0.date,tu1_0.status,tu1_0.user_id from top_up tu1_0 where tu1_0.status=?
[SCHEDULER] Checking pending Top Up requests...
2026-08-14T01:28:09.393+07:00 DEBUG 16492 --- [   scheduling-1] org.hibernate.SQL                        : select tu1_0.id,tu1_0.amount,tu1_0.date,tu1_0.status,tu1_0.user_id from top_up tu1_0 where tu1_0.status=?
[SCHEDULER] Checking pending Top Up requests...
2026-08-14T01:29:09.390+07:00 DEBUG 16492 --- [   scheduling-1] org.hibernate.SQL                        : select tu1_0.id,tu1_0.amount,tu1_0.date,tu1_0.status,tu1_0.user_id from top_up tu1_0 where tu1_0.status=?
[SCHEDULER] Checking pending Top Up requests...
2026-08-14T01:30:09.400+07:00 DEBUG 16492 --- [   scheduling-1] org.hibernate.SQL                        : select tu1_0.id,tu1_0.amount,tu1_0.date,tu1_0.status,tu1_0.user_id from top_up tu1_0 where tu1_0.status=?
[SCHEDULER] Checking pending Top Up requests...
2026-08-14T01:31:09.391+07:00 DEBUG 16492 --- [   scheduling-1] org.hibernate.SQL                        : select tu1_0.id,tu1_0.amount,tu1_0.date,tu1_0.status,tu1_0.user_id from top_up tu1_0 where tu1_0.status=?
[SCHEDULER] Checking pending Top Up requests...
2026-08-14T01:32:09.386+07:00 DEBUG 16492 --- [   scheduling-1] org.hibernate.SQL                        : select tu1_0.id,tu1_0.amount,tu1_0.date,tu1_0.status,tu1_0.user_id from top_up tu1_0 where tu1_0.status=?
[SCHEDULER] Checking pending Top Up requests...
2026-08-14T01:33:09.396+07:00 DEBUG 16492 --- [   scheduling-1] org.hibernate.SQL                        : select tu1_0.id,tu1_0.amount,tu1_0.date,tu1_0.status,tu1_0.user_id from top_up tu1_0 where tu1_0.status=?
[SCHEDULER] Checking pending Top Up requests...
2026-08-14T01:34:09.397+07:00 DEBUG 16492 --- [   scheduling-1] org.hibernate.SQL                        : select tu1_0.id,tu1_0.amount,tu1_0.date,tu1_0.status,tu1_0.user_id from top_up tu1_0 where tu1_0.status=?
[SCHEDULER] Checking pending Top Up requests...
2026-08-14T01:35:09.390+07:00 DEBUG 16492 --- [   scheduling-1] org.hibernate.SQL                        : select tu1_0.id,tu1_0.amount,tu1_0.date,tu1_0.status,tu1_0.user_id from top_up tu1_0 where tu1_0.status=?
[SCHEDULER] Checking pending Top Up requests...
2026-08-14T01:36:09.394+07:00 DEBUG 16492 --- [   scheduling-1] org.hibernate.SQL                        : select tu1_0.id,tu1_0.amount,tu1_0.date,tu1_0.status,tu1_0.user_id from top_up tu1_0 where tu1_0.status=?
[SCHEDULER] Checking pending Top Up requests...
2026-08-14T01:37:09.390+07:00 DEBUG 16492 --- [   scheduling-1] org.hibernate.SQL                        : select tu1_0.id,tu1_0.amount,tu1_0.date,tu1_0.status,tu1_0.user_id from top_up tu1_0 where tu1_0.status=?
[SCHEDULER] Checking pending Top Up requests...
2026-08-14T01:38:09.396+07:00 DEBUG 16492 --- [   scheduling-1] org.hibernate.SQL                        : select tu1_0.id,tu1_0.amount,tu1_0.date,tu1_0.status,tu1_0.user_id from top_up tu1_0 where tu1_0.status=?
[SCHEDULER] Checking pending Top Up requests...
2026-08-14T01:39:09.396+07:00 DEBUG 16492 --- [   scheduling-1] org.hibernate.SQL                        : select tu1_0.id,tu1_0.amount,tu1_0.date,tu1_0.status,tu1_0.user_id from top_up tu1_0 where tu1_0.status=?
[SCHEDULER] Checking pending Top Up requests...
2026-08-14T01:40:09.388+07:00 DEBUG 16492 --- [   scheduling-1] org.hibernate.SQL                        : select tu1_0.id,tu1_0.amount,tu1_0.date,tu1_0.status,tu1_0.user_id from top_up tu1_0 where tu1_0.status=?
[SCHEDULER] Checking pending Top Up requests...
2026-08-14T01:41:09.388+07:00 DEBUG 16492 --- [   scheduling-1] org.hibernate.SQL                        : select tu1_0.id,tu1_0.amount,tu1_0.date,tu1_0.status,tu1_0.user_id from top_up tu1_0 where tu1_0.status=?
[SCHEDULER] Checking pending Top Up requests...
2026-08-14T01:42:09.387+07:00 DEBUG 16492 --- [   scheduling-1] org.hibernate.SQL                        : select tu1_0.id,tu1_0.amount,tu1_0.date,tu1_0.status,tu1_0.user_id from top_up tu1_0 where tu1_0.status=?
[SCHEDULER] Checking pending Top Up requests...
2026-08-14T01:43:09.393+07:00 DEBUG 16492 --- [   scheduling-1] org.hibernate.SQL                        : select tu1_0.id,tu1_0.amount,tu1_0.date,tu1_0.status,tu1_0.user_id from top_up tu1_0 where tu1_0.status=?
[SCHEDULER] Checking pending Top Up requests...
2026-08-14T01:44:09.387+07:00 DEBUG 16492 --- [   scheduling-1] org.hibernate.SQL                        : select tu1_0.id,tu1_0.amount,tu1_0.date,tu1_0.status,tu1_0.user_id from top_up tu1_0 where tu1_0.status=?
[SCHEDULER] Checking pending Top Up requests...
2026-08-14T01:45:09.397+07:00 DEBUG 16492 --- [   scheduling-1] org.hibernate.SQL                        : select tu1_0.id,tu1_0.amount,tu1_0.date,tu1_0.status,tu1_0.user_id from top_up tu1_0 where tu1_0.status=?
[SCHEDULER] Checking pending Top Up requests...
2026-08-14T01:46:09.393+07:00 DEBUG 16492 --- [   scheduling-1] org.hibernate.SQL                        : select tu1_0.id,tu1_0.amount,tu1_0.date,tu1_0.status,tu1_0.user_id from top_up tu1_0 where tu1_0.status=?
[SCHEDULER] Checking pending Top Up requests...
2026-08-14T01:47:09.384+07:00 DEBUG 16492 --- [   scheduling-1] org.hibernate.SQL                        : select tu1_0.id,tu1_0.amount,tu1_0.date,tu1_0.status,tu1_0.user_id from top_up tu1_0 where tu1_0.status=?
[SCHEDULER] Checking pending Top Up requests...
2026-08-14T01:48:09.390+07:00 DEBUG 16492 --- [   scheduling-1] org.hibernate.SQL                        : select tu1_0.id,tu1_0.amount,tu1_0.date,tu1_0.status,tu1_0.user_id from top_up tu1_0 where tu1_0.status=?
[SCHEDULER] Checking pending Top Up requests...
2026-08-14T01:49:09.397+07:00 DEBUG 16492 --- [   scheduling-1] org.hibernate.SQL                        : select tu1_0.id,tu1_0.amount,tu1_0.date,tu1_0.status,tu1_0.user_id from top_up tu1_0 where tu1_0.status=?
[SCHEDULER] Checking pending Top Up requests...
2026-08-14T01:50:09.391+07:00 DEBUG 16492 --- [   scheduling-1] org.hibernate.SQL                        : select tu1_0.id,tu1_0.amount,tu1_0.date,tu1_0.status,tu1_0.user_id from top_up tu1_0 where tu1_0.status=?
[SCHEDULER] Checking pending Top Up requests...
2026-08-14T01:51:09.388+07:00 DEBUG 16492 --- [   scheduling-1] org.hibernate.SQL                        : select tu1_0.id,tu1_0.amount,tu1_0.date,tu1_0.status,tu1_0.user_id from top_up tu1_0 where tu1_0.status=?
[SCHEDULER] Checking pending Top Up requests...
2026-08-14T01:52:09.393+07:00 DEBUG 16492 --- [   scheduling-1] org.hibernate.SQL                        : select tu1_0.id,tu1_0.amount,tu1_0.date,tu1_0.status,tu1_0.user_id from top_up tu1_0 where tu1_0.status=?
[SCHEDULER] Checking pending Top Up requests...
2026-08-14T01:53:09.397+07:00 DEBUG 16492 --- [   scheduling-1] org.hibernate.SQL                        : select tu1_0.id,tu1_0.amount,tu1_0.date,tu1_0.status,tu1_0.user_id from top_up tu1_0 where tu1_0.status=?
[SCHEDULER] Checking pending Top Up requests...
2026-08-14T01:54:09.394+07:00 DEBUG 16492 --- [   scheduling-1] org.hibernate.SQL                        : select tu1_0.id,tu1_0.amount,tu1_0.date,tu1_0.status,tu1_0.user_id from top_up tu1_0 where tu1_0.status=?
[SCHEDULER] Checking pending Top Up requests...
2026-08-14T01:55:09.384+07:00 DEBUG 16492 --- [   scheduling-1] org.hibernate.SQL                        : select tu1_0.id,tu1_0.amount,tu1_0.date,tu1_0.status,tu1_0.user_id from top_up tu1_0 where tu1_0.status=?
[SCHEDULER] Checking pending Top Up requests...
2026-08-14T01:56:09.415+07:00 DEBUG 16492 --- [   scheduling-1] org.hibernate.SQL                        : select tu1_0.id,tu1_0.amount,tu1_0.date,tu1_0.status,tu1_0.user_id from top_up tu1_0 where tu1_0.status=?
[SCHEDULER] Checking pending Top Up requests...
2026-08-14T01:57:09.392+07:00 DEBUG 16492 --- [   scheduling-1] org.hibernate.SQL                        : select tu1_0.id,tu1_0.amount,tu1_0.date,tu1_0.status,tu1_0.user_id from top_up tu1_0 where tu1_0.status=?
[SCHEDULER] Checking pending Top Up requests...
2026-08-14T01:58:09.394+07:00 DEBUG 16492 --- [   scheduling-1] org.hibernate.SQL                        : select tu1_0.id,tu1_0.amount,tu1_0.date,tu1_0.status,tu1_0.user_id from top_up tu1_0 where tu1_0.status=?
[SCHEDULER] Checking pending Top Up requests...
2026-08-14T01:59:09.393+07:00 DEBUG 16492 --- [   scheduling-1] org.hibernate.SQL                        : select tu1_0.id,tu1_0.amount,tu1_0.date,tu1_0.status,tu1_0.user_id from top_up tu1_0 where tu1_0.status=?
[SCHEDULER] Checking pending Top Up requests...
2026-08-14T02:00:09.386+07:00 DEBUG 16492 --- [   scheduling-1] org.hibernate.SQL                        : select tu1_0.id,tu1_0.amount,tu1_0.date,tu1_0.status,tu1_0.user_id from top_up tu1_0 where tu1_0.status=?
[SCHEDULER] Checking pending Top Up requests...
2026-08-14T02:01:09.397+07:00 DEBUG 16492 --- [   scheduling-1] org.hibernate.SQL                        : select tu1_0.id,tu1_0.amount,tu1_0.date,tu1_0.status,tu1_0.user_id from top_up tu1_0 where tu1_0.status=?
[SCHEDULER] Checking pending Top Up requests...
2026-08-14T02:02:09.390+07:00 DEBUG 16492 --- [   scheduling-1] org.hibernate.SQL                        : select tu1_0.id,tu1_0.amount,tu1_0.date,tu1_0.status,tu1_0.user_id from top_up tu1_0 where tu1_0.status=?
[SCHEDULER] Checking pending Top Up requests...
2026-08-14T02:03:09.399+07:00 DEBUG 16492 --- [   scheduling-1] org.hibernate.SQL                        : select tu1_0.id,tu1_0.amount,tu1_0.date,tu1_0.status,tu1_0.user_id from top_up tu1_0 where tu1_0.status=?
[SCHEDULER] Checking pending Top Up requests...
2026-08-14T02:04:09.386+07:00 DEBUG 16492 --- [   scheduling-1] org.hibernate.SQL                        : select tu1_0.id,tu1_0.amount,tu1_0.date,tu1_0.status,tu1_0.user_id from top_up tu1_0 where tu1_0.status=?
[SCHEDULER] Checking pending Top Up requests...
2026-08-14T02:05:09.392+07:00 DEBUG 16492 --- [   scheduling-1] org.hibernate.SQL                        : select tu1_0.id,tu1_0.amount,tu1_0.date,tu1_0.status,tu1_0.user_id from top_up tu1_0 where tu1_0.status=?
[SCHEDULER] Checking pending Top Up requests...
2026-08-14T02:06:09.388+07:00 DEBUG 16492 --- [   scheduling-1] org.hibernate.SQL                        : select tu1_0.id,tu1_0.amount,tu1_0.date,tu1_0.status,tu1_0.user_id from top_up tu1_0 where tu1_0.status=?
[SCHEDULER] Checking pending Top Up requests...
2026-08-14T02:07:09.387+07:00 DEBUG 16492 --- [   scheduling-1] org.hibernate.SQL                        : select tu1_0.id,tu1_0.amount,tu1_0.date,tu1_0.status,tu1_0.user_id from top_up tu1_0 where tu1_0.status=?
[SCHEDULER] Checking pending Top Up requests...
2026-08-14T02:08:09.389+07:00 DEBUG 16492 --- [   scheduling-1] org.hibernate.SQL                        : select tu1_0.id,tu1_0.amount,tu1_0.date,tu1_0.status,tu1_0.user_id from top_up tu1_0 where tu1_0.status=?
[SCHEDULER] Checking pending Top Up requests...
2026-08-14T02:09:09.394+07:00 DEBUG 16492 --- [   scheduling-1] org.hibernate.SQL                        : select tu1_0.id,tu1_0.amount,tu1_0.date,tu1_0.status,tu1_0.user_id from top_up tu1_0 where tu1_0.status=?
[SCHEDULER] Checking pending Top Up requests...
2026-08-14T02:10:09.399+07:00 DEBUG 16492 --- [   scheduling-1] org.hibernate.SQL                        : select tu1_0.id,tu1_0.amount,tu1_0.date,tu1_0.status,tu1_0.user_id from top_up tu1_0 where tu1_0.status=?
[SCHEDULER] Checking pending Top Up requests...
2026-08-14T02:11:09.394+07:00 DEBUG 16492 --- [   scheduling-1] org.hibernate.SQL                        : select tu1_0.id,tu1_0.amount,tu1_0.date,tu1_0.status,tu1_0.user_id from top_up tu1_0 where tu1_0.status=?
[SCHEDULER] Checking pending Top Up requests...
2026-08-14T02:12:09.395+07:00 DEBUG 16492 --- [   scheduling-1] org.hibernate.SQL                        : select tu1_0.id,tu1_0.amount,tu1_0.date,tu1_0.status,tu1_0.user_id from top_up tu1_0 where tu1_0.status=?
[SCHEDULER] Checking pending Top Up requests...
2026-08-14T02:13:09.400+07:00 DEBUG 16492 --- [   scheduling-1] org.hibernate.SQL                        : select tu1_0.id,tu1_0.amount,tu1_0.date,tu1_0.status,tu1_0.user_id from top_up tu1_0 where tu1_0.status=?
[SCHEDULER] Checking pending Top Up requests...
2026-08-14T02:14:09.399+07:00 DEBUG 16492 --- [   scheduling-1] org.hibernate.SQL                        : select tu1_0.id,tu1_0.amount,tu1_0.date,tu1_0.status,tu1_0.user_id from top_up tu1_0 where tu1_0.status=?
[SCHEDULER] Checking pending Top Up requests...
2026-08-14T02:15:09.397+07:00 DEBUG 16492 --- [   scheduling-1] org.hibernate.SQL                        : select tu1_0.id,tu1_0.amount,tu1_0.date,tu1_0.status,tu1_0.user_id from top_up tu1_0 where tu1_0.status=?
[SCHEDULER] Checking pending Top Up requests...
2026-08-14T02:16:09.396+07:00 DEBUG 16492 --- [   scheduling-1] org.hibernate.SQL                        : select tu1_0.id,tu1_0.amount,tu1_0.date,tu1_0.status,tu1_0.user_id from top_up tu1_0 where tu1_0.status=?
[SCHEDULER] Checking pending Top Up requests...
2026-08-14T02:17:09.391+07:00 DEBUG 16492 --- [   scheduling-1] org.hibernate.SQL                        : select tu1_0.id,tu1_0.amount,tu1_0.date,tu1_0.status,tu1_0.user_id from top_up tu1_0 where tu1_0.status=?
[SCHEDULER] Checking pending Top Up requests...
2026-08-14T02:18:09.392+07:00 DEBUG 16492 --- [   scheduling-1] org.hibernate.SQL                        : select tu1_0.id,tu1_0.amount,tu1_0.date,tu1_0.status,tu1_0.user_id from top_up tu1_0 where tu1_0.status=?
[SCHEDULER] Checking pending Top Up requests...
2026-08-14T02:19:09.396+07:00 DEBUG 16492 --- [   scheduling-1] org.hibernate.SQL                        : select tu1_0.id,tu1_0.amount,tu1_0.date,tu1_0.status,tu1_0.user_id from top_up tu1_0 where tu1_0.status=?
2026-08-14T02:54:13.180+07:00  WARN 16492 --- [l-3 housekeeper] com.zaxxer.hikari.pool.HikariPool        : HikariPool-3 - Thread starvation or clock leap detected (housekeeper delta=35m5s862ms166µs500ns).
[SCHEDULER] Checking pending Top Up requests...
2026-08-14T02:54:45.246+07:00 DEBUG 16492 --- [   scheduling-1] org.hibernate.SQL                        : select tu1_0.id,tu1_0.amount,tu1_0.date,tu1_0.status,tu1_0.user_id from top_up tu1_0 where tu1_0.status=?
[SCHEDULER] Checking pending Top Up requests...
2026-08-14T02:54:45.248+07:00 DEBUG 16492 --- [   scheduling-1] org.hibernate.SQL                        : select tu1_0.id,tu1_0.amount,tu1_0.date,tu1_0.status,tu1_0.user_id from top_up tu1_0 where tu1_0.status=?
[SCHEDULER] Checking pending Top Up requests...
2026-08-14T02:54:45.249+07:00 DEBUG 16492 --- [   scheduling-1] org.hibernate.SQL                        : select tu1_0.id,tu1_0.amount,tu1_0.date,tu1_0.status,tu1_0.user_id from top_up tu1_0 where tu1_0.status=?
[SCHEDULER] Checking pending Top Up requests...
2026-08-14T02:54:45.250+07:00 DEBUG 16492 --- [   scheduling-1] org.hibernate.SQL                        : select tu1_0.id,tu1_0.amount,tu1_0.date,tu1_0.status,tu1_0.user_id from top_up tu1_0 where tu1_0.status=?
[SCHEDULER] Checking pending Top Up requests...
2026-08-14T02:54:45.251+07:00 DEBUG 16492 --- [   scheduling-1] org.hibernate.SQL                        : select tu1_0.id,tu1_0.amount,tu1_0.date,tu1_0.status,tu1_0.user_id from top_up tu1_0 where tu1_0.status=?
[SCHEDULER] Checking pending Top Up requests...
2026-08-14T02:54:45.253+07:00 DEBUG 16492 --- [   scheduling-1] org.hibernate.SQL                        : select tu1_0.id,tu1_0.amount,tu1_0.date,tu1_0.status,tu1_0.user_id from top_up tu1_0 where tu1_0.status=?
[SCHEDULER] Checking pending Top Up requests...
2026-08-14T02:54:45.254+07:00 DEBUG 16492 --- [   scheduling-1] org.hibernate.SQL                        : select tu1_0.id,tu1_0.amount,tu1_0.date,tu1_0.status,tu1_0.user_id from top_up tu1_0 where tu1_0.status=?
[SCHEDULER] Checking pending Top Up requests...
2026-08-14T02:54:45.255+07:00 DEBUG 16492 --- [   scheduling-1] org.hibernate.SQL                        : select tu1_0.id,tu1_0.amount,tu1_0.date,tu1_0.status,tu1_0.user_id from top_up tu1_0 where tu1_0.status=?
[SCHEDULER] Checking pending Top Up requests...
2026-08-14T02:54:45.257+07:00 DEBUG 16492 --- [   scheduling-1] org.hibernate.SQL                        : select tu1_0.id,tu1_0.amount,tu1_0.date,tu1_0.status,tu1_0.user_id from top_up tu1_0 where tu1_0.status=?
[SCHEDULER] Checking pending Top Up requests...
2026-08-14T02:54:45.258+07:00 DEBUG 16492 --- [   scheduling-1] org.hibernate.SQL                        : select tu1_0.id,tu1_0.amount,tu1_0.date,tu1_0.status,tu1_0.user_id from top_up tu1_0 where tu1_0.status=?
[SCHEDULER] Checking pending Top Up requests...
2026-08-14T02:54:45.259+07:00 DEBUG 16492 --- [   scheduling-1] org.hibernate.SQL                        : select tu1_0.id,tu1_0.amount,tu1_0.date,tu1_0.status,tu1_0.user_id from top_up tu1_0 where tu1_0.status=?
[SCHEDULER] Checking pending Top Up requests...
2026-08-14T02:54:45.261+07:00 DEBUG 16492 --- [   scheduling-1] org.hibernate.SQL                        : select tu1_0.id,tu1_0.amount,tu1_0.date,tu1_0.status,tu1_0.user_id from top_up tu1_0 where tu1_0.status=?
[SCHEDULER] Checking pending Top Up requests...
2026-08-14T02:54:45.262+07:00 DEBUG 16492 --- [   scheduling-1] org.hibernate.SQL                        : select tu1_0.id,tu1_0.amount,tu1_0.date,tu1_0.status,tu1_0.user_id from top_up tu1_0 where tu1_0.status=?
[SCHEDULER] Checking pending Top Up requests...
2026-08-14T02:54:45.263+07:00 DEBUG 16492 --- [   scheduling-1] org.hibernate.SQL                        : select tu1_0.id,tu1_0.amount,tu1_0.date,tu1_0.status,tu1_0.user_id from top_up tu1_0 where tu1_0.status=?
[SCHEDULER] Checking pending Top Up requests...
2026-08-14T02:54:45.265+07:00 DEBUG 16492 --- [   scheduling-1] org.hibernate.SQL                        : select tu1_0.id,tu1_0.amount,tu1_0.date,tu1_0.status,tu1_0.user_id from top_up tu1_0 where tu1_0.status=?
[SCHEDULER] Checking pending Top Up requests...
2026-08-14T02:54:45.266+07:00 DEBUG 16492 --- [   scheduling-1] org.hibernate.SQL                        : select tu1_0.id,tu1_0.amount,tu1_0.date,tu1_0.status,tu1_0.user_id from top_up tu1_0 where tu1_0.status=?
[SCHEDULER] Checking pending Top Up requests...
2026-08-14T02:54:45.267+07:00 DEBUG 16492 --- [   scheduling-1] org.hibernate.SQL                        : select tu1_0.id,tu1_0.amount,tu1_0.date,tu1_0.status,tu1_0.user_id from top_up tu1_0 where tu1_0.status=?
[SCHEDULER] Checking pending Top Up requests...
2026-08-14T02:54:45.268+07:00 DEBUG 16492 --- [   scheduling-1] org.hibernate.SQL                        : select tu1_0.id,tu1_0.amount,tu1_0.date,tu1_0.status,tu1_0.user_id from top_up tu1_0 where tu1_0.status=?
[SCHEDULER] Checking pending Top Up requests...
2026-08-14T02:54:45.270+07:00 DEBUG 16492 --- [   scheduling-1] org.hibernate.SQL                        : select tu1_0.id,tu1_0.amount,tu1_0.date,tu1_0.status,tu1_0.user_id from top_up tu1_0 where tu1_0.status=?
[SCHEDULER] Checking pending Top Up requests...
2026-08-14T02:54:45.271+07:00 DEBUG 16492 --- [   scheduling-1] org.hibernate.SQL                        : select tu1_0.id,tu1_0.amount,tu1_0.date,tu1_0.status,tu1_0.user_id from top_up tu1_0 where tu1_0.status=?
[SCHEDULER] Checking pending Top Up requests...
2026-08-14T02:54:45.272+07:00 DEBUG 16492 --- [   scheduling-1] org.hibernate.SQL                        : select tu1_0.id,tu1_0.amount,tu1_0.date,tu1_0.status,tu1_0.user_id from top_up tu1_0 where tu1_0.status=?
[SCHEDULER] Checking pending Top Up requests...
2026-08-14T02:54:45.274+07:00 DEBUG 16492 --- [   scheduling-1] org.hibernate.SQL                        : select tu1_0.id,tu1_0.amount,tu1_0.date,tu1_0.status,tu1_0.user_id from top_up tu1_0 where tu1_0.status=?
[SCHEDULER] Checking pending Top Up requests...
2026-08-14T02:54:45.275+07:00 DEBUG 16492 --- [   scheduling-1] org.hibernate.SQL                        : select tu1_0.id,tu1_0.amount,tu1_0.date,tu1_0.status,tu1_0.user_id from top_up tu1_0 where tu1_0.status=?
[SCHEDULER] Checking pending Top Up requests...
2026-08-14T02:54:45.277+07:00 DEBUG 16492 --- [   scheduling-1] org.hibernate.SQL                        : select tu1_0.id,tu1_0.amount,tu1_0.date,tu1_0.status,tu1_0.user_id from top_up tu1_0 where tu1_0.status=?
[SCHEDULER] Checking pending Top Up requests...
2026-08-14T02:54:45.278+07:00 DEBUG 16492 --- [   scheduling-1] org.hibernate.SQL                        : select tu1_0.id,tu1_0.amount,tu1_0.date,tu1_0.status,tu1_0.user_id from top_up tu1_0 where tu1_0.status=?
[SCHEDULER] Checking pending Top Up requests...
2026-08-14T02:54:45.279+07:00 DEBUG 16492 --- [   scheduling-1] org.hibernate.SQL                        : select tu1_0.id,tu1_0.amount,tu1_0.date,tu1_0.status,tu1_0.user_id from top_up tu1_0 where tu1_0.status=?
[SCHEDULER] Checking pending Top Up requests...
2026-08-14T02:54:45.281+07:00 DEBUG 16492 --- [   scheduling-1] org.hibernate.SQL                        : select tu1_0.id,tu1_0.amount,tu1_0.date,tu1_0.status,tu1_0.user_id from top_up tu1_0 where tu1_0.status=?
[SCHEDULER] Checking pending Top Up requests...
2026-08-14T02:54:45.282+07:00 DEBUG 16492 --- [   scheduling-1] org.hibernate.SQL                        : select tu1_0.id,tu1_0.amount,tu1_0.date,tu1_0.status,tu1_0.user_id from top_up tu1_0 where tu1_0.status=?
[SCHEDULER] Checking pending Top Up requests...
2026-08-14T02:54:45.283+07:00 DEBUG 16492 --- [   scheduling-1] org.hibernate.SQL                        : select tu1_0.id,tu1_0.amount,tu1_0.date,tu1_0.status,tu1_0.user_id from top_up tu1_0 where tu1_0.status=?
[SCHEDULER] Checking pending Top Up requests...
2026-08-14T02:54:45.285+07:00 DEBUG 16492 --- [   scheduling-1] org.hibernate.SQL                        : select tu1_0.id,tu1_0.amount,tu1_0.date,tu1_0.status,tu1_0.user_id from top_up tu1_0 where tu1_0.status=?
[SCHEDULER] Checking pending Top Up requests...
2026-08-14T02:54:45.286+07:00 DEBUG 16492 --- [   scheduling-1] org.hibernate.SQL                        : select tu1_0.id,tu1_0.amount,tu1_0.date,tu1_0.status,tu1_0.user_id from top_up tu1_0 where tu1_0.status=?
[SCHEDULER] Checking pending Top Up requests...
2026-08-14T02:54:45.287+07:00 DEBUG 16492 --- [   scheduling-1] org.hibernate.SQL                        : select tu1_0.id,tu1_0.amount,tu1_0.date,tu1_0.status,tu1_0.user_id from top_up tu1_0 where tu1_0.status=?
[SCHEDULER] Checking pending Top Up requests...
2026-08-14T02:54:45.288+07:00 DEBUG 16492 --- [   scheduling-1] org.hibernate.SQL                        : select tu1_0.id,tu1_0.amount,tu1_0.date,tu1_0.status,tu1_0.user_id from top_up tu1_0 where tu1_0.status=?
[SCHEDULER] Checking pending Top Up requests...
2026-08-14T02:54:45.290+07:00 DEBUG 16492 --- [   scheduling-1] org.hibernate.SQL                        : select tu1_0.id,tu1_0.amount,tu1_0.date,tu1_0.status,tu1_0.user_id from top_up tu1_0 where tu1_0.status=?
[SCHEDULER] Checking pending Top Up requests...
2026-08-14T02:54:45.291+07:00 DEBUG 16492 --- [   scheduling-1] org.hibernate.SQL                        : select tu1_0.id,tu1_0.amount,tu1_0.date,tu1_0.status,tu1_0.user_id from top_up tu1_0 where tu1_0.status=?
[SCHEDULER] Checking pending Top Up requests...
2026-08-14T02:55:09.399+07:00 DEBUG 16492 --- [   scheduling-1] org.hibernate.SQL                        : select tu1_0.id,tu1_0.amount,tu1_0.date,tu1_0.status,tu1_0.user_id from top_up tu1_0 where tu1_0.status=?
[SCHEDULER] Checking pending Top Up requests...
2026-08-14T02:56:09.389+07:00 DEBUG 16492 --- [   scheduling-1] org.hibernate.SQL                        : select tu1_0.id,tu1_0.amount,tu1_0.date,tu1_0.status,tu1_0.user_id from top_up tu1_0 where tu1_0.status=?
[SCHEDULER] Checking pending Top Up requests...
2026-08-14T02:57:09.401+07:00 DEBUG 16492 --- [   scheduling-1] org.hibernate.SQL                        : select tu1_0.id,tu1_0.amount,tu1_0.date,tu1_0.status,tu1_0.user_id from top_up tu1_0 where tu1_0.status=?
[SCHEDULER] Checking pending Top Up requests...
2026-08-14T02:58:09.392+07:00 DEBUG 16492 --- [   scheduling-1] org.hibernate.SQL                        : select tu1_0.id,tu1_0.amount,tu1_0.date,tu1_0.status,tu1_0.user_id from top_up tu1_0 where tu1_0.status=?
[SCHEDULER] Checking pending Top Up requests...
2026-08-14T02:59:09.387+07:00 DEBUG 16492 --- [   scheduling-1] org.hibernate.SQL                        : select tu1_0.id,tu1_0.amount,tu1_0.date,tu1_0.status,tu1_0.user_id from top_up tu1_0 where tu1_0.status=?
[SCHEDULER] Checking pending Top Up requests...
2026-08-14T03:00:09.390+07:00 DEBUG 16492 --- [   scheduling-1] org.hibernate.SQL                        : select tu1_0.id,tu1_0.amount,tu1_0.date,tu1_0.status,tu1_0.user_id from top_up tu1_0 where tu1_0.status=?
[SCHEDULER] Checking pending Top Up requests...
2026-08-14T03:01:09.398+07:00 DEBUG 16492 --- [   scheduling-1] org.hibernate.SQL                        : select tu1_0.id,tu1_0.amount,tu1_0.date,tu1_0.status,tu1_0.user_id from top_up tu1_0 where tu1_0.status=?
[SCHEDULER] Checking pending Top Up requests...
2026-08-14T03:02:09.389+07:00 DEBUG 16492 --- [   scheduling-1] org.hibernate.SQL                        : select tu1_0.id,tu1_0.amount,tu1_0.date,tu1_0.status,tu1_0.user_id from top_up tu1_0 where tu1_0.status=?
[SCHEDULER] Checking pending Top Up requests...
2026-08-14T03:03:09.395+07:00 DEBUG 16492 --- [   scheduling-1] org.hibernate.SQL                        : select tu1_0.id,tu1_0.amount,tu1_0.date,tu1_0.status,tu1_0.user_id from top_up tu1_0 where tu1_0.status=?
[SCHEDULER] Checking pending Top Up requests...
2026-08-14T03:04:09.403+07:00 DEBUG 16492 --- [   scheduling-1] org.hibernate.SQL                        : select tu1_0.id,tu1_0.amount,tu1_0.date,tu1_0.status,tu1_0.user_id from top_up tu1_0 where tu1_0.status=?
[SCHEDULER] Checking pending Top Up requests...
2026-08-14T03:05:09.386+07:00 DEBUG 16492 --- [   scheduling-1] org.hibernate.SQL                        : select tu1_0.id,tu1_0.amount,tu1_0.date,tu1_0.status,tu1_0.user_id from top_up tu1_0 where tu1_0.status=?
[SCHEDULER] Checking pending Top Up requests...
2026-08-14T03:06:09.406+07:00 DEBUG 16492 --- [   scheduling-1] org.hibernate.SQL                        : select tu1_0.id,tu1_0.amount,tu1_0.date,tu1_0.status,tu1_0.user_id from top_up tu1_0 where tu1_0.status=?
[SCHEDULER] Checking pending Top Up requests...
2026-08-14T03:07:09.407+07:00 DEBUG 16492 --- [   scheduling-1] org.hibernate.SQL                        : select tu1_0.id,tu1_0.amount,tu1_0.date,tu1_0.status,tu1_0.user_id from top_up tu1_0 where tu1_0.status=?
[SCHEDULER] Checking pending Top Up requests...
2026-08-14T03:08:09.401+07:00 DEBUG 16492 --- [   scheduling-1] org.hibernate.SQL                        : select tu1_0.id,tu1_0.amount,tu1_0.date,tu1_0.status,tu1_0.user_id from top_up tu1_0 where tu1_0.status=?
[SCHEDULER] Checking pending Top Up requests...
2026-08-14T03:09:09.388+07:00 DEBUG 16492 --- [   scheduling-1] org.hibernate.SQL                        : select tu1_0.id,tu1_0.amount,tu1_0.date,tu1_0.status,tu1_0.user_id from top_up tu1_0 where tu1_0.status=?
[SCHEDULER] Checking pending Top Up requests...
2026-08-14T03:10:09.394+07:00 DEBUG 16492 --- [   scheduling-1] org.hibernate.SQL                        : select tu1_0.id,tu1_0.amount,tu1_0.date,tu1_0.status,tu1_0.user_id from top_up tu1_0 where tu1_0.status=?
[SCHEDULER] Checking pending Top Up requests...
2026-08-14T03:11:09.389+07:00 DEBUG 16492 --- [   scheduling-1] org.hibernate.SQL                        : select tu1_0.id,tu1_0.amount,tu1_0.date,tu1_0.status,tu1_0.user_id from top_up tu1_0 where tu1_0.status=?
[SCHEDULER] Checking pending Top Up requests...
2026-08-14T03:12:09.394+07:00 DEBUG 16492 --- [   scheduling-1] org.hibernate.SQL                        : select tu1_0.id,tu1_0.amount,tu1_0.date,tu1_0.status,tu1_0.user_id from top_up tu1_0 where tu1_0.status=?
[SCHEDULER] Checking pending Top Up requests...
2026-08-14T03:13:09.404+07:00 DEBUG 16492 --- [   scheduling-1] org.hibernate.SQL                        : select tu1_0.id,tu1_0.amount,tu1_0.date,tu1_0.status,tu1_0.user_id from top_up tu1_0 where tu1_0.status=?
